:020000040800F2
:10000000F8BF0120190102081F2905080D2905085C
:10001000212905082D2905083929050800000000B7
:100020000000000000000000000000004529050855
:100030004729050800000000E93D0508013E0508C4
:1000400001000208C5290508D1290508D929050894
:10005000BF8E050801000208618105086781050857
:100060006D81050873810508798105080D5B050818
:100070001D5B05082D5B05083D5B05084D5B05080C
:100080005D5B05086D5B05080100020800000000CB
:100090000000000000000000000000007F81050853
:1000A000ED290508F3290508052A05080B2A050886
:1000B000112A0508172A05081D2A0508AD6005083C
:1000C000C9600508E560050801610508010002082E
:1000D000010002083D2A0508432A05080000000027
:1000E000A3810508CB290508552905080000000053
:1000F0000000000000000000000000007D5B05081B
:100100000000000001000208252A0508010002087D
:1001100000000000000000000000000000000000DF
:100120008D5B05089D5B0508AD5B0508BD5B05089B
:10013000CD5B05080000000000000000000000008A
:100140000000000000000000000000004929050830
:10015000DD5B0508ED5B0508FD5B0508492A050820
:100160001D6105083961050800000000000000005D
:10017000000000000000000000000000000000007F
:100180000000000001000208000000000000000064
:08019000010002080100020851
:10019800006870470B0A017043700B0C090E8370DE
:1001A800C1707047036A0239023B8B4283BFC3891F
:1001B800406B01FB030000207047034600F10B0170
:1001C8000020C20142EA500213F8010B50FA82F2F1
:1001D8008B42D0B2F5D1704737B50D46044620B9E9
:1001E800092000232B6003B030BD0368002BF7D033
:1001F8005A79002AF4D081885A899142F0D1186836
:100208000DF10702062102F0E9FA9DF8073003F024
:100218000103034313F0FF00E2D12368E2E738B596
:10022800C3790446C3B100F13C05826B0068012321
:10023800294602F0BEFA88B9A16BE36A626AE071E6
:10024800CB1A934208D2A379022B05D10A4420681D
:100258000123294602F0ADFA002038BD0120FCE751
:10026800F8B50446FFF7DBFF0546002842D163795D
:10027800032B37D1277A012F34D104F13C060146EC
:100288004FF40072304649F00BFF552384F83A3298
:10029800AA2384F83B3252234122722184F83C304D
:1002A80084F83D30612384F83E3084F8233284F8A2
:1002B8003F2084F8201284F8211284F82222A169B0
:1002C80004F50970FFF766FF616904F50A70FFF726
:1002D80061FFA26A20680132A2633B46314602F000
:1002E80068FA257200222068114602F077FA003871
:1002F80018BF0120F8BD2DE9F0470026D0F800907E
:100308008E75836907460C46002B7DD0C36A01337E
:100318005FD1F96900234D1E184615F8012F202AD0
:1003280000F101000DD0052A08BFE522092805D1F2
:100338000B2B9FBFE6182E2777720133E61801337F
:1003480072720B28E9D1E21800205072A27D002AAF
:100358004FD1002B44D004F1080308255A78581CC3
:10036800002A53D11B1B083B3DE0B8F1000F05D113
:1003780000F520539BB2B3F5006F13D340F2B511CB
:1003880040EA084043F02CFBFF28C5F1FF0A18D9C2
:10039800BAF1010F20D96319020A9A75D875022398
:1003A8001D44002002368046D9F81030985B00289A
:1003B800DBD1B8F1000F18BF002525440023AB7529
:1003C800A7E748B1BAF1000F08D06319987501235F
:1003D800E6E7B0463546E7E70025EAE75546E8E7A9
:1003E8003F23A3750123234400229A750B7B03B98D
:1003F8006372CB7A237201F11C00FFF7C9FE2060FB
:10040800CB8AE3800B8BA380BDE8F0872E2A1346A6
:1004180009D0413A192A03D80A7B154200D0203363
:10042800437303469AE71025FAE7C2F307238A764F
:10043800CB764379032B01BF120C0A75120A4A7551
:10044800704738B5836B8B4204460D460FD0FFF7D3
:10045800E6FE58B9206801232A4604F13C0102F05F
:1004680099F910B101204FF0FF35A56338BD002080
:10047800FCE7000038B50023C3714FF0FF338363F6
:100488000546FFF7DEFF044608BBB5F83A224AF6F0
:1004980055239A421DD195F83C2002F11803DBB28E
:1004A800012B01D9EB2A16D10C49032205F1720060
:1004B80049F022FE48B10A49052205F18E0049F0AB
:1004C8001BFE041E18BF01246400204638BD042406
:1004D800FBE70324F9E70224F7E700BF77E3050801
:1004E8007BE30508F0B5437987B0044601F0FE05C3
:1004F8008BB100680DF10702062102F06FF99DF833
:100508000730DE0707D40DB15C0702D4002007B01E
:10051800F0BD0A20FBE70023637120680DF1070294
:10052800052102F05BF99DF80730D80700F1ED804E
:100538000DB15907EDD400212046FFF79BFF022893
:10054800034603D0012824D8257975B302AA04F2FA
:10055800022304F24221174613F8040C10B118467E
:10056800FFF716FE10338B4242F8040BF4D12679BC
:1005780006B1013E57F826507DB129462046FFF7BF
:1005880079FF0346227952B9012B0ED90136032E81
:10059800F0D9042B07D10120B9E70323F2E7042B94
:1005A800F9D0012B01D90D20B1E7B4F84730B3F5E4
:1005B800007FF8D1B4F8521021B904F16000FFF7B8
:1005C800E7FD014694F84C3061625A1E012AA37176
:1005D800E9D894F84960E681002EE4D0721E3242D0
:1005E800E1D1B4F84D70A7813A07DCD1B4F84F00D7
:1005F80018B904F15C00FFF7CBFDB4F84A20002AD3
:10060800D1D001FB03FE02EB171CF4446045CAD3AA
:10061800A0EB0C00B042B0FBF6F3C4D33C488342D5
:10062800C1D84FF6F57083425DD840F6F576B342EF
:100638008CBF0226012602332A4405EB0C00032E48
:100648002362A562E26260634FD1B4F866203A4340
:10065800A9D104F16800FFF79BFD9B0003F2FF138B
:10066800B1EB532F20639ED34FF0FF33C4E905331A
:10067800032E4FF0800323722BD1B4F86C30012B7A
:1006880027D1691C2046FFF7DCFE10BBB4F83A22DC
:1006980020724AF655239A421BD104F13C00FFF719
:1006A80077FD1C4B984214D104F50870FFF770FDD4
:1006B80003F1FF5303F500532033984209D104F5A1
:1006C8000970FFF765FDA06104F50A70FFF760FD8A
:1006D8006061114A6671138801339BB2138063818C
:1006E8000023E36112E70326A5E7002F3FF45BAF81
:1006F800022E02EB0E004FEA43021BBFD21803F092
:100708000103134603EB5203A8E70320FFE600BFEB
:10071800F5FFFF0F52526141F004002001292DE935
:10072800F84305460C4616466ED9036A8B426BD9C8
:100738004379022B3FD0032B4FD0012B64D101EB1F
:100748005107C16A01EB5721FFF77BFE10B1012069
:10075800BDE8F88305F13C0807F10109C7F308076C
:1007680014F0010418BF18F80720F3B21EBF02F0F6
:100778000F0242EA0313DBB208F80730E96A0123E3
:10078800EB7101EB59212846FFF75BFE0028DED10B
:10079800C9F308023CB1C6F3071608F80260012342
:1007A800EB710020D4E718F80230C6F3032623F0D3
:1007B8000F031E43F1E7C16A01EB1421FFF741FE65
:1007C8000028C4D1640005F13C0304F4FF741A192D
:1007D8001E55C6F307265670E1E7C16A01EBD4112E
:1007E800FFF72FFE0028B2D1A40005F13C0304F462
:1007F800FE7423441846FFF7CBFC014666F31B0141
:100808001846FFF7C7FCCAE70220A1E7F8B5054676
:100818000E46FFF704FD0446A0B931462846FFF707
:10082800C1FC05F13C070646A8634FF40072214657
:10083800384649F035FCEB899C4205D3EB891C1BF3
:1008480018BF01242046F8BD28680123321939460B
:1008580001F0AFFF0028F1D10134ECE703284B8BFE
:1008680004BF8A8A43EA0243184670470129F8B54B
:1008780006460C464ED9036A99424BD24379022B5D
:1008880029D0032B34D0012B44D101EB5105C16A87
:1008980001EB5521FFF7D5FD10B14FF0FF30F8BD42
:1008A8006F1CF16AC5F30805354401EB5721304642
:1008B80095F83C50FFF7C5FD0028EED1C7F30807AF
:1008C800374497F83C3045EA0320E3074CBF00095A
:1008D800C0F30B00E3E7C16A01EB1421FFF7B1FD98
:1008E8000028DAD1640004F4FF743444A08FD6E7FA
:1008F800C16A01EBD411FFF7A4FD0028CDD1A400F3
:1009080006F13C0004F4FE742044FFF741FC20F09B
:100918007040C4E70120C2E7F8B50C46012C056811
:10092800064611462BD92B6AA34228D92AB14FF083
:10093800FF322846FFF7F2FE38B921463068FFF744
:1009480095FF2746044608B90020F8BD012816D0AF
:10095800431C16D0002239462846FFF7DFFE002840
:10096800F3D12A6AAB69911E8B4205D20133AB6180
:100978002B7A43F001032B72A242DED8E4E702206F
:10098800E3E70120E1E72DE9F843056881460F46D2
:1009980049B96E69C6B12B6AB34298BF0126AB69E3
:1009A800A3B9002406E02846FFF760FF01280446A3
:1009B80003D801242046BDE8F883421C54D02B6A92
:1009C8008342F7D83E46EAE70126E8E7BE4216D159
:1009D8002B6AD9F80000741C9C4228BF02242146C7
:1009E800FFF744FF0128E4D0431C3DD0F0B1D5F80F
:1009F8001480B8F1010F02D92B6A434500D8B046DC
:100A080044462B6A0134A34203D8B8F1010FC8D079
:100A18000224D9F800002146FFF728FF40B1012839
:100A2800C7D0013020D04445EBD1BAE7002CE6D03E
:100A38004FF0FF3221462846FFF770FE90B957B9AC
:100A48002A6AAB696C61023A934210D92B7A43F057
:100A580001032B72AEE7224639462846FFF75EFEB1
:100A68000028EDD00128A4D14FF0FF34A2E7013BC4
:100A7800AB61EBE72DE9F843076906682037B7F55E
:100A8800001F24BF0023836183690446894673B12C
:100A9800C7F30808B8F1000F39D141690133836100
:100AA80041B9B389B3EB571F31D80023A3610420A0
:100AB800BDE8F883F389013B13EA572327D1304671
:100AC800FFF7D4FE0128054601D80220F0E7421CB2
:100AD80001D10120ECE7336A834212D8B9F1000F43
:100AE800E3D061692046FFF74EFF0546A8B101280B
:100AF800EBD0431CEDD001463046FFF787FE0028B7
:100B0800E7D1656129463046FFF74CFBA0613C36CA
:100B180046442761E6610020CAE70720C8E70000CD
:100B28002DE9F047FF25076880460E46A9460424AC
:100B3800D8F8181019B9002C74D004245BE0384692
:100B4800FFF77FFC0446002855D1D8F81C0001782F
:100B58000029F2D0C37AE52903F03F0388F806306C
:100B68004FD02E294DD023F02002A2F1080CDCF141
:100B7800000242EB0C02B24243D10F2B47D14C0684
:100B88003DD5D8F81030457BC8F82C3001F0BF01AE
:100B9800437BAB4235D1428B9ABB0378D7F810C060
:100BA800DFF8889023F040030D24013B63434FF6A0
:100BB800FF7A012419F801EB30F80EE024B3FF2B7B
:100BC8001FD82CF813E07446013301320D2AF1D1F5
:100BD8000278520605D524B1FF2B12D800222CF832
:100BE80013204B1E5FFA83F900214046FFF742FFAE
:100BF800044600289CD00023C8F8183012E0894524
:100C0800C6D04FF0FF09EFE7D645DED0F9E7B9F1D6
:100C1800000F03D1FFF7D1FAA84203D04FF0FF33FA
:100C2800C8F82C302046BDE8F08700BFAA8906081E
:100C3800B1F5001FF8B506460C4601D30220F8BDF1
:100C4800CA06FBD1826805680161BAB96B79022BC3
:100C580001D92B6B9BB9AB89B3EB541FEED9286B29
:100C6800C6E905200028E9D000EB54203C35C4F340
:100C780008042544B061F5610020E0E71346EF89D8
:100C88001A467F02BC42114603D22846FFF78AFA69
:100C9800E6E73068FFF7EAFD431C024606D0012864
:100CA800CCD92B6A8342C9D9E41BEBE70120C6E7FC
:100CB800F8B50E46002107680446FFF7B9FF68B982
:100CC8000546A1693846FFF7BCFB38B9E3691B78CC
:100CD800E52B00D01BB90135B54201D1F8BD054659
:100CE80001212046FFF7C6FE0028EAD0042808BFE5
:100CF8000720F3E7C16A4B1C2DE9F0410568066936
:100D0800044618D1E5274FF00108A1692846FFF7E6
:100D180098FBA0B9E3691F7085F807802369B3427F
:100D28000DD201462046FFF7A5FE0028EDD0042885
:100D380008BF022003E0FFF77BFF0028E2D0BDE8F0
:100D4800F08100002DE9F04F002187B0D0F800A015
:100D58000446FFF76DFF0546002840F08A804FF0F3
:100D6800FF394FF0FF0804F12003C4F82C90C34664
:100D78000293A1695046FFF764FB0546002878D125
:100D8800E6693778002F78D0F27AE52F02F03F0332
:100D9800A37103D0100758D50F2B02D0C4F82C909C
:100DA8004BE094F82B3059063DD47A0643D5236995
:100DB80096F80D80E36207F0BF07737B43453CD18B
:100DC800738B002B39D13578DAF810B005F03F0570
:100DD8000D23013D5D432A4B012113F8012BB25A23
:100DE80071B3FF2D059328D81046049242F02AFECD
:100DF8006B1C03903BF81500019342F023FE039906
:100E080081421AD1049A019D059B11461D4A9A42B6
:100E1800E3D133785B0603D511B13BF8153063B9DC
:100E2800013F5FFA87FB00212046FFF723FE0546B6
:100E380000289ED01DE0BB45BFD04FF0FF0BF2E766
:100E48004FF6FF708242E1D0F7E7BBF1000F04D103
:100E58003046FFF7B2F940450BD094F82B5015F007
:100E680001059BD102990B22304649F045F900282B
:100E780094D1284607B0BDE8F08F0425F9E700BFF4
:100E8800AA890608B78906082DE9F04F90F82B3093
:100E980013F0A00889B0054640F0E6800768396974
:100EA80031F81820002A70D105F1200696E80700CD
:100EB8000DF1140A8AE80700DA0740F1DC804022C5
:100EC800864C85F82B204FF0010B9AE80700B446B2
:100ED800D7F810E0ACE803002CF8022BBBF1050FA3
:100EE8004FEA12428CF8002062D9AEF102005A464D
:100EF80030F8021F00294BD1D446072102F00F0E0B
:100F08000EF13000392888BF0EF137000F2A0CF88F
:100F1800010D01F1FF314FEA12104BD801F1200207
:100F28006A447E2002F8140C05F11F008446002252
:100F3800914206D01CF801EFBEF1200F02F1010921
:100F48003AD107299CBF01F1200CEC4402F10102BF
:100F580096BF1CF814CC4FF0200C0131072A00F87A
:100F680002C0EED928460193FFF7ECFE019B8146AB
:100F780000287CD10BF1010BBBF1640FA5D14FF018
:100F88000709484609B0BDE8F08F08F1010887E76E
:100F98004FF0100C01F0010E0EEB420212F4803FEC
:100FA80018BF6240BCF1010C4FEA5101F2D19FE732
:100FB8005A46A1E70246A1E74A46B9E72969284601
:100FC800A1EB4411FFF734FE81460028D9D1304601
:100FD800FFF7F3F84FF6FF780190A9693846FFF755
:100FE80030FA81460028CCD1EB69019AD7F810E095
:100FF8005A73E1B24FF00F024FF00D0CDA72DFF8BE
:10100800E0A018734A1E0CFB02F29876D876844644
:101018001AF8019B404518BF3EF8120003F8090072
:1010280003EB090B0CF1010C18BF01324FEA102930
:10103800002808BF4046BCF10D0F8BF80190E7D19E
:10104800404502D03EF812200AB941F0400119701B
:101058000123FB7100212846FFF70CFD814600287B
:101068008FD1013CB9D11AE04FF0060989E704286D
:1010780087D185F82B309B0745BF08F10C040D2359
:101088000124B4FBF3F448BF013421462846FFF796
:101098000FFE814600287FF474AF013C8ED1A96908
:1010A8003846FFF7CEF9814600287FF46AAF01463B
:1010B8002022E86948F0F4FF03CEEB691860596014
:1010C800B278318819819A7295F82B30EA6903F061
:1010D800180313730123FB7153E700BF21100100AC
:1010E800AA8906082DE9F04F85B0036801930B78AB
:1010F8002F2B0646884601D05C2B0AD1424613782E
:101108002F2B904602F10102F9D05C2BF7D0002377
:1011180001E0019BDB69B36098F800301F2B00F2F7
:10112800FE8080230021304686F82B3005B0BDE8CC
:10113800F04FFFF77DBD2F2811D05C280FD07F28F6
:1011480007D8AA4A12F8013B1BB19842FAD10620E7
:10115800D1E0FF2DFBD02AF815000135E3E0424627
:1011680013782F2B904602F10102F9D05C2BF7D0AF
:101178000024E6E0022D04D1BAF802302E2B00F04C
:10118800E3800AEB450306E033F8022D202A01D05C
:101198002E2A02D1013D002DF6D14FF000032AF886
:1011A80015300AEB4502002DD1D000213AF8110084
:1011B80020280B4601F10101F8D00BB92E2802D1E5
:1011C80044F00304E4B232F8021D2E2901D0013D97
:1011D800F9D14FF020324FF0000972623262C6F83E
:1011E80027204FF0080B4F463AF813005A1C0028E6
:1011F80000F0E480202804D02E2807D1AA4200F06D
:10120800D18044F00304E4B21346EDE7D94580F0F9
:10121800CC80AA4212D1BBF10B0F07D1C9E0AA4278
:1012280004D044F00304E4B200F2C880BF00FFB267
:101238002A464FF00B0B4FF00809E5E77F2837D90E
:1012480044F00203DBB240F2B5110392029342F07C
:10125800C7FB10F0800FDDE902320FD0644900F0BF
:101268007F00085C28B1634C14F8011B11B3884255
:10127800FAD143F00303DBB25F2011E0FF28F1D974
:101288000BF1FF31894504D344F00304E4B2D94695
:10129800BAE706EB0901040A81F8204009F10109BF
:1012A80006EB09011C4681F8200009F10109ABE7AA
:1012B8002346D8E7A0F1410189B2192902D847F09D
:1012C8000207EDE7A0F1610189B219299EBF203814
:1012D80047F0010780B2E3E7A5074BD407F0010305
:1012E80044EA0313DCB2780748BF44F0080441E03D
:1012F800002A08BF052005B0BDE8F08F5A074DD475
:10130800B379DB064CD5019B03F13C013369C3F388
:1013180008031944019B5879FFF7A0FAB0603368B5
:10132800D3F810A0002518F8010B48B140F2B51108
:1013380042F074FB00283FF40AAF1F283FF6FBAECB
:101348000424012D7FF416AFBAF800302E2B7FF459
:1013580018AF00232AF8153006F11F029D4294BFEA
:1013680020212E2101330B2B02F8011FF6D144F066
:101378002004E4B286F82B403046FFF7E3FC96F8E9
:101388002B300028BAD00428B5D1990603F00402FE
:10139800AED5002AC3D0802386F82B300020AAE7D8
:1013A8000520A8E7D945FFF436AFBBF10B0F7FF452
:1013B80036AF44F00304E4B24FF00B0B96F820303C
:1013C800E52B04BF052386F82030BBF1080F04BFC6
:1013D800BF00FFB207F00C030C2B04D007F0030387
:1013E800032B7FF479AF44F00204C2E781E30508D8
:1013F8002A8906088AE3050800214171FFF772B8B7
:101408002DE9F0470546ADF50C7D924699460C4608
:10141800002900F0C18003F03F084146FFF762F859
:101428000746002840F0B0800CAB2B615146684657
:101438006E460095FFF756FE20B99DF92B30002B1C
:10144800B8BF062019F01C0F00F0838000283FD099
:10145800042840F099803046FFF716FD002840F038
:10146800938048F00808D6F81CA068795146FFF721
:10147800F5F9814657F04AFF01460AF10E00FEF7DA
:1014880089FEF3692022DA72F16900222846FEF704
:10149800CCFFF36900221A775A779A77DA77012313
:1014A800EB71B9F1000F10D049463046D5F838A095
:1014B800FFF732FA002867D151462846FEF7C1FFE8
:1014C80009F1FF336B6100285ED148F0400809E05C
:1014D800B37913F0110F45D119F0040F53D119F056
:1014E800080FC0D1AB6BF169236261626879FFF7BD
:1014F800B5F9A060034601F11C00FEF749FE6A89B0
:10150800A28018F0200F4FF000020646E060256028
:1015180084F810806274E261626115D0A0B1B5F8F8
:101528000E8060614FEA4828B0451DD30020A361B2
:1015380050BBC6F308023AB119462846FEF732FEF8
:1015480040B300EB5620E06138460DF50C7DBDE850
:10155800F087C8B9B379D8061AD419F0020FC1D0E8
:10156800D907BFD507200FE019462068FFF77EF995
:1015780001280346A6EB080603D9421CD4D1012052
:10158800D5E70220D3E70820002323600746DBE7DE
:101598000420F9E70220F7E70927D5E72DE9F04FFE
:1015A8009A4685B000238946CAF8003003A9044644
:1015B8001546FEF711FE002840F0868094F8118049
:1015C800B8F1000F1FD194F810B01BF0010300937D
:1015D8007DD0E6686369F61AAE4228BF2E4696B1FA
:1015E8006269039FC2F30803002B55D1FB89013BB5
:1015F80013EA522B18D152B9A06801280CD84FF021
:10160800020884F81180404605B0BDE8F08FA16952
:101618002068FFF72BF9F0E7431C04D10123DDF81C
:1016280000806374EFE7A061A1693846FEF7BAFD50
:101638000028E4D0B6F5007F0BEB00022BD3F98924
:1016480001920BEB562088424FEA562588BFA1EB42
:101658000B0538682B46494601F09CF80028DDD177
:10166800FB7963B1B86B019A801AA84207D24FF48C
:10167800007207F13C0109EB402048F0CDFC6D02F7
:10168800DAF800302B44CAF8003063692B44761B23
:10169800A9446361A3E7E2616569E169C5F30805E7
:1016A800C5F50075B542384628BF3546FEF7C9FE70
:1016B8000028B3D161693C37C1F308012A4639448F
:1016C800484648F0A9FCDBE74FF009089BE74FF0D4
:1016D800070898E72DE9F04F9A4685B00023894618
:1016E800CAF8003003A904469046FEF775FD0028A5
:1016F80040F0A980677C1FBB237C9A0740F1A58036
:10170800636913EB080F01D36FEA0308B8F1000F00
:1017180012D06369039EC3F30802002A77D1F589C2
:10172800013D15EA53251ED173B9A16871B9204648
:10173800FFF729F9014648B9237C43F04003237495
:10174800384605B0BDE8F08FA169F0E7012902D15C
:1017580002276774F4E74B1C01D10127F9E7A36856
:10176800A16103B9A160B26BE3699A4204D1304622
:10177800FEF755FD0028F0D1A1693046FEF712FDAD
:101788000028E5D0B8F5007F05EB000B32D3F189CE
:1017980005EB582088424FEA5823306888BF4B1B16
:1017A8005A464946019301F004F805460028D4D169
:1017B800B16B019BA1EB0B01994209D24FF4007266
:1017C80009EB412106F13C0048F026FC019BF5712C
:1017D8005D02DAF800302B44CAF800306369A8EBE0
:1017E8000508A9441D44E3686561AB422CBFE3606A
:1017F800E5608BE76169E368994206D33046FEF7F6
:101808000EFD0028A9D1C6F838B0C4F81CB0656927
:10181800E169C5F30805C5F500754545304628BF9B
:101828004546FEF70EFE002897D1636906F13C0095
:10183800C3F3080318442A46494648F0EDFB4FF025
:101848000103F371C5E709277AE7072778E72DE948
:10185800F34101A90546FEF7BFFC88BB2C7C14F0B8
:10186800400429D057F052FD019F296A8046384626
:10187800FEF7E7FD0446F8B96E6AF37A43F02003F1
:10188800F372AA6828683146FEF7CFFDE96806F1C9
:101898001C00FEF77FFC414606F11600FEF77AFCB5
:1018A8000123B474F4743846FB71FEF7D9FC2B7C21
:1018B80023F0400304462B74204602B0BDE8F081B3
:1018C8000924F9E713B50446FFF7C1FF28B901A9B0
:1018D8002046FEF781FC10B9206002B010BD092037
:1018E800FBE7F0B50F46ADF50D7D00210546FEF787
:1018F800F9FD044670B90CAB2B6139466846009572
:10190800FFF7F0FB044698B99DF92B30002B05DA58
:10191800029BEB6120460DF50D7DF0BD9DF806306C
:10192800DB0609D507996879FEF798FFE861F1E7C2
:10193800042808BF0524EDE70524EBE72DE9F04F5F
:101948000D460021ADF5557D297006461746FEF770
:10195800C9FD019000BB54ABD6F81C9033610DF162
:1019680008083C46C8F80060B9F1000F1BD1BC421A
:1019780002D1013C2F232B552B46611B1A5D03F81E
:10198800012B5A189742F9D87B1E1B1B0134A7421A
:1019980038BF002301351D44019800232B700DF535
:1019A800557DBDE8F08F20214046C8F81CB0C8F826
:1019B8000890FFF73DF9D8F81CB08246C0BBD8F8AC
:1019C80018103046FEF73DFD824688BB70795946AF
:1019D800FEF744FF5146C8F808004046FFF728F9CB
:1019E800D8F80830D8F81C10824608BBC8F81C1074
:1019F80040460021C8F80830FFF792F8D8F81CB024
:101A0800824680B970795946FEF728FF48451ED0AE
:101A180051464046FFF72EF8D8F80830D8F81C1081
:101A280082460028E2D0BAF1040F08BF4FF0020A3C
:101A3800CDF804A0B0E7013B0EAA02EB030C9CF81A
:101A480016C000F801CD15E04FF0110AF0E7404646
:101A58000EA9D8F80890FEF74EFC0DF14D0053463C
:101A680010F8012F19460133002AF9D19C42EBD313
:101A780028190B46002BDED1631E5C1A2B445B1A17
:101A88002F21197070E72DE9F7430D4601A9044687
:101A9800FEF7A2FB00287DD1667C002E51D1E368B9
:101AA800AB4204D2227C12F0020F08BF1D4600226E
:101AB800636962619DB90020E2686369934282BFED
:101AC800227CE36042F04002C3F3080388BF22741B
:101AD800002B36D0E369834233D0E06131E0DDF892
:101AE8000480B8F80E707F027BB1013B6A1EB3FB1D
:101AF800F7F1B2FBF7F28A4207D37A421340A169A1
:101B08006361ED1A0029D6D002E0A16889B1A1610C
:101B1800BD42636920D863692B446361C5F3080338
:101B2800002BC8D04046FEF73DFB40B100EB5520E6
:101B3800C2E72046FEF727FF0128014605D1022605
:101B48006674304603B0BDE8F083481C01D1012615
:101B5800F6E7A160A161D5E73B446361237C9A075E
:101B6800A5EB070906D52046FEF70DFF054628B95F
:101B78000146D0E72068FEF779FE05466B1CE6D0E3
:101B8800012DDCD9D8F82030AB42D8D9A561294637
:101B98004D46BDE70926D4E770B50546ADF5007D8D
:101BA80016460C4649B30021FEF79CFCD0B92560C7
:101BB8003146C5F810D02046FFF794FAB8B994F921
:101BC8002B30002B07DBA379DB0614D56879E16994
:101BD800FEF744FEA0606B89A38000212046FFF732
:101BE80027F808B1002323600DF5007D70BD042897
:101BF80008BF0520F6E70520F4E70920F4E713B548
:101C080001A90446FEF7E8FA00B9206002B010BD49
:101C180070B5ADF5027D01AE0D4631460446FEF7BE
:101C2800DBFA0146F8B93DB9294620460DF5027D93
:101C3800BDE87040FEF7FCBF336802AA1A6120466F
:101C4800FEF76EFF10F0FB060AD129462046FEF784
:101C580052FB31462046FEF70DFF042808BF00203E
:101C68000DF5027D70BD0920FAE72DE9F04188469F
:101C7800ADF50C7D002107461646FEF733FC0097AC
:101C8800044680B90CAB3B6141466846FFF72AFA27
:101C9800044640B99DF92B30002B09DB1EB13146B3
:101CA8006846FEF728FB20460DF50C7DBDE8F0815F
:101CB8000624F8E72DE9F84F884600210446FEF788
:101CC80011FC054640B9D4F820A0A369AAF1020284
:101CD800934204D8C8F800302846BDE8F88F6379E5
:101CE800012B17D10227064639462046FEF7BEFDCE
:101CF800431C34D0012834D000B90136236A013797
:101D0800BB42F1D8C8F80060237AA66143F001030A
:101D18002372E1E7E16A0746064604F13C0937B950
:101D2800204601F1010BFEF78CFBE0B959466379B7
:101D3800022B0AD1E3199B8F03B901360237BAF196
:101D4800010AC7F30807EAD1DCE709EB0700FEF749
:101D58001FFA30F0704308BF01360437EFE701255A
:101D6800D0E70225CEE70546CCE72DE9F0410F463E
:101D7800ADF5187D02210546FEF7B4FB0446A8B967
:101D880018AB2B61394668460095FFF7ABF96E46EC
:101D9800044658B99DF82B309A0641D41B063FD407
:101DA8009DF8068018F0010F05D0072420460DF590
:101DB800187DBDE8F08107996879FEF74FFD18F0A6
:101DC800100F07460BD13046FEF794FF0446002853
:101DD800ECD1E7B92846FEF743FA0446E6E7EB6993
:101DE8008342E2D00DF130080E90214640460C9512
:101DF800FEF71EFF04460028D8D101464046FEF7EC
:101E08008FFE04460028D0D00428CFD1DBE7024655
:101E180039463046FEF780FD04460028C6D1D9E78A
:101E28000624C3E72DE9F0470E46ADF5107D0221E3
:101E38000546FEF757FB044600286FD104AF10ABE8
:101E48002B61314638463D60FFF74CF904460028BF
:101E580073D0042862D197F82B1011F020016ED1AD
:101E680068460095FEF78FFDE946064600285AD0D9
:101E780001285AD0431C5C425C4157F047FA80461F
:101E8800002C54D131462846FEF7C0FC04460028F1
:101E98004DD14FF02033C5F83D30C5F84130A5F895
:101EA80045302E2385F83C30102385F847304146CD
:101EB80005F1520005F13C04FEF76CF93246214663
:101EC8002846FEF7B2FA05F15C031A4651F8040BEE
:101ED80042F8040B9942F9D12E23BA6885F85D308F
:101EE80028464FF0010AFEF7A0FA85F807A0384601
:101EF800FEF7CAFF0446D0B9F86941461630FEF726
:101F080049F93246F9692846FEF78FFAFB6910222B
:101F1800DA7285F807A0FEF7A3F9044620460DF506
:101F2800107DBDE8F0870724A7E70224A5E7002273
:101F380031464846FEF7F0FCF0E70824EEE70624B1
:101F4800ECE72DE9F0430E46ADF5217D022104466C
:101F58009146FEF7C7FA002840F0828008AD20AB12
:101F68002361314600232846AB602C60FFF7BAF89E
:101F7800002875D195F82B3013F0A00F74D1EE69B5
:101F8800D5F8088033466F4606F1200C1868596862
:101F98003A4603C2083363451746F7D1AE46BEE852
:101FA8000F00F77A14AEB446ACE80F00BEE80F0095
:101FB800ACE80F009EE80F008CE80F004946304659
:101FC800FFF790F840B9B368434503D132692B69EC
:101FD8009A4203D0082043E0042841D13046FEF756
:101FE80053FF00283CD1F1690DF10D0301F10D02F9
:101FF8000DF11D0053F804CB42F804CB8342F9D10C
:10200800188810809B789370FA0658BF47F020070D
:10201800CF720127E771CB7ADB061AD5B36843453F
:1020280017D06079FEF71AFC01462046FEF7BAF889
:102038000146D8B12046FEF704FA88B994F85D3015
:102048002E2B06D1B26804F15C012046FEF7EDF9AB
:10205800E7712846FEF74EFE10B92046FEF700F954
:102068000DF5217DBDE8F0830620F9E70220F7E7AA
:102078002DE9F041884692B002210746FEF732FA70
:10208800044698BB4FF0203301936D460093CDF87A
:10209800073008F1FF38064618F8010F1F281FD827
:1020A8009DF80030E52B20D01EB1731EEA5C202A73
:1020B80034D0002106A806970891FEF7B9FD04461A
:1020C800A0B9012106A8FEF72BFD90BB0D9B3EB3DE
:1020D80003CD186059602988AA789A72198121E07D
:1020E80040F2B51141F09AFC20B90624204612B0FE
:1020F800BDE8F08141F0A6FC40F2B51141F070FC5A
:102108000028F2D01D4A12F8013B13B19842FAD1C7
:10211800EBE7FF2822D80B2E29D1E6E71E46C3E7B6
:10212800E5221A700123FB713846FEF799F8044638
:10213800DCE70428FBD1002ED8D0012106A8FEF741
:10214800B7FD04460028D1D1202201460D9847F05A
:10215800A7FF0D9B0822DA720D9BB9E7092EC4D898
:1021680006F148036B44020A03F8482C013606F1CD
:1021780048036B44013603F8480C8DE718890608B4
:102188002DE9F04FD0F800908BB01C460023437126
:10219800039103790293154605210DF11F02484664
:1021A80000F01CFB9DF81F30DE0700F15182580734
:1021B80000F1508208AA0321484600F00FFB30B90D
:1021C800089A531EB3F5004F01D21A4201D00123D9
:1021D80008935DB19F4BA5F500729A4203D913206D
:1021E8000BB0BDE8F08F6B1E2B42F8D1002C00F02D
:1021F8003382149BB3F5007FC0F02E82029B002B24
:1022080000F09D80012300222146484600F0C2FAD2
:10221800002840F0B782B4F8FE214AF655239A42C6
:1022280001D00E20DCE7029B04EB031202F5D77302
:1022380092F8B221002AF4D003F10800FDF7A8FFB4
:10224800804603F10C00FDF7A3FF8246BAF1150F93
:10225800CDF824A0E5D9B5F5813FC0D2039B13F092
:1022680002030593039B00F0818003F00703022B10
:1022780000F08180039B03F00103C3F10303DBB289
:10228800089A032B4FEA552502F1FF3CC2F1000ED4
:1022980040F08980002D50D16F4A4FEA5A410125FC
:1022A80032F8023B13B18B4267D90023BAFBF5F22F
:1022B8006A499600A2F57F42F63A06F207268A4254
:1022C8004FEA5626ADD8002201924FF0200B032783
:1022D80008EB0B020092019AB11808EB0B021144AB
:1022E800032F01EB0C0208BF009802EA0E02A2EBD2
:1022F800010206BF80189344B618C8EB05120A44B9
:1023080008BF009052458CD8019AAAEB0202A2EBB2
:102318000B02032FA2EB0602B2FBF5F2049232D1B4
:1023280004994FF6F572914200F2AE81002B7FF4CA
:1023380078AF012D7FF675AF6D082B46B6E709AA71
:102348000121484600F04AFA002840F01B82039A0F
:10235800099B110707D43E2B7FF663AF4FF03F0868
:10236800A3EB080A72E7DDF80880F9E7DA077FF5DA
:1023780036AF022384E7032382E76D0090E752001B
:1023880017E02A461AE0022F40F0778104994FF6A9
:10239800F57291422ED9002B40F069816A00402ADB
:1023A80000F25C811546002DEBD12D494FEA1A3613
:1023B800012231F8023B0BB1B342E0D940F6F57384
:1023C800BAFBF2F69E429BBF06EB46060136023682
:1023D80076088CBF7600033606F2FF162B461546A4
:1023E8004FF020028CBF02270127760A01924FF096
:1023F800010B6DE7049940F6F572914200F24481B1
:10240800002B7FF40EAF6D00802DCCD909E7514623
:1024180004F12000FDF7BEFE5FE156F077FF0146AC
:1024280004F12700FDF7B6FEC6F30723E375802302
:1024380084F82430292384F826300A4BA67504F141
:102448002B0203F1100153F8040B42F8040B8B42E2
:10245800F9D181E100FEFF000A890608FFFFFE0F9F
:10246800FC880608B1E30508032F37D1012308F1DA
:1024780006022146484600F09CF905994FF400727F
:10248800204647F00DFE5223237063706123A3702A
:1024980084F8E731049B41227221E27084F8E41148
:1024A80084F8E51184F8E621591E04F5F470FDF767
:1024B80071FE022384F8EC3108F10702012321465A
:1024C80084F8FEB184F8FFA1484600F072F90123B0
:1024D80008EB03022146484600F06BF9149A0021E4
:1024E8006FF30802204647F0DBFD032F6FD1F82376
:1024F8002370FF236370A370E37023716371A3716A
:10250800E37123726372A3720F23E372149B4FEA81
:10251800532A5645B34628BFD3462146009A5B4600
:10252800484600F046F90146002840F02B814FF458
:102538000072204647F0B4FD009BB6EB0B065B44E7
:102548000093E6D1019B032F08BF2B460193019D01
:10255800009A554528BF55462B462146484600F067
:1025680028F9002840F00E81009B2B440093019B22
:102578005B1B0193EBD1032F32D0099BB3F5803F4E
:1025880030D2022F14BF01250425029B63B3002219
:1025980001232146484600F0FDF80246002840F095
:1025A800F180029B04EB031383F8B2510123214607
:1025B800484600F0FEF8002840F0E480002211466A
:1025C800484600F00BF9003818BF012008E6012F33
:1025D8006D49204618BF6FF00701FDF7DBFD95E751
:1025E8000C25D2E70625D0E7039B1B07E6D4029902
:1025F8004FF40072204647F053FD552384F8C2512A
:10260800099D84F8FE31AA2384F8FF3105EB0802FE
:1026180043F6C163B2FBF3F2FE2384F8C331930897
:1026280043F03F03012684F8C43184F8C5214146AC
:1026380004F5E37084F8BF6184F8C061FDF7AAFD72
:10264800294604F5E570FDF7A5FD029A3346AEE785
:102658000320C5E50A20C3E51120C1E5059B002B31
:102668007FF41AAE802A3FF6DCAD1546A6E6059A39
:10267800002A3FF4D6AD1D4618E6049A40F6F573D5
:102688009A423FF6CEAD01274FF400720021204652
:1026980047F006FD3D4B84F80EB01A6822605A6870
:1026A80062601A899B7AA37202232373012323741D
:1026B800FB1E18BF0123CBF3072B5B00BAF5803F45
:1026C8002281657384F80FB0A374BFF4A0AE84F8B8
:1026D80013A0CAF3072A84F814A0F82363753F23CC
:1026E8002376FF23A376414604F11C00FDF752FD33
:1026F800032F7FF492AE56F009FE014604F1430021
:10270800FDF748FD314604F12400FDF743FD02239F
:1027180084F82C30002384F82D3084F82E3084F887
:102728002F3084F8313084F83330802384F84030F7
:102738002923012284F84230154B84F830200622E0
:1027480084F8322003F1100104F1470253F8040B16
:1027580042F8040B8B42F9D119889B7811804FF00D
:10276800550B4FF0AA0A9370214684F8FEB184F8FD
:10277800FFA101234246484600F01BF805900028B7
:102788003FF472AE01202BE5F8FFFF0091E3050846
:102798009DE3050810B50C4611461A4638B1234684
:1027A800043040F01BF9003818BF012010BD042088
:1027B800FCE710B50C4611461A4650B123460430C2
:1027C80040F02FF910F11E0F05D0003818BF012076
:1027D80010BD0420FCE70220FAE7000070B50C46A3
:1027E80015460646002831D0234A01F00703D15C7C
:1027F80071B30022043040F041F9062C26D8DFE8F6
:1028080004F008050A152518180006202BF0D4FA3C
:102818002860002070BD062804D14FF4007028807D
:10282800B060F6E72BF0C8FA80B2F8E701232B6016
:10283800EFE7062801D0430806D1336AB3FA83F3D9
:102848005B099B002B70E4E70123FBE70420E1E729
:10285800062CFBD801A353F824F000BF1B2800085E
:1028680013280008232800083528000855280008E0
:102878004328000843280008FC850608022970B58B
:10288800044615461E4613D15368012B0AD0022B65
:102898000CD01BB91168201DFFF7F5F8A3692B6050
:1028A800002070BD81692B681944F4E70169FAE7D3
:1028B80001290AD10430FEF7CAFF0028F0D0084BDE
:1028C8001B5C33604FF0FF30EBE7042906D1436807
:1028D800002BE5D00430FEF7F5FFEEE71623F0E70E
:1028E800DC86060837B51D46043001AB1446FEF7F2
:1028F800F1FE38B1064B1B5C2B604FF0FF342046CD
:1029080003B030BD019BA342F9D01C23F4E700BFFC
:10291800DC86060813B51C46043001ABFEF73EFE04
:1029280030B1044B1B5C23604FF0FF3002B010BD88
:102938000198FBE7DC86060870B5054608460C4694
:102948002BF068F92346024602492846BDE8704044
:1029580001F016B964E30508F8B5064610460F46B7
:1029680031F0BAFB2B49421E2B48002412F8013FD4
:10297800BBB92C202BF03CF90546384631F0ACFBAE
:102988002F1D0246E3B206F144003946FEF738FD32
:102998000646B8B328461DF08FFC204B985D2AF0F8
:1029A80079FB782BE2D8712B08D8612B25D0622BC4
:1029B80026D02B2BDAD144F00304D7E7723B062B41
:1029C800D4D801A555F823F0F12900087529000885
:1029D800ED2900087529000875290008F72900085D
:1029E800FD2900080B49C1E744F00104BEE744F0A3
:1029F8000A04BBE744F00604B8E744F01204B5E75C
:102A08000146B3E7E30603D529693846FFF73BF8E3
:102A18002846F8BD0C8606083C860608DC860608AB
:102A28002DE9F04F099FDDE90BC4DDE90D5650B1E2
:102A3800884208D3710747BF0137013401350A219D
:102A480058BFB0FBF1F016F0020E39D0002D37D088
:102A58000BDB0A998D4233DA2C44A74203DC07F1D9
:102A6800FF3CA4EB0C0C00252AE0291D28DB694259
:102A78004FF000084FF00A0AB0FBFAF90AFB1904F4
:102A88001CB108EB0504414604E008F1010888453B
:102A98004846F1D11D464FF0300905F8029B7F1AD0
:102AA800091B4FF02E084C1E83F801802346A846C8
:102AB800002B5DDC002908BF00242B190025FF240A
:102AC80007F1FF3841464FF00A09002954DA611C22
:102AD800B94260DBFE2CD4BF002101213B44BCF18C
:102AE800000F07D0A4EB0804A4EB0C0C2E20302711
:102AF800644555D1BEF1000F09D041B119460B46C6
:102B080011F8010D3028FAD02E2808BF0B4606F020
:102B18000101294327D0710725D4002DBABF6D4282
:102B28002D212B2106F02004632D597044F0450413
:102B3800C8BF64211C704FF00A00C9BFB5FBF1F192
:102B48009C1CDC1C3031C8BF9970B5FBF0F62346DD
:102B5800B6FBF0F100FB1161303103F8021B00FBFA
:102B680016513031617000211970981ABDE8F08F44
:102B780008F8019B013B9BE78C42B4BF01F1010BB4
:102B88008B46B0FBF9FA09FB1A00303003F80B004A
:102B98000139504699E701332E21195501219DE746
:102BA80014B903F8010B012103F8017B013C9FE7ED
:102BB8002DE9F04F2DED028B884610EE101A97B0D4
:102BC80000291C46B0EE408A9DF888300E902ADA1B
:102BD800B4EE400AF1EE10FA25D6B1EE408A2D2364
:102BE8000E9F07F8013B08F1FF389FED7D7AF0EE64
:102BF800C87AF4EE477AF1EE10FA02F0200316DDF7
:102C080043F0490443F04E00FA1C43F04601002308
:102C180078703C70B97013700E9BD01A17B0BDEC69
:102C2800028BBDE8F08F002BDAD10E9FDDE7B4EE02
:102C3800488AF1EE10FA06D743F04E0143F04100FE
:102C4800FA1C0C46E3E742F02002662A4FD143F013
:102C5800040B002CA8F1030650DA0624A6423346DA
:102C6800A8BF23460C9318EE103A002B099353D0B3
:102C7800C3F3C7537F3B07EE903A9FED5A7AF8EEBD
:102C8800E77A18EE103A67EE877AB3F17E5FFDEEC9
:102C9800E77A38BF4FF0000917EE905A28BF4FF077
:102CA800010909EB0500B7EE000A00F01BFA099BC1
:102CB800B3F17E5F2CBF4FF0010A4FF0FF3AB4EE3C
:102CC800C80AF1EE10FA94BF012300234B451BD02C
:102CD8001BF0040F4CD0002D20DD631902339845FA
:102CE8001CDA8BF0040343F0020B013444E0672A3A
:102CF8000CBF43F0020B43F0010BAAE7632CADD1E4
:102D080010230C930924AEE7554405EB0900B7EEF0
:102D1800000A00F0E7F9D2E7099DD9E7A8F1020215
:102D2800A242D4BF33462346002D1EDA022B15DDFE
:102D3800AA1C17DA6E429E42A8BF1E46023E9C1B82
:102D4800092C0DDD1BF00403A4F1090207934FF0D1
:102D580009041CD004230793032319E05C1C0026F4
:102D68000022F7E75C1C0026EAE76C1C1C44FAE723
:102D78001BF0020FB9D034B1092C4FF00006E1DC8A
:102D88003246079603E02646224607940124072385
:102D9800062CA146A8EB0408A8BF4FF00609A8EB2B
:102DA8000308A9EB0503013B0D939045D4BF04EB41
:102DB8000803A3181193119BA3EB09030F93099B15
:102DC800002B00F0CB80079B002B00F0C380002D68
:102DD80080F2BD8046B909F1FF3008963B4613E002
:102DE800FFFF7F7F9B209A3E3B46302103F8021B62
:102DF8002E227A701846324647F052F9FF220346CF
:102E0800334409EB060008920A214FF0010C0A919D
:102E1800E14500F3A880B9F1060F40F3AF8001281F
:102E280040F3AC80B9F1070F00F0A480022800F04D
:102E3800A18002384FF06408B0EE480A0B9300F006
:102E480051F9F6EE007A30EE270A0A99BCEEC00A6C
:102E58003A4610EE103A08FB03F8089B03930F9BC1
:102E680002930C9BCDE9045BCDE9009340460B9B94
:102E78001093FFF7D5FD15AA01460B90384600F0D0
:102E880061F9DDED157A0B9977EEC87A17EE902A7D
:102E9800002A58D0B9F1060FC4BF09EB4902123A0B
:102EA8004FF0010AC8BF0AFA02FA0C22109BCDF8AB
:102EB8002C80F0EE678A109217EE902A002A089A62
:102EC80003920F9A02920C9A0A991393B4BFD044B2
:102ED800A8EB0A08CDE90092CDE9045B3A464046E2
:102EE800FFF79EFD15AA01461290384600F02AF910
:102EF800DDED157A129977EEC87A17EE902A12B39B
:102F0800B0EEE77AF0EEE86A37EE667A139B17EED2
:102F1800102A002A35DB4FF00A0CB8FBFCF00CFB3A
:102F280010800243002A0B9A08BF42460B9208BF42
:102F3800F0EE678ABAF1010F28D0109A013A4FEAE9
:102F48005A0A1092B8D10E9B3944C81A66E60D98F1
:102F5800089543E7079B0D9808933FE7099A08925D
:102F68003B46104650E70A990A2251430A910CF150
:102F7800010C4DE701384FF00A085DE74FF00108F2
:102F88005AE7CDF82C80F0EE678AD3E70D9AA14571
:102F980002F101020D9202DA09F101090BE70B9A1D
:102FA8009045D0D0089A03920F9A02920C9ADDE9C4
:102FB8000A10CDE90092CDE9045B3A46FFF730FDEF
:102FC8000146C0E708B5044631B1054B4A6B0360BA
:102FD800096800232DF03EF820461DF01DF900BFBA
:102FE800982106082DE9FF41044601921F4646181C
:102FF8002AB1023A222A02D9374829F055FEB442AA
:10300800254626D34FF00008711B284601AA28F050
:10301800AAFB019B054428460024B04201462AD356
:10302800B8F1000F00D06442640044F00104A942E2
:1030380004D00D46B5422B4642D348D0019A2749C1
:103048002748012A08BF00222CF0B8FF3946FFF7AD
:10305800B9FF14F8010B1EF049FA80460028CED1BA
:103068002B782B2B01D12546CEE72D2BCAD125460F
:103078004FF00108C8E710F801CBACF13002092A7B
:103088000AD9BCF15F0FC8D04CF02002A2F1610C44
:10309800BCF1190FC4D8573A9342C1D983FB0441F4
:1030A800B1EBE47F03D1144494EA4402B5D5711B13
:1030B800424603A803952EF09CF903990446B6E707
:1030C800187801351EF012FA0028B3D1B6E7204669
:1030D80004B0BDE8F08100BFA5CC0508BACC05084E
:1030E8000821060808B52DED028BE8B1B5EE400AB7
:1030F800F1EE10FA18D010EE103AC3F3C75202449A
:1031080062F3DE5310F10A0F08EE103A0FD3434270
:1031180000EE903AB1EE040AF8EEE00A45F05CFCE5
:10312800F0EE407A88EE270ABDEC028B08BD07EE68
:10313800900AB1EE040AF8EEE70A45F04DFC28EED5
:10314800000AF1E700232DE9F047014404469046C0
:103158009E461D4618461F469A461E468C4257D222
:10316800A4461CF8012BA2F13009B9F1090F38D88F
:10317800022E07D1354A904202DC0A2202FB009057
:103188006446EBE7B9F1000F14D0314A974211D8E1
:103198000A24B5B975460A24CDB997421ED8012E1E
:1031A8004FF00A0208BF03F1FF3302FB07974FF005
:1031B800000EE5E70EB90135E2E70EF1010E012632
:1031C800DEE7974294BF67430133013DE1E7974249
:1031D8009CBF03F1FF336743013DDDE77EBB01334D
:1031E800E5E78EB92E2AEAD042F02009B9F1650F39
:1031F8000CD1614504D962782B2A19D104F1020C4B
:103208008C4520D00226BBE7022EEDD15F2AB7D02D
:10321800BAF1000F15D107EE907A1D44B8EE670A8F
:103228002844FFF75FFF88ED000A2046BDE8F087D5
:103238002D2AE7D104F1020C4FF0010AE0E7AE466F
:10324800BDE74042E7E70024EFE700BF6466660693
:10325800979999192DE9F04F2DED048B83B09FEDC7
:10326800658ADDF840909FED649A054690461F46B2
:1032780046184FF0000AF0EE488ACDED018AB542B3
:103288002C466CD34FF0000BA31C9E4240F2898061
:10329800237843F02003692B73D1637843F020032C
:1032A8006E2B7ED1A37843F02003662B79D14FF0A3
:1032B800FF430193E31D9E4204F103001AD9E3780A
:1032C80043F02003692B15D1237943F020036E2B9B
:1032D80010D1637943F02003692B0BD1A37943F014
:1032E8002003742B06D1E37943F02003792B01D115
:1032F80004F10800B8F1000F0ED0B0420CD20378E8
:1033080043F020036A2B07D1844204BF4FF07E5359
:10331800019301304AF0020ABBF1000F05D0DDED40
:10332800017AF1EE677ACDED017A844240D0044605
:10333800B442254643D348D1BAF1010F38D09DEDA8
:10334800010ABAF1000F4AD0F0EE400AB0EE480A7E
:1033580003B0BDEC048BBDE8F04F2BF06FBD15F842
:10336800010B1EF0C3F88346002888D123782B2B45
:1033780001D12C4688E72D2B84D12C464FF0010B28
:1033880082E76E2B0DD1637843F02003612B08D1BF
:10339800A37843F020036E2B03D1E01C8DED019A36
:1033A800A8E701AA311B2046FFF7CCFE0028A1D1CF
:1033B800124913482CF06CFD4946FFF703FE2878A4
:1033C80001341EF093F80028B2D1002FF0D0BAF1E2
:1033D800000FEDD19DED018A4FF0010A4DE717B1BD
:1033E800DFED040AB4E703B0BDEC048BBDE8F04F91
:1033F8002CF024BF000000000000C07FC6CC0508E8
:10340800082106080846114647F018BE70B505465B
:1034180008460E4646F082FE044620B102466B6816
:10342800286831469847204670BD00002DE9F74FBF
:103438008A469DF8301091460D9A11F0DF0F074625
:10344800A2EB090552D0302954D1C3F347210029F2
:1034580054D05F290CBF0526042692FBF6F106FB23
:1034680011210CBF2A482B4809B901350132711EB8
:1034780092FBF6F406FB14228A1A00EB020813F0FA
:1034880020023ED005EBD573A5EB63045D10002D3B
:103498003BDDAB465E4532467B683868A8BF5A4676
:1034A800414601929847019AABEB020BBBF1000F22
:1034B800F0DCB9F1000F05D07B6838684A46514600
:1034C80098474D44002C0DDD2544A642B146A8BFBF
:1034D800A1467B6838684A464146A4EB09049847E8
:1034E800002CF2DC284603B0BDE8F08FDFF8288016
:1034F8001026C4E70DF130080126C0E7DFF81C806C
:10350800F6E713F00104C2D02C460025D1E700BF2E
:1035180060100608651006086B10060854100608A7
:103528002DE9F04F93B09246CA07DDE91E761C9C40
:103538009DF87490059380460D460BD48B0703D1F4
:1035480009687C4B994205D028462AF035FC45008D
:1035580045F0010514F0210306D1B9F1300F03D16C
:10356800B742B8BF37461E4628462DF050FE002801
:103578000DF1280B1CDBA00716D52B238DF828305E
:103588000DF1290322079DF814101FD5BAF1020F77
:1035980010D118464FF0300C00F802CB01F1010CA5
:1035A80083F801C0034611E0610701D52023E5E750
:1035B8005B46E7E7BAF1080F5BD1302018702006A8
:1035C80045BF01F10E0058700133023300200EAAE6
:1035D8001870012EA3EB0B030B924FF01002069309
:1035E800C4F34723C8BF1443CDE90C2014F01002DC
:1035F800CDE902138DF82700059245D0CDE900A04A
:103608002B460DAA0CA90BA82DF0C4FC03782D2B72
:10361800824606D18DF827300D9B013B00F1010A47
:103628000D93012E7ADD0D9D059BB542B8BF354639
:103638002BB19DF8273003B10135069B1D4424F0BA
:103648000103AF42079371DD14F00109A7EB0505EB
:103658006DD120230195009337494B464A46404691
:10366800FFF7E4FE4D460446059B4FF03009C3B909
:1036780036E0BAF1100FA9D118464FF0300C00F817
:1036880002CB01F1170C8BE70AABCDE900A30DAA19
:103698002B460CA90BA82DF07DFC8246C1E700251E
:1036A8002C469DF8273053B100230122CDE9003282
:1036B8000DF127014046FFF7B9FE013F0444069B80
:1036C8005BB100230122CDE900325946069A4046F3
:1036D800FFF7ACFE069B0444FF1A012ED8BF3E46F6
:1036E800CDE90096079B0D9A51464046FFF79EFE8E
:1036F80004444DB12023009300230F4901951A4635
:103708004046FFF793FE04440B980EAB984201D055
:103718001CF0D2FD204613B0BDE8F08F059B07943E
:10372800002BBCD11D461C463E46D9E70025002487
:103738009AE700BF442706083DE405082DE9F04351
:1037480007469007984658BFC2F380038DB05ABF0A
:103758005B01DBB22B23164600930A46159BDDF866
:103768005090212103A8FFF723FAF20504461FD53C
:103778002E2103A846F024FDD0B9652103A846F000
:103788001FFDA8B96E2103A846F01AFD80B9631C75
:1037980004F130026A4430336B442E2102F8241CB1
:1037A8000234302203F8242CA3186B4403F8240CA9
:1037B80073060ED504F13002631C0DEB02042522BA
:1037C80004F8242C03F130026A44002102F8241C76
:1037D8001C4616F010051DD09DF80C302F2B4FF00D
:1037E800000319D8012203A9CDE900323846FFF7B2
:1037F8001DFE09F1FF390546013C0DF10D01CDE92A
:103808000089334622463846FFF710FE28440DB09B
:10381800BDE8F08303A9F2E703A91D46EFE700001E
:103828002DE9F04F81468BB014464FF000080B4647
:103838001D4613F8012B0AB1252AF9D1A94208D24D
:103848006E1AD9F80430D9F8000032469847B044C7
:1038580029460B78002B00F08B8120234A1C039308
:103868000027134613F8016B3EB12D2E25D01ED824
:10387800202E29D02B2E24D00026154612F8013BE5
:10388800A3F13001092922D92E2B4CD16B782A2B90
:1038980023D00023154612F8011BA1F13000092896
:1038A8001ED80A2000FB031BABF13003F2E7302ED1
:1038B800E2D147F01007039601E047F001071A46E6
:1038C800CFE747F00207FAE747F00407F7E70A21CE
:1038D80001FB0633A3F13006CFE754F8043B023569
:1038E80023EAE37B2B786C2B08BF013595F800A001
:1038F800BAF1000F00F03C81BAF1780F09D8BAF19B
:10390800570F13D8BAF1470F5AD8BAF1440F00F23B
:103918001D81D9F80430D9F80000012229469847BA
:1039280008F1010885E04FF0FF3BDBE7AAF15803F7
:10393800202BEED801A252F823F000BFCF3900089F
:103948001B3900081B3900081B3900081B390008FF
:103958001B3900081B3900081B3900081B390008EF
:103968001B390008213A00084B3A0008CF390008F3
:10397800553B0008553B0008553B00081B3900081B
:103988001B3900081B3900081B3900081B390008BF
:103998001B3900081B3900081B390008CF390008FB
:1039A800613A00081B390008893A00081B390008E9
:1039B800CF3900081B3900081B390008CF39000827
:1039C800BAF1500FA5D154F8040B0AF0DF03502BBD
:1039D800014667D1BAF1640F6AD1002880F29D8050
:1039E8002D238DF8173041420A2251230DF1280A60
:1039F8000A3B0DF1180BB1FBF2FC02FB1C10092865
:103A08008CBFC01830300AF8010DDA458E46614681
:103A18005DD07245EFD95AE054F8043B019653B192
:103A2800039B5549009304223B464846FFF7FEFC9A
:103A38008044691CFBE6039B009350493B460522E2
:103A4800F3E754F8043B8DF81830039B0093019674
:103A58003B46012206A9E8E706A954F8040B1DF025
:103A680032FBBBF1FF3F014604D0069B9B4538BFA4
:103A7800CDF818B0039B0093069A01963B46D4E70D
:103A880054F804AB504646F049FBBBF1FF3F0246F1
:103A980002D0584528BF5A46039B009301963B46DF
:103AA8005146C2E7BAF1640F97D0BAF1750F2ED01C
:103AB8002AF00F0300220F3B8DF81720DBB21022EB
:103AC800002893D130238DF827300DF1270A17F0FD
:103AD800100B9DF817302DD0002B35D0039B009389
:103AE800012201923B460DF117014846FFF79EFC63
:103AF800013E8346039B00930AAA01963B46A2EB2C
:103B08000A0251464846FFF791FC584490E70023C3
:103B18008DF817300A226123D2E7BB0705D52B237E
:103B28008DF817300A225123CAE7C7F380035B01D7
:103B3800DBB2F5E7002BDDD006AA9245DAD90AF800
:103B4800013C0AF1FF3AD5E79B46D3E7073424F056
:103B58000704F4E8020156F0F1F8CDE9006B00EE35
:103B6800100A039B3A4651464846FFF7E7FD5FE7D0
:103B780040460BB0BDE8F08F99C705089EC70508F9
:103B88000EB403B503AA52F8041B0192FFF748FECE
:0C3B980002B05DF804EB03B070470000C1
:020000040802F0
:10000000FEE700000F49D1F8883043F47003C1F8CF
:1000100088300D4B1A68002042F001021A60986087
:100020001A6822F0847222F480321A60074A5A60F9
:100030001A6822F480221A60D8604FF000638B6047
:10004000704700BF00ED00E000380240103000248F
:1000500030B5002495B010252A4621460AA80494FC
:100060002AF022F8284B01941A6C42F080521A644C
:100070001B6C03F080530193019B244B029419687D
:1000800041F4404119601B68059403F44043029316
:100090000122029B4FF48033CDE908234FF4800105
:1000A0000223CDE90E31129304230F224FF4A05006
:1000B00013934FF48053CDE90B45CDE9060303922A
:1000C0001925C02208A8CDE910522DF0E1FB10B18E
:1000D0000F4832F09FF8119B109A30216B43B3FB0D
:1000E000F2F3B3FBF1F201FB1232003A1299B3FBC7
:1000F000F1F118BF012203A833F064FF08B10548ED
:10010000E7E715B030BD00BF003802400070004086
:10011000B4A10508C6A105080446DFF82CD00B4998
:100120000B4A0C4B03E051F8040B42F8040B9A42C3
:10013000F9D300200849094A01E041F8040B914233
:10014000FBD3204632F0E8B9F8BF012074D106088D
:100150000000002034000020340000204023002054
:1001600040F8044B40F8045B40F8046B40F8047B13
:1001700040F8048B40F8049B40F804AB40F804BB03
:1001800040F804CB40F804DB68467047024B5A69DC
:10019000026058610020704734000020024B5A6909
:1001A00012685A61704700BF34000020024B9A6900
:1001B000C0E900219861704734000020044A936927
:1001C0001968916110B15A6818461047704700BF0E
:1001D0003400002038B5054D0446AB690BB1A3428D
:1001E00000D338BD0120FFF7E9FFF6E73400002017
:1001F000C460056146618761C0F81C80C0F820902A
:10020000C0F824A0C0F828B0C0F82CD080ED0C8B2A
:1002100080ED0E9B80ED10ABC0F808E0FFF7B6BF95
:10022000124D6C6908B50CB932F062F96060204675
:10023000FFF7D0FF23686B612046C46805694669F3
:100240008769D0F81C80D0F82090D0F824A0D0F88E
:1002500028B0D0F82CD090ED0C8B90ED0E9B90ED4B
:1002600010ABD0F808E00120704700BF3400002038
:1002700010B50021044600F0F9FA18B914B120466F
:100280000CF002FD10BD002100F0F0BA10B5012104
:10029000044600F0EBFA18B914B120460CF0F4FC57
:1002A00010BDFFF7E5BF10B501220C4600F002FCBF
:1002B00018B914B120460CF0E7FC10BD00F0FABBF1
:1002C00000F0BABB2DE9F0432B4C864600254FF0D9
:1002D000030CD4F8A402002101310EEB01039A08AB
:1002E00003F00303825C5B0042FA03F303F00303B1
:1002F000022BF1D0D4F8B002090100EB0E108E08E9
:1003000089B300EB860603681A0729D1D4F8B01226
:100310005A1AC2F3011E99424FEA92174FEA4E0E43
:100320004FEA12121CD8D4F8B412994218D9D4F852
:10033000A48218F8071041FA0EF303F003030CFA35
:100340000EF9012B41EA09010AD104EB450E3F2DBC
:1003500008F807109ABF0135AEF8C422C4F8C032BD
:100360000430B042CFD12DB1013D04EB4503B3F8C9
:10037000C4E2AEE7BDE8F0833400002030B51C4C89
:10038000D4E9AB53C01AC109C0F3021E6B5C012251
:1003900002FA0EF223EA02036B54D4F8B82283095E
:1003A0004FEA101CB2EB901FD4F8A40288BFC4F827
:1003B000B832C15C4FEA9C0E0CF0030303255B00CE
:1003C00005FA03F321EA030100F80E100CF1010C09
:1003D000D4F8A4024FEA9C0E0CF0030310F80E10A0
:1003E0005A0041FA02F202F00302022AE7D030BDBD
:1003F0003400002021F00F0138B50B1A134A144CB9
:10040000013BDB00A2FB03235B0A9A00C4E9A903BA
:100410000546C4F8B4120732A1EB831101331D4421
:1004200003EBD202C4F8B0120021C4F8AC5229F098
:100430003BFE002301214FF0FF32C4E9AE33C4E993
:10044000D2322381A4F8441338BD00BFF32C23FA21
:1004500034000020024A138902331381704700BF21
:1004600034000020024A1389023B1381704700BF09
:1004700034000020024B1889003818BF0120704753
:1004800034000020F8B51C4D2B89002243F00103F5
:10049000C5F8C0222B81C5F8482305F1080405F5ED
:1004A000FC7654F8043F1A071AD1D5F8B022981AEE
:1004B000C0F3011193424FEA901C4FEA41014FEA09
:1004C00010100DD3D5F8B422934209D2D5F8A472F6
:1004D00017F80C2042FA01F303F00303012B02D0BA
:1004E000B442DED1F8BD03238B401A4307F80C2039
:1004F000FFF7E8FEF4E700BF3400002081B3F8B551
:10050000184E0F46051F002455F8043F1A071AD14C
:10051000D6F8B022981AC0F3011C9A424FEA901103
:100520004FEA4C0C4FEA10100DD8D6F8B4229A427C
:1005300009D9D6F8A4E21EF8012042FA0CF303F020
:100540000303012B03D00134A742DDD1F8BD0323FF
:1005500003FA0CF31A430EF80120FFF7B3FEF2E79B
:10056000704700BF340000202DE9F043614ED6F8FB
:10057000C032D6F8A41283B0C3B1D6F8A832002591
:100580009800C6F8C05288B10024A30804F0030202
:10059000CB5C5200134103F00303032B1FD0013443
:1005A0008442F2D3D6F8C032002BEAD1D6F8BC325E
:1005B0004FF000094FEAD3080127D6F8AC3213F800
:1005C00009504FEAC9043DB304F00303E8074FEABA
:1005D00094024FEA430314D46D080134F4E7204633
:1005E000FFF770FED6F8A832D6F8A4120134B4EBA7
:1005F000830F4FEA8300C8D3D6F8C032002BC0D196
:10060000D4E78A5C42FA03F303F00303012B09D019
:100610006D0804F10104D7D1C84509F1010326D0C2
:100620009946CAE7D6F8B0C223016A465CF803309F
:1006300040F2CA210CEB04105BB10BF0C1FC009B33
:100640003BB10CF06DFDDDE900010CF039FD0CF063
:100650007DFDD6F8AC02E30804F00701C25C07FA9E
:1006600001F122EA0102C254D6F8A412D0E7002711
:10067000BE463A46032402250FE0012806D104FABB
:1006800003F32CEA03030B704FF0010ED6F8BC32D3
:1006900001329A421FD8D6F8A412900802F0030340
:1006A00011F800C05B004CFA03F000F003000228D0
:1006B00001EB920119D00328DFD105FA03F32CEAEC
:1006C000030C81F800C0D6F8BC32174601329A42BA
:1006D0004FF0000EDFD93389002223F00103C6E971
:1006E000AE27338103B0BDE8F083BEF1000FEAD03E
:1006F000C5E700BF34000020044B1A89002142F0F6
:100700000102C3F8C0121A81FFF72EBF3400002087
:10071000554BD3E9AC122DE9F043521A0024D3E92A
:10072000A961C0E90144C0E90344C0E9054402608D
:100730004FEA810C22462146A146A6462746254679
:1007400016F809304FEA4E0E43FA0EF303F0030396
:10075000012B02F1010255D0022B24D033BB01370B
:100760009445876004F101046DD04FEA920902F0CC
:10077000030E16F809804FEA4E0148FA01F818F006
:1007800002013BD108F0030894452DD0B8F1010FC8
:1007900004D1C3689C4288BFC46000244FEA920918
:1007A00002F0030ECCE7013545600131944541D09C
:1007B0004FEA920902F0030E16F809304FEA4E088C
:1007C00043FA08F303F003089B0718D401292CD03F
:1007D000022903D1436901334361022183698B42BA
:1007E000D2D294458161D1D1C3689C4200D9C46002
:1007F0002D013F01C0E90157BDE8F083194694453A
:100800009ED1F5E701359445456025D04FEA920920
:1008100002F0030E16F809804FEA4E0148FA01F87B
:1008200018F0020FEAD108F00308036901330361ED
:100830000121D3E701299846F7D00229CAD083695C
:100840009942CED8D0E7C368A342D0D32D013F014F
:10085000C0E90157BDE8F083026901320261826993
:10086000002AC1D18361BFE7340000202DE9F8439D
:1008700000F10F0636093FD06E4C2389E3BBB4F874
:1008800044230D46E2BBD4F8B802D4F8A872B842AB
:1008900032D24FF0010ED4F8A4C20138013F6044B7
:1008A00067440021CCF1010818E04A1C964255D952
:1008B00013F00C0F42D18A1C964240F2AA8013F02A
:1008C000300F41D10132964240F2A8803F2B2ED802
:1008D000511C8E4240F2A780B8420AD008EB0009B2
:1008E00010F8013F9A07E0D013F00C0F21D101223C
:1008F000E2E7BEF1000F0FD000231846BDE8F883F1
:10090000D4E9D212914226D2D4F8B802D4F8A8720F
:10091000874288BF9E46BED836F09AFFD4F8B80208
:10092000D4F8A872B8424FF0010EB4D3E4E7002126
:10093000D2E713F0300F0CD10122C4E703F03002EC
:10094000B2FA82F25209C1E73F2B8CBF002101218C
:10095000C2E70022BAE736F07BFF94E74FEA890945
:10096000A9EB0201012A01F1010704D109F10103F8
:100970009B08C4F8B832D4F8BC324B4538BF4B465C
:10098000B808C4F8BC3207F0030E1CF800804FEA28
:100990004E0E0123023103FA0EF343EA08038945A0
:1009A0000CF8003012D34FF0020E8808D4F8A4C21D
:1009B00001F003031CF800805B000EFA03F3013121
:1009C00043EA080389450CF80030EED2D4F84833E6
:1009D000D4F8B0823344C4F8483308EB071312014B
:1009E0001846002129F060FBEA074FEA0716034684
:1009F00083D50022D4F8AC0248F80620F908012279
:100A0000445C07F00707BA40224342541846BDE849
:100A1000F8834FEA890909F10109A1E74FEA890939
:100A200009F102099CE74FEA890909F103090A461D
:100A300096E700BF34000020034B1A89012A02D830
:100A400008B1FFF79BBC704734000020034610F04C
:100A50000F001CD1164AD2F8B012994216D810B421
:100A6000D2F8B4429C420ED95B1AD2F8A4429A0939
:100A7000C3F30111A25C49000A4102F00302012AFA
:100A80004FEA131305D05DF8044B70477047002000
:100A9000704701301A18910802F00302615C52009D
:100AA00041FA02F202F00302022AF2D00001EAE760
:100AB000340000202DE9F84F0F460646002800F0CC
:100AC000CA80734D2C89002900F09180002C40F0E1
:100AD0009280D5F8B002D5F8A8C2301A030903F104
:100AE000010E0F31BEEB8C0F4FEA11114FEA8C0A49
:100AF00080F0B780D5F8A492A4464FF001084FEAE1
:100B00009E040EF0030B19F804404FEA4B0B44FA15
:100B10000BF404F00304022C2BD02CB90CF1010CC3
:100B20000CEB08048C4226D341455CD065D3C44409
:100B30008C4525D2002A5ED0C209D5F8AC12895C5A
:100B400003F007031941384601F00101FFF78EFE5B
:100B5000044600284FD04FEA0812314629F060FAC7
:100B60002B89012B02D83046FFF708FC2046BDE850
:100B7000F88F08F101080EF1010EF245BFD1D3E75D
:100B80005C1843449C421FD9980803F0030219F8EB
:100B9000007052004FF0020C01330CFA02F23A439B
:100BA0009C4209F800200FD99808D5F8A47203F0E8
:100BB000030217F800E052000CFA02F2013342EA95
:100BC0000E029C423A54EFD1D5F8BC32A1EB080298
:100BD0009C4238BF1C46120106EB08100021C5F8E4
:100BE000BC4229F061FA34462046BDE8F88F012C5A
:100BF00001D8FFF7C3FB0024B8E75C18A00804F095
:100C0000030719F800E07F004FF0030CA8EB010187
:100C10000CFA07F72EEA0707012909F8007004F11A
:100C2000010410D003EB080EA708D5F8A43204F095
:100C30000302D95D52000CFA02F2013421EA0202E9
:100C40007445DA55F0D1D5F8B8328342CBD9C5F81E
:100C5000B8023446C8E701463846BDE8F84FFFF70A
:100C600005BE0129BFD029B14FF00108002A7FF449
:100C700063AFC0E7D5F8A442800903F0030359002D
:100C80000322235C8A4023EA02032354DBE700BFEC
:100C90003400002010B58AB0044603A8FFF738FDE1
:100CA000DDE90430039A009007492046E2F76CFF23
:100CB000DDE9083206980549CDE90020079A20466B
:100CC000E2F762FF0AB010BD7CED0508A0ED050853
:100CD0002DE9F843DFF858914749D9F8B022074683
:100CE000E2F752FFD9F8A81289006DD0DFF84481ED
:100CF000002515F03F0633D005F003067600D9F83D
:100D0000A422AB08D35C334103F00303022B63D06E
:100D1000032B5FD0012B4AD1D9F8B0222B01D25836
:100D200042455BD0354B9A425AD0354B9A425BD004
:100D3000344B9A4256D0344B9A4253D0334B9A425A
:100D400054D0334B9A4251D0324B9A4252D0324B0C
:100D50009A424DD0314B9A4214BF68224D2227E06F
:100D6000A9421ED9D9F8A4022C4602E001348C42D3
:100D700008D0A20804F00303825C5B0042FA03F38C
:100D80009B07F3D0621B7F2A0BD92549920938466D
:100D9000E2F7FAFED9F8A83224F03F05B5EB830F4D
:100DA00012D220492A013846E2F7EEFEA7E72E22AA
:100DB0001D493846E2F7E8FED9F8A8320135B5EB0F
:100DC000830F4FEA830194D338461849BDE8F843AE
:100DD000E2F720BB6D22EBE73D22E9E75422E7E78B
:100DE0004C22E5E75322E3E74422E1E74122DFE733
:100DF0004222DDE74622DBE7E8ED05085C2806082D
:100E00004420060834310608043106086C1D060823
:100E1000F81C0608EC24060888250608C8290608D8
:100E200004EE050820EE050828EE0508E4ED0508A7
:100E3000340000207C320608064A0346506A1A68CD
:100E40004168C1F31E018A4202D3521A1A607047E8
:100E50000068F5E734000020014441F20553884260
:100E600004D398B2012838BF0120704710F8012B35
:100E700003EB43135340F2E7034B044A5A62002248
:100E8000C3F8FC21704700BF340000206C610608E5
:100E90002DE9F04781460F46002943D0FFF7DCFFDC
:100EA000214B5C6A82460CB9204637E094F9073042
:100EB000E668002B06F1FF364FF0000516DB013621
:100EC00004F11808B54215D32468ECE705EB0608D1
:100ED0004FEA580808F106033A4654F823104846EA
:100EE00029F046F90028CCBF45464646731B012B26
:100EF000ECD8E4E7236933F815309A4510D16369DB
:100F00005B5D9F420CD158F825003A46494629F0CE
:100F1000F7F828B96068C0F31E002844BDE8F087E0
:100F20000135CFE70120F9E7340000202DE9F8432F
:100F300080460F46FFF7ACFF002840F09280FF2F5D
:100F400003D9494949480BF09FF8494DD5F8FC3180
:100F50007E1CABB1D5E9801232448A422CD90246BC
:100F600031441846FFF7AAF9D5F8FC310446E0B938
:100F70000246D5F804121846FFF7A0F9C5F8FC415F
:100F8000802E344638BF80242046FFF77CF9034684
:100F9000C5F8FC01B8BB3046FFF775F90346C5F844
:100FA000FC0178BB30460BF06FFED5F800223244CE
:100FB000C5F80022002BE3D0D5F804229C18324457
:100FC0004146C5F8042220463A464FF0000829F071
:100FD00027F804F8078039462046FFF73DFF814691
:100FE000686AD0E90262B2422BD376000A2E38BF7B
:100FF0000A26C6EBC6001830FFF745F948B9C5F810
:10100000FC01CFE734460022C5F80042C5F80422AF
:10101000D2E700F1180202EB8602696A026102EB74
:10102000460242614A680160C968C0F80C80C2F398
:101030001E020A44416862F31E01C0E901164246DD
:1010400068620169436921F812909F54911D6B6A8F
:1010500043F82140D96858680131C0F31E00D960B7
:101060001044BDE8F88300BFDAA10508E0210608B6
:101070003400002010B5044629F054F801462046FB
:10108000BDE81040FFF752BF07B5019001A8FFF778
:10109000D3FE019A036933F8120003B05DF804FB34
:1010A00007B5019001A8FFF7C7FE019B4269D05C1C
:1010B00003B05DF804FB07B5019001A8FFF7BCFE83
:1010C000019B063350F8230003B05DF804FB13B511
:1010D000019001A80C46FFF7AFFE019B4269D25C6C
:1010E0002260063350F8230002B010BD2DE9F8430A
:1010F0001D46002303600B6013602B60164BDFF866
:101100005C905C6A07468846164664B92B6832686C
:1011100013442B60BDE8F883336812F8010B0133E8
:10112000034433600DE04C45F0D03B6801333B6035
:10113000E268D8F800301344C8F800306269E36808
:10114000D1188A42E8D32046FFF780FC2B68246838
:1011500003442B60D9E700BF340000206C6106080F
:10116000F8B50B4B0B4F5C6A0CB1BC4200D1F8BD1B
:10117000E36804F1180505EB8306B54201D3246842
:10118000F2E755F8042B04490448E2F7FDFCF4E7C4
:10119000340000206C610608E2A105084C10060826
:1011A00030B50023202511F8012F0AB9027030BD97
:1011B000120600F1010420D513B12023037020464C
:1011C0000B78124A03F07F036BB9013A12F8013F22
:1011D00013F0800F044600F101000BD003F07F03F1
:1011E00023700123DFE712F9014B002CFBDA013BEE
:1011F000DBB2E9E700F8013CE8E7012B04BF05702A
:1012000020460B7800F8013B0223CCE7E9A1050852
:1012100038B54368194403689942054610D9037BE1
:101220001BB1084800210AF02FFF01F1100424F03F
:101230000704083480682146FFF735F82C60A86061
:1012400038BD00BFE021060870B504460E461146C1
:101250001546FFF7DDFFD4E901302A461844314630
:1012600028F00EFF63682B44636070BD38B5012918
:10127000044638BF01210025084621606560FEF75D
:10128000F7FF2573A06038BD38B505460C4601311F
:10129000FFF7ECFF6C6038BD0023C0E90132012389
:1012A000016003737047000038B514460546FFF728
:1012B000DDFF024B2560636038BD00BF49120208A4
:1012C000037B10B5044613B98068FEF7F9FF0023CD
:1012D000A36010BD38B505461020FEF7C9FF2946AA
:1012E0000446FFF7C3FF204638BD10B5044648B199
:1012F000037B13B98068FEF7E3FF2046BDE810408A
:10130000FEF7DEBF10BD000038B5037B04460D4676
:101310001BB1074800210AF0B7FE01688068294424
:10132000FEF7C1FF2368A0601D442560184438BD46
:10133000E021060838B504460D46FFF769FFD4E9F9
:1013400001301D446560184438BDD0E900239A423D
:1013500010B5044602D10121FFF7D6FFD4E90132CE
:101360000021D154A06810BD10B50C460121FFF733
:10137000E1FF047010BD7F29F8B50C46CEB204D849
:101380000121FFF7D7FF0670F8BD06F03F06B1F563
:10139000006FC1F3871546F0800607D20221FFF7E0
:1013A000C9FF65F03F0505704670EDE705F03F05A4
:1013B000B1F5803FC1F3073745F0800508D203211E
:1013C000FFF7B8FF67F01F07077045708670DBE70F
:1013D0000421FFF7AFFFA40C07F03F0764F00F04F0
:1013E00067F07F07047047708570C670CCE738B52A
:1013F000054608460C4628F095FE2146024628463A
:10140000BDE83840FFF720BFF8B54768B942044649
:1014100028BF39460D4611461646FFF7F9FEA36868
:10142000A81959197A1B184428F02AFE6368A06885
:10143000334463602844F8BD43688B422CBF591A7B
:1014400000214160704738B50446154662688A42FB
:10145000084603D929448A4201D8606038BDA36890
:10146000521A1844194428F00BFE63685B1B636032
:10147000F4E70346007893F90020002A0ADA00F026
:101480007F004022104206D113F8012F02F0C00164
:10149000802904D0704720EA02005208F2E702F0E7
:1014A0003F0242EA8010EFE7431C184601330278FE
:1014B00002F0C002802AF8D070470346002099420B
:1014C00000D8704711F8012D02F0C002802A18BF21
:1014D0000130F4E703460144002099421A4600D83F
:1014E0007047127802F0C002802A03F1010318BF8E
:1014F0000130F2E77F289DBF024B185CC0F340002B
:10150000002070477B1006087F289DBF024B185CA7
:10151000C0F3C000002070477B1006087F289DBFE5
:10152000024B185CC0F38000002070477B10060857
:101530007F289DBF024B185CC0F3801000207047CD
:101540007B1006087F2809D8064B1B5C13F00C0F94
:1015500006D1A0F15F035842584170470020704700
:10156000012070477B1006087F289DBF024B185C46
:10157000C0F30010002070477B1006087F289DBF35
:10158000024B185CC0F34010002070477B10060827
:1015900008B50246FFF7E8FF02EB401008BD08B5AA
:1015A0000246FFF7EBFF404220F01F00104408BD49
:1015B0003038092884BF20F020000738704710B564
:1015C00002460144E5240020914203D8B0FA80F09D
:1015D000400917E012F8013B30B103F0C003802B43
:1015E00011D10138C0B2EFE7BF2B09D9F72B09D8C9
:1015F000DB0803F0060344FA03F303F00300E3E718
:101600001B06E1D510BD0020FCE7023981420B46E4
:1016100003D31A880239002AF8D00233181A40106E
:101620007047B2EB131F70B504464FEA131019D977
:1016300001EB4001101A03F00F0302462646012A6F
:101640000CBF0D880D68013A25FA03F526F8025BF8
:1016500001F10201F3D104EB400434F8023C03B978
:10166000013870BD0020FCE7F0B5059C0025121B79
:101670002E46AC420FD101EB4403174600EB440465
:10168000411A9FB904EB420316B124F812600233E9
:10169000181A4010F0BD31F8157033F815C06744C2
:1016A0003E4420F81560360C0135E2E71D883544CC
:1016B0005D522E0C013F0233E3E7F0B4049F002695
:1016C0000D463446D11BB7420BD105EB47030A4602
:1016D00000EB4707451B7AB907EB4101F0BCFFF768
:1016E00094BF35F816C033F816206444A41A20F8C5
:1016F000164024140136E6E71E8834445C53013A50
:1017000024140233E7E72DE9F043079CDDF828E0D5
:10171000DDE908760239154684464FF6FF78A4EBDA
:10172000020955B900EB42011FB1012320F8123024
:101730000231BDE8F043FFF768BF31F8024F013DC9
:101740004444264405EB0904A5422ABF33F8024B62
:101750004FF6FF744444744486EA040E17FA8EF779
:101760002CF8027B4FEA144E360C3F0CD9E738B503
:1017700002290446806838BF02210D4618B123684B
:10178000B1EB930F07D96900FEF78DFD2368A060C8
:1017900065F39F03236038BD38B504460C20FEF77F
:1017A00067FD23682278054602F00102C3F39D001D
:1017B00023F0030313432B6063686B604000FEF764
:1017C00057FDA8602268A168C2F39D02520028F06C
:1017D00027FC284638BD994210B511D313D800EB29
:1017E000410002EB410209B9084610BD30F8023D44
:1017F00032F8024D1B1B002B02DB04D10139F2E74A
:101800004FF0FF30F1E70120EFE710B5044638B1A3
:101810008068FEF755FD2046BDE81040FEF750BD3C
:1018200010BD70B505460C460221FFF7A0FF002C45
:101830002B78B4BF0122002262F30003AA682B7048
:10184000B4BF61422146012388B2090C14461E46EA
:1018500022F8020B03F10103F6D16E60208070BD07
:101860000023C0E900338360704728B103789B07E9
:1018700002D48068FEF724BD704738B504460D4693
:101880004968FFF774FF2A782378A06862F30003A1
:1018900023706A686260A9685200BDE8384028F089
:1018A000BFBB0A4629B90178426062F300010170AA
:1018B0007047FFF7B6BF08B5FFF7D2FFBDE8084095
:1018C000FFF7EFBF920042F0020210B40260002264
:1018D000C0E901215DF8044B1946FFF7E2BFF8B5F6
:1018E0009DF8187014461D4604210646FFF73FFF79
:1018F00022462B4627B1002D0CDA624265EB4503E8
:10190000317867F3000131700021716052EA030100
:1019100002D1F8BD0027F3E7D6E901104C1C746032
:1019200020F81120120C42EA03421B0CEEE72DE9CD
:10193000F3418DED010A019D0378EA0F62F3000384
:101940000370C5F30F4313F4FF4380460BD198F89F
:10195000003023F0010388F800300023C8F8043079
:1019600002B0BDE8F081B3F5FF4FF0D0C5F3C75426
:10197000A4F17F06002EEADB05D1012102B0BDE80B
:10198000F041FFF74EBF162EC5F31605A4F16F0701
:10199000D8BFC6F1170645F400054FEA2717D5BF93
:1019A000F540963C00260936D4BF3446241139460A
:1019B000C8BF06F00F06FFF7DAFEC8F804702CB1B6
:1019C000D8F808006200002128F06EFB4EB1D8F86C
:1019D000083005FA06F223F81420C6F11006F54087
:1019E0000134A742BCD0D8F8083023F814502D0C8D
:1019F000F6E72DE9F84304468F18C2F35B020D4663
:101A0000511C9846089EFFF7B2FE237868F3000346
:101A10002370AC4600221FFA86FEBC456046626019
:101A200002D3401BBDE8F8830178A1F13003092BF4
:101A30000CF1010C05D9A1F14103192B12D8A1F128
:101A40003703B342EDD2A06890468146B8F1000F4B
:101A50000FD100EB420113B120F812300231091A04
:101A60004A10DAE7A1F16103192BDAD8A1F1570383
:101A7000E7E7B9F800100EFB013329F8023B08F143
:101A8000FF381B0CE2E7F8B5044615461E46C1B107
:101A9000531E1E444FF0FF37E9000F31090920465D
:101AA000FFF765FE2378002123F0010323706160B6
:101AB0000B4645B9A06800EB4101FFF7A6FD606049
:101AC000F8BD0127E8E700220F2B08DC30789840AA
:101AD0000243013D92B203F108033E44F4D1A068F1
:101AE000013100EB41006160103B20F8022CE0E77F
:101AF00038B505780B7805F0010203F001030446C0
:101B0000981A08D1D1E90132D4E90110FFF763FE38
:101B1000EB0748BF404238BD884210B5044601D0AB
:101B2000FFF7ABFE237823F00103237010BD88423A
:101B300010B5044601D0FFF7A0FE63683BB12378DF
:101B4000C3F3000282F0010262F30003237010BDB0
:101B500088421FB5044601D0FFF78FFE626862B964
:101B600001212046FFF703FEA26801231380636072
:101B7000237843F00103237010E02378D9070FD5B1
:101B800023F00103237001230093A168ADF80E3008
:101B900008460DF10E03FFF790FD606004B010BD24
:101BA000511C2046FFF7E3FD01230093D4E90121F6
:101BB000ADF80E3008460DF10E03FFF755FD6060DD
:101BC000D6E74B682DE9F04705460E46144603B1AB
:101BD0002AB931462846BDE8F047FFF74EBE02F16C
:101BE0000F014FEA111803EB1111FFF7C0FDD6E901
:101BF000012308EB0207A96807F1004014F00F0465
:101C000000F1FF3008BF10244FEA400901EB40000B
:101C100003EB4203114686464FF0000CC4F110045A
:101C200009BB6FF001035A4383182CFA04FCC8F176
:101C3000010820F802C003EB48034FEA48021846A7
:101C4000524228F031FA09F1020903464B4417B118
:101C500033F8022D9AB16F6032782B7862F300036B
:101C60002B70BDE8F08733F802AD4AEA0C0C2CFA71
:101C700004FA2EF802A94FEA0C4C0139D0E7013FD3
:101C8000E5E72DE9FF410D4649680646144601B1D6
:101C900032B92946304604B0BDE8F041FFF7EDBD4A
:101CA000FFF765FDB768D5F808806A6823464146A6
:101CB0003846FFF7B6FC70602978337861F300038B
:101CC0003370DB0702460AD500236968ADF80E3091
:101CD0002009994201D0834204D181420AD804B03C
:101CE000BDE8F08138F813509DB101238142ADF871
:101CF0000E3012D904F00F04012338F8101003FA43
:101D000004F4013C214206D1BDF80E30002BE6D090
:101D100003E00133DDE7ADF80E30012312B93B805B
:101D20007360DCE7009339460DF10E033846FFF788
:101D30009BFC7060D3E72DE9F3410D465768D1F85D
:101D400004803B46144606469268A8684146FFF761
:101D500042FD01301EBF23462C461D4623782A78BB
:101D600083EA020318BF4746DB0719D4791C3046C3
:101D7000FFF7FDFC6B680093D4E90121AB68B06804
:101D8000FFF772FC70602378327800280CBF0023C4
:101D900003F0010363F30002327002B0BDE8F0818A
:101DA00039463046FFF7E3FC6B680093D4E9012124
:101DB000AB68B068FFF781FCE4E72DE9F3410F461B
:101DC0004E68D2F804801446434631469268054670
:101DD000B868FFF700FD01301EBF23463C461F4692
:101DE00023783A7883EA020316BFB046012600261C
:101DF000DB0719D508F101012846FFF7B8FC7B681D
:101E00000093D4E90121BB68A868FFF72DFC686046
:101E100018B1207800F0010070402B7860F30003C7
:101E20002B7002B0BDE8F08141462846FFF79FFCC9
:101E30007B680093D4E90121BB68A868FFF73DFCEB
:101E4000E5E74B682DE9F04F0C4651688B4215468B
:101E500021BF2546194613461C462B78DB0785B063
:101E6000064622D4237813F001071ED1FFF77FFC2A
:101E7000D4E9011CB068AD683B4699420CD100EB37
:101E80004101FFF7C2FB00237060327863F3000268
:101E9000327005B0BDE8F08F35F813203CF81340E0
:101EA000224020F813200133E7E701313046FFF7E5
:101EB0005EFC2F782378D5F804C0B068A26887EA62
:101EC0000301C94301F0010E41F3000189B207F09B
:101ED000010947F300070291B9B20191A968A1F184
:101EE0000208616803F0010A43F300039BB2A1EB0F
:101EF0000C0100936746834603918FB900EB4C01B8
:101F0000BEF1000F03D0012320F81C300231FFF78F
:101F10007CFB706022782B78C2F300021340B4E798
:101F200038F8021F019B5940039B013F8944D9198E
:101F30008F4225BF32F8021B009B009959408A440A
:101F4000029B09EA0A0159401EFA81F12BF8021B93
:101F50004FEA1A4A4FEA19494FEA114ECDE72DE9E7
:101F6000F84F4B680D4651688B42144621BF2C46F2
:101F7000194613461D462378DB07064631D42B78D5
:101F800013F001072DD1FFF7F2FBD5E9012EA06870
:101F90006468D6F808C0A41A3B469A4213D10CEBE9
:101FA0004203214600EB4202ACEB0000A1B903EB77
:101FB0004403A3EB0C0358103378706061F3000303
:101FC0003370BDE8F88F30F813103EF813502943F2
:101FD0002CF813100133E0E715881552013902324D
:101FE000E4E701313046FFF7C2FB27782B786168C0
:101FF000B068A468D5E901E203F0010947F30005E0
:1020000043F3000307F00108ADB29BB2A4F1020C48
:102010000F4683464FF0010AAEEB010E2FB900EBDD
:102020004101FFF7F2FA0121C6E73CF8024F013FF8
:102030006C40A0440EEB0704A7422ABF32F8024BC3
:102040001C465C40A14448EA0904E4431AFA84F4BB
:102050002BF8024B4FEA19494FEA18484FEA144A45
:10206000DCE74B68F0B50D4651688B4224BF19463A
:102070001346144624BF2C461D4627782B785F4014
:1020800017F0010785B0064636D1FFF770FBD4E99B
:1020900001212478B06814F00104D5E9015324D15A
:1020A000521BA54212D101EB4503144600EB450536
:1020B000411AACB905EB4201FFF7A7FA00273378C4
:1020C000706067F30003337005B0F0BD31F8147031
:1020D00033F814C087EA0C0720F814700134E0E7E5
:1020E0001F885F52013C0233E3E7CDE90277CDE977
:1020F0000057FFF708FBE1E70131FFF738FB2B78CA
:10210000DB4303F0010303932378DB4303F0010374
:102110000127029301976B680093D4E90121AB6812
:10212000B068FFF7F0FACAE72DE9F04F4B6885B0C9
:1021300004460E4615460BB1536843B9237823F085
:10214000010323700023636005B0BDE8F08F814276
:102150002DD1FFF721FBA542064607462ED06B681E
:10216000716820461944FFF702FB2268A068C2F399
:102170009D025200002127F097FFB368D4F808E0D1
:10218000D6F804900193AB68029300226B68039326
:102190000EEB4908F4461146039B934233D0DDF819
:1021A00004B0CDF80090ACF1020000231AE08242A6
:1021B00006D1FFF7F1FA05460746D0E70546CEE718
:1021C0000027CCE730F802AF53441946029B3BF896
:1021D00002AB33F8123003FB0A1300990380013974
:1021E0001B0C009100990029ECD14146881C13B1C9
:1021F000A8F800300146A1EB0E0149100CF1020CC9
:1022000001328046C8E761602A78337853402278EB
:10221000384663F30002227005B0BDE8F04FFFF7C7
:10222000F4BA4B6870B50546144613B11378DA0753
:1022300006D52B7823F001032B7000236B6070BD53
:10224000636823B9BDE870400121FFF7EABA084688
:10225000FFF7A2FA06462046FFF79EFA0121044640
:102260002846FFF7DEFA636883B1A3681B88DB07A3
:1022700004D5324629462846FFF756FFD4E9012106
:1022800001230846FFF7CDF9606038B93046FFF703
:10229000BCFA2046BDE87040FFF7B7BA3246314677
:1022A0003046FFF741FFDEE72DE9F04F0C4651685D
:1022B0008FB09346013105460393FFF758FADBF8D8
:1022C0000420A86801325200002127F0EDFE2B788F
:1022D000002623F001032B706E60DBF8041020460B
:1022E0000131FFF744FA59462046FFF7C6FA039B2F
:1022F000D4F80890D4F80480D3E901370293AB688E
:1023000004933A46029B41464846FFF764FA002888
:1023100033D1049A6060012313806B602378626874
:10232000002A0CBF002103F0010161F300030399AF
:1023300023709BF8003009784B40DB0740F1FD80AB
:102340006B682978003B18BF012363F300012970F3
:10235000002A00F0F2800BA84FF0FF31FFF7ABFA34
:102360000BAA29462846FFF7E6FC039A2146204699
:102370000FB0BDE8F04FFFF7DEBC013001D16E6059
:10238000CCE7029B03F10042013A4FEA420A37F8D8
:10239000121033460E0403F101004ED59BB209EB37
:1023A00048014FF0000C08F10100C3F1100629F8B4
:1023B00018C0019160600231CE4605968E4540D32B
:1023C00037F812209A400592029A012A09D907EBA0
:1023D0000A02C3F1100132F8022CCA4005991143D8
:1023E0000591029A801A6860049A00F10040013851
:1023F00002EB400207920AF102020992BA1E089209
:10240000D4F804A0029A524529D30AF1004A0AF1ED
:10241000FF3A09EB4A0A0022C3F11000D14573D9F3
:102420006FF000416B682BB104985A1830F81220F5
:10243000002A73D06FF0004175E0490089B203466D
:10244000A8E7BEF8008008FA03F64CEA060C059EE1
:102450002EF802CB28FA06F81FFA88FCAEE7019A9C
:102460000198118832F8022C42EA01420599B2FB28
:10247000F1F20999411A06910899069F00200E462B
:1024800086460199B9420DD809880844A8BB079926
:1024900021F80229019A0791023A01920AF1FF32CA
:1024A0006260ADE736F8021FB7F80080994041EA54
:1024B0001E4E1FFA8EF1514318FA80F81FFA81FC64
:1024C000090CA8EB0C0CC1EB204127F802CB01EB67
:1024D0002C40D6E738F8021F994041EA1E4EBCF85E
:1024E0000010394411FA8EF12CF8021B0F0C0199DF
:1024F0006145EFD83844013AC8E70027DDF820806D
:10250000DDF818C0BE46F2E7BAF8001041FA03F64B
:10251000324381402AF802298AB27FE7013B6B608F
:1025200080E7013B63606368002B3FF4F7AE5A1805
:1025300039F81220002AF4D0F0E60FB0BDE8F08F91
:10254000F0B51F464B6885B004460D4616464BB1A4
:102550001378DA0706D47B68012B0BD1BB681B8884
:10256000012B07D1237823F001032370002363603C
:1025700005B0F0BD01212046FFF753F97368002B29
:10258000F6D02846FFF708F905463046FFF704F96C
:102590000023CDE90133064603937368B3B1B368F2
:1025A0001B88DB070AD52A4621462046FFF7BCFDDB
:1025B0003B462246214601A8FFF776FED6E90121D7
:1025C00001230846FFF72DF8706058B901A8FFF7FE
:1025D0004CF92846FFF719F9304605B0BDE8F04040
:1025E000FFF713B92A4629462846FFF79DFD3B46CB
:1025F0002A46294601A8FFF757FECEE710B5D0E9D5
:102600000121034601EB42020020914204D31B78D2
:10261000DB0748BF404210BD32F8024D44EA00409B
:10262000F3E730B5D0E90124002304EB42029442E1
:1026300006D30278D20748BF5B420B60012030BD51
:10264000B3F5004F04D232F8025D45EA0343EEE7EA
:102650000020F4E72DE9F74FDDF830C0019206467F
:102660000F4609B30CEB0300D6E9018901240021D0
:102670001A46A2468E46B8F1000F17D101990029DB
:1026800045D0002A43D1002B41D0002F3BD09CF8ED
:1026900000302CB13478DB4384EAD31404F0010415
:1026A000204603B0BDE8F08F6046DDE739F8025BF5
:1026B0000EF1100E45EA0141BEF1070F02DC08F1F0
:1026C000FF38D8E796F800B08DB21BF0010F1FBF9E
:1026D000ED435AFA85FA1FFA8AF5CAF3072A42B976
:1026E0001CB1EDB2B5FA85F46409AEF1080E090A21
:1026F000E2E7EDB227B100F8015C0138013AF4E7F6
:1027000000F8015BFAE7634413F8013CC1E7337852
:1027100013F0010F14BFFF210021002F18BF6046E6
:1027200027F0C2FCBCE70000D0E901329FED0C0AA3
:102730009FED0C7A02EB43039A4205D30378DB0743
:1027400048BFB1EE400A704733F8021D07EE901AF9
:10275000F8EEE77AE0EE077AB0EE670AECE700BF42
:1027600000000000000080472DE9F74F0A29446867
:102770009DF830A00D9E154614BF0422032280460A
:1027800089460092A4B98DB1013D324615F8011F6A
:10279000134641B930221A70002203F8012F981B0A
:1027A00003B0BDE8F08F02F8011BEFE73346F1E715
:1027B000640020460193FDF75BFDD8F8081022461F
:1027C000074627F02DFC019B3046B34607EB040C6F
:1027D0003A3BACF102040021A742A6461DD9303194
:1027E00039295C4688BFC91804F8011B39468C4555
:1027F0008E461DD83846FDF763FD65BB98F800305E
:10280000DB0744BF2D2304F8013B3346621E9A4286
:1028100033D800232370A01BC2E7BEF800E04EEAC5
:10282000014EBEFBF9F124F8021909FB11E1D3E7CF
:10283000BEF800200231002AD9D0BAF1000F08D02A
:10284000009A211A914204D10BF102048BF801A0E5
:102850002046A346BDE7284627F064FC29185A46BF
:102860000B46AB4204D88D4288BF00200444C5E724
:1028700013F8017D02F8017FF3E71978107803F867
:10288000010B02F80119C2E7D0E9023293423DBFC1
:102890005A1C826018784FF0FF3070470368013B84
:1028A000033310B5044602D84068FDF709FD204601
:1028B000BDE81040FDF704BDF8B5054610200C46F4
:1028C0001F461646FDF7D4FC054B8460C0E9007432
:1028D0003444C4606B60034B2860AB60F8BD00BF3C
:1028E000892802089D28020802690A2AF8B50446C8
:1028F0001BD18369013383610123E361237D23615C
:10290000637D237500260A27256EB5B16B1CA26D69
:102910002366555D626D934201D366652666237D0D
:102920000D2B14D0BDB16575F8BDC369092A04BF6C
:10293000073323F007030133DFE7D4E901039847A6
:10294000431CECD0012838BF01200546E7E70A2DDB
:102950002775D9D0E6E7237D002BE4D00A2B18BFDA
:102960000A25E0E701692729024601D0222912D170
:10297000012024E0137D272BFAD0222BF8D07229D6
:1029800014D1662B16D1507D2728F1D0A0F1220357
:10299000584258417047A1F16200132804D8084BEF
:1029A000034113F00100E5D000207047662904D1EF
:1029B000722B00E0622B02D1E5E76229F8D0704764
:1029C000EEFFF6FF38B504460D462069D0B10A285F
:1029D00006D10DB1636AB3B12046FFF785FFF4E776
:1029E000FEF788FD0028F7D12369232B08D1204664
:1029F000FFF77AFF2369002BE7D00A2BF7D1E4E732
:102A00005C2B02D00025284638BD237D0A2BF9D146
:102A10002046FFF769FFDFE72DE9F04F002304466A
:102A200085B001214364FFF7CDFF276AA369636383
:102A3000002FE369A36307DA072384F83C300137EA
:102A4000276205B0BDE8F08F04D0062384F83C303F
:102A5000013FF5E7002835D039462046FFF7B2FFA1
:102A6000052384F83C30D4E90B3003F10042013AED
:102A7000E56930F81220013D9542E2D009D8013BCA
:102A800030F81320954218D3DBD0022384F83C3071
:102A9000D7E7A16A8B4207D308314900FDF703FC51
:102AA000A36A20630833A362E36A5A1CE26220F837
:102AB0001350236A01332362C3E7226AE362013AB7
:102AC0002262DCE7256915B984F83C50B9E7204655
:102AD000FFF748FF0646002800F00C8284F83C709F
:102AE0002369722B6CD008D8622B0CD0662B71D066
:102AF000B9460025A8460B230EE0753BD3F100092B
:102B000049EB0309F5E7237D722B4FF0000569D0EF
:102B1000A8464FF001090C2394F83C20002A6AD102
:102B200084F83C30B9F1000F08D02046FFF7DCFEF6
:102B3000B9F1020F02D12046FFF7D6FE2369222BFE
:102B40000CBF2223272320460193FFF7CDFE2369E4
:102B5000019A934240F08680237D934240F0828028
:102B60002046FFF7C1FE2046FFF7BEFE4FF00309E7
:102B700035B1A36E23B9A64904F16400FEF737FC12
:102B800004F140034FF0000B02932169002900F08B
:102B9000A881B9F1010F02D10A2900F0A281CB4529
:102BA00063D3594604F14000FEF746FC012120465C
:102BB000FFF708FF2046FFF7D5FE002890D11CE064
:102BC000237D622B0DD0662B10D00025B0464FF030
:102BD000010990E7237D722B354608D04FF000089D
:102BE000F5E70025B0464FF0020994E73546B046B8
:102BF0004FF002097FE79A4294D0A36E002B3FF476
:102C000020AF292104F16400FEF7AEFB236E04F12E
:102C10005006002B40F06B8103213046FEF78AFB03
:102C200023690370237D4370637D8370D4E91A5751
:102C3000216E2A463046FEF7E7FB2A46394627F042
:102C4000EFF90023A366236EA26D581C2066D15CA9
:102C50002161991C2166105C207503332366535C47
:102C60006375EEE64FF0010982E7019B8B4209D1C3
:102C7000029819460BF1010BFEF77DFB2046FFF78A
:102C800033FE82E7002D60D15C2940F02781204689
:102C90000391FFF729FED4F810A00399B8F1000FB3
:102CA0006CD00298FEF767FBD346D2E004F1640BC8
:102CB00028215846FEF758FBD4F868A00022216965
:102CC00079B172BB3A290CD07D290AD0212928D1AB
:102CD000207D7238012829D8607D3A2801D07D28CE
:102CE00024D1D4E91A21881810F8010C3D2809D103
:102CF000A2EB0A02514404F14000FEF7A5FAA26ECD
:102D0000013AA266924508BF0423584608BF84F8DA
:102D10003C302921FEF728FB2C215846FEF724FBE6
:102D200024E021F020005B280AD10132C9B25846C4
:102D30000392FEF719FB2046FFF7D6FD039ABEE784
:102D40005D2808BF02F1FF32F0E77B299CD12046C5
:102D50000391FFF7C9FD23697B2BA7D104F1400044
:102D60000399FEF701FB2046FFF7BEFD7B2104F12E
:102D70004000FEF7F9FA4FF0000B06E7BAF1780FC2
:102D800009D8BAF15B0F0AD8BAF1220F53D029D86B
:102D9000BAF10A0F23D05C2104F1400082E7AAF1C6
:102DA0005C021C2A73D8DFE802F046727272728AE3
:102DB0002A7272723A7272727272727230727272B5
:102DC0000F722D3D37725C004FF00D0B94F83C30C4
:102DD0000B2B77D1594604F14000FEF7CCFA4FF0A7
:102DE000000B4BE7BAF1550F1CD0D4D8BAF1270F1E
:102DF00021D0BAF14E0F4AD106480AF027F94FF018
:102E0000080BE3E74FF0090BE0E74FF00A0BDDE7B3
:102E1000E9C70508F2C705084FF00B0BD6E74FF0DE
:102E20000C0BD3E794F83C200C2A06D15C2104F16A
:102E30004000FEF7A0FAD346C8E7BAF1750F14BFF9
:102E40004FF0080A4FF0040A4FF0000BBAF1010AE4
:102E50000AD2BBF5881FB9D34FF0010384F83C3088
:102E6000BDE74FF0020AEFE72046FFF73DFD22697C
:102E700003921046FEF75CFB002800F05081039A95
:102E80001046FEF795FB4FEA0B1B8344DEE7AAF1E1
:102E9000300BBBF1070F3FF67EAF4FF0030A06E0A1
:102EA0002046FFF721FD2269303A02EBCB0B227D51
:102EB000303A072ACDD8BAF1010AF1D1C9E74FF06B
:102EC000070B83E7BBF1FF0FC6D80C2BC4D15FFA09
:102ED0008BF104F14000FEF747FA80E70298C9B28F
:102EE000F9E7CB453CBF032384F83C3059E6033B6C
:102EF00023669BE62846FEF707FB2169D8B95F29C0
:102F000019D07F2917D80846FEF708FB002855D1AD
:102F100023692E2B4DD0844D00262F781FB12369B5
:102F2000BB4240F0A4802046FFF7DEFC002F40F0BB
:102F3000A6800123AAE5082384F83C3004F140056B
:102F4000C9B22846FEF710FA2046FFF7CDFC2069EB
:102F5000D8B92846FEF7F9F9744F0646002557F808
:102F6000041B304627F0ECF800281CD10E35EDB2DA
:102F7000112D84F83C507FF464AD6D4BD3F80832CA
:102F8000002B14BF0E23102380E5FEF7BDFA40B9D5
:102F900020695F2805D07F2803D8FEF7BFFA0028F4
:102FA000D7D0217CCDE7FFF64CAD0135242DD6D10D
:102FB00047E5207DFEF7B2FA0028ACD021692E2922
:102FC0002AD10A2384F83C30002504F1400630461B
:102FD000FEF7D1F92046FFF787FC0A272069002871
:102FE0003FF42FAD55BB20F02003452B26D16521A2
:102FF000304684F83C70FEF7BEF92046FFF774FCBB
:1030000021692B2901D02D29E8D13046FEF7B3F9EB
:103010002046FFF769FCE1E70923302984F83C30BA
:10302000D2D1237D43F02003623BDBB2162BCBD8F9
:10303000404DDD4015F00105C7D1C5E7FEF764FA44
:1030400028B121692E290DD184F83C70DDE7206973
:10305000FEF764FA0028F4D123692E2BF1D05F2B00
:10306000D6D0EEE421F020034A2BCED1ECE7652F39
:1030700001D0632F00D10135013601354DE7212FF5
:1030800008D123693D2B7FF454AF2046FFF72CFC79
:103090003923FBE42E2F0FD123692E2B02D1237D60
:1030A0002E2B01D05C23F1E42046FFF71DFC2046C7
:1030B000FFF71AFC0D23E9E40335334615F8027CCB
:1030C000632F18D0652F16D01B4AD35C84F83C3090
:1030D000543BDBB2052B3FF6B4AC012202FA03F3FA
:1030E00013F02A0F18D113F0150F3FF4AAAC636A3E
:1030F00013446362A5E415F8012C2169914206F19D
:10310000010607D12046FFF7EFFB3346652FDBD0E2
:103110000235D3E7632FFAE7636A013BE9E701234E
:1031200084F83C30834651E6A4C70508FC10060825
:1031300034000020012040008C1106087FB50646AF
:1031400001AD742085E80E00FDF792F804460346B1
:1031500095E8070043F8046B83E8070001236FF04C
:1031600001020025C4E906320A22C4E90A23C4E99F
:1031700008551420FDF77CF82021206304F140005D
:10318000FEF774F8294604F15000FEF76FF829465F
:1031900004F164002566FEF769F8236B20461D8064
:1031A0002561A582FFF7A0FB2046FFF79DFB204687
:1031B000FFF79AFB2046FFF72FFCA36B012B06D0ED
:1031C00094F83C30052B1CBF062384F83C30204685
:1031D00004B070BD30B585B001AC05462046FFF7A0
:1031E0006BFB94E80E002846FFF7A8FF05B030BD42
:1031F00030B585B001AD04460146284620F046FBB7
:1032000095E80E002046FFF799FF05B030BD10B5D8
:103210000446B0B1C3684068984704F14000FEF727
:103220004FF804F15000FEF74BF804F16400FEF78C
:1032300047F8206BFDF744F82046BDE81040FDF745
:103240003FB810BDD0E90432013B036152F82300BE
:103250007047036942695B1A013B52F823007047CB
:10326000F8B5446A06460D46B4B1D4E900030B44F0
:10327000834222D90831002201442046FDF71EF87E
:103280000246B8B9616820460831FDF717F863684F
:103290002360336A63603462802D2F4638BF8027F5
:1032A00007F10800FCF7E4FF0023076043600446D1
:1032B000706202E023682B44236060680544656007
:1032C00008342044F8BD38B50D460C211446FFF7EC
:1032D000C7FF4FF49D72C0E90124056038BD38B5C1
:1032E000D0E903329A4204460D4608D310339900C0
:1032F0004069FCF7D8FFE36860611033E360D4E90C
:103300000432591C216142F8235038BDF8B50446F7
:103310001D46D0E9000383420F46164608D31030FD
:10332000C100A068FCF7BFFF2368A06010332360D2
:10333000D4E90103421C626053F8301067F31701AF
:1033400043F8301003EBC002D6705560F8BD10B4DE
:103350008469CAB20023616B5DF8044BFFF7D6BFE6
:10336000F0B593B0044668460E4617461D46FCF776
:103370003FFF10B1002013B0F0BD3A463146204661
:1033800009F09EFC0446FCF709FFA30703D122685D
:10339000024B9A42EED02C600120ECE7581E060842
:1033A00010F00102034604D040F001030B6001203D
:1033B0007047A8B110F0030013D11A793A2A11D13D
:1033C0009B680B6013F00100F1D19A070AD11868CD
:1033D000054B9842EBD0054BC31A584258417047F1
:1033E00070471046704700BF44270608EC240608C3
:1033F00010F001021CD110F003030CD000F00F03F9
:10340000062B15D00A2B11D100090D3803288CBFCB
:1034100000200120704770B102793A2A08D02D2A85
:1034200008D18068B0FA80F04009704710467047B4
:103430000120704718467047C20702D540F00100CE
:103440007047830710D0030900F00F00062803D14E
:10345000D80040F002007047A3F10E00022809D8FE
:10346000064B53F82000704730B103793A2B03D153
:10347000806870470248704702487047B8110608D4
:103480000C2E06084032060838B505460C46FFF7F4
:10349000AFFF38B12846FFF7CFFF0AF0D5FD031B79
:1034A0005842584138BD2DE9F0410F4605461446B3
:1034B000114689B9204612F07BF9014600F108084F
:1034C000A4B90A4628463946FFF7FDFE01462846BC
:1034D000FFF705FF012007E001392846FFF7B9FE95
:1034E000FFF786FF0028E4D1BDE8F0812846FFF70A
:1034F000A9FE0646FFF7A0FF013C48F82400002E75
:10350000DED0B307DCD1686A00F108039E42D7D34E
:10351000426813449E42D3D273681B0A0233A2EB63
:1035200083024260CCE70000F7B5866996F83C203C
:10353000A2F1080305460F46042B52D8DFE803F03A
:1035400003232B384C00D6E91110FDF7EFFC902F28
:1035500004460ED1C100002241F0020105F128000D
:103560000AF020F928B14268D3071CD542F00100C7
:1035700002E0200140F002000146284603B0BDE809
:10358000F040FFF7ACBE0022D6E911103346DFF75A
:103590002DFD0246E8E70096D6E91110002301222E
:1035A000DFF75CFE0246716B2846FFF78CFEE3E70F
:1035B000D6E911100A2906D8FDF7B8FC30B1000190
:1035C00040F00600D8E7FDF763FCF7E7D6E91121E4
:1035D000064810F0D5F9E5E7D6E9111010F0B0FA79
:1035E000E0E7120142F00A00C6E700BF34310608E6
:1035F00010B5FFF7D5FE50B10B6813F0010007D1ED
:103600009A0704D11868034BC31A5842584110BD99
:103610000120FCE7442706080021FFF735BF012100
:10362000FFF732BF2DE9F04F2D2A85B004468846BA
:1036300016461D460BD10021FFF70BFEC0B18207D5
:1036400002D10379922B13D005B0BDE8F08F922AF6
:103650002ED10021FFF7FDFD014648B1830707D1B8
:103660004768FBB2952B18D12046FFF7EBFD013DD3
:10367000A6F12303DFB2092F00F2EB80092B00F241
:10368000CF80DFE813F0ED00ED00ED001E011E011C
:103690001E014501ED00CD008F01962BE8D127F0EA
:1036A000FF07204647F09207FFF7CCFD4F60CBE7BE
:1036B000962A13D1D0E9012303EBC203013513F895
:1036C000153C2D2B40F0AD802A46FFF7ECFE00287C
:1036D00000F0A7806368023B6360B5E7A2F11E03B8
:1036E000012B5FD9202A00F08380052AC0D1002158
:1036F000FFF7AFFD0746002800F0938010F0030AA3
:1037000005D1436803F0FE03562B00F08A800121A7
:103710002046FFF79EFD00F00F03022B40F0818052
:10372000BAF1000F7DD13B792C2B7AD1BB6803F025
:103730000F02022A75D11B09482B72D1FB68002B9E
:103740006FD09A076DD11A79302A6AD1D3F808B0B0
:103750004FEA10195846FFF74BFE002840F0FD8055
:10376000B749B8480CF098FBA1693A680968054662
:1037700053460CF073FC2846FCF752FD1E2E0AD16E
:10378000FFF74DFF18BB3846FFF746FF00B9D34699
:103790000BF1FF3A0BE0FFF73FFFC0B93846FFF7E8
:1037A0003EFFF3E705F1FF3A8DB1AB46A94609F1BB
:1037B000FF3949462046FFF74CFD23696269A3EBB8
:1037C0000B03074642F82300B9F1000FD6D10021C0
:1037D000514508D16D1A012D3FF436AF362E00F059
:1037E0004281332E3DE12046FFF72CFD0131EFE70A
:1037F0000021FFF72EFD0746FFF70EFF68B9384698
:10380000FFF70DFF68B1EA212046FFF71BFD2046B8
:1038100005B0BDE8F04FFFF762BD4FF48571F3E7E7
:103820002B26A91C89002046FFF71AFD46EA05232E
:103830000746C0F80080436000F10801002D40F009
:103840001B81962E03D139462046FFF748FD3946A5
:10385000DDE7922E00F0FE80062E00F00481BDE729
:10386000691E2046FFF7F5FC01A9FFF799FD002826
:10387000B7D0022F9ABFA6F10D095FFA89F94FF070
:103880002209AF1E002F09DA002D40F0CD80019AE9
:10389000D30740F1CE8042F00101B8E73946204617
:1038A000FFF7D7FC02A9FFF77BFD002899D0DDE9DF
:1038B000011201AB4846FFF753FD002891D0013FAC
:1038C000E0E7691E2046FFF7C4FC01A9FFF768FD89
:1038D000002886D0AF1E002FD6DD791E2046FFF7C8
:1038E000B8FC02A9FFF75CFD00283FF47AAF394627
:1038F0002046FFF7AEFC00092438DDE9011201ABD8
:10390000C0B2FFF72DFD00283FF46BAF023FE2E7A6
:1039100000212046FFF79DFC01A9FFF741FD00288B
:103920003FF45FAF01212046FFF793FCC0F307107F
:10393000332801990BD1CF0707D488077FF451AF03
:103940000A68414B9A427FF44CAF022001E03F38B5
:10395000C0B208F0F3FB019096E75846FFF76CFD04
:103960004FEAC9030A46074643F0020104F1280062
:1039700009F018FF47604846FDF79DFB03785F2B71
:10398000204608D1FFF75EFC00252046FFF75AFCD1
:10399000A84608266CE6FFF755FC59462046FFF777
:1039A0009EFC3EE701212046FFF753FC00F00F0389
:1039B000022B07467FF415AF00212046FFF749FC94
:1039C00000283FF40EAF10F003027FF40AAF037932
:1039D000322B7FF406AF3909C900D0F808901B4894
:1039E00041F0020109F0DEFE00283FF4FAAE406823
:1039F00002AA4FEA191108F0E3FA029B002B3FF4E8
:103A0000F0AED9070AD49A077FF4EBAE1A680E49D4
:103A10008A4203D00E498A427FF4E3AE039A002A19
:103A20007FF4DFAE01932FE72046FFF70BFC013D4B
:103A30002AE729462046FFF746FC0146E7E600BF95
:103A40008BC805089821060844270608C4110608F3
:103A5000EC240608D4E9012303EBC20313F8053C68
:103A60002D2B7FF4DEAE2A4641462046FFF71BFD94
:103A700000287FF4E9ADD4E62046FFF7E3FB013DE3
:103A800041F82500DAE600BF0346006830B550B1C2
:103A900084070AD14468E5B28D4206D100F10803DB
:103AA000200A136030BD0346FBE70120F9E7000060
:103AB0002DE9F04FA94B97B0CDE9073102900D46A3
:103AC00005A8A74901920024FCF770FB40234FF49E
:103AD0000070CDE90934FCF7CBFB20230B9080204C
:103AE000CDE90C34FCF7C4FB2146CDE90E0513A843
:103AF000CDE9114409F020FE019B002B48D0022B98
:103B00000CBF3F2222460023696B964F09A8FFF79E
:103B1000FDFB00230A9C002C00F06481013C0B9902
:103B200091480A9401EBC40251F83410D6785268D7
:103B3000C1F3170A8D4911F806B08D49895D632ECE
:103B400088BF41F4807100EB41080BF0300110296F
:103B50000BF00F091ED020294BD0002B00F01B8149
:103B6000B9F1020F40F00A81012A40D000211BF078
:103B7000010F02F1FF3306D0B8F802003840B0F56B
:103B8000805F08BF5308012B40F0E580E1B1E2E01F
:103B90003D22B8E702B1BBB108EB420825E0C346BD
:103BA00038F8023B03EA0701B1F5805F0ED195F8C2
:103BB0003C10C3F30B03994216D109A83146FFF715
:103BC000B3FC2846FEF728FF0023A3E7531C4B4510
:103BD00004D23246514609A8FFF798FBBBF8001003
:103BE00009A8FFF7B4FBEFE701329145D7D80123CD
:103BF00090E773B102F10043013B38F813303B40CA
:103C0000B3F5405F21D1002109A80392FFF767FBBC
:103C1000039A08EB420491452BD8019B83B1052EF2
:103C20000ED1002109A8FFF714FB48B9012109A80A
:103C3000FFF70FFB830744D000F00F00022845D1A7
:103C4000002408EB4903A1465AE0012ACFD995F890
:103C50003C30062B40F0F480464947480CF01CF9F4
:103C60006A6B2968044600230CF0F8F92046FCF73B
:103C7000D7FA039434F8021B01EA0700B0F5805F1D
:103C800016D195F83C00C9B288420ED1082805D15A
:103C9000314609A80392FFF747FC039A039228468E
:103CA000FEF7BAFE039A0132B5E7002A9FD0CEE7AD
:103CB000531C5146324609A8FFF728FB039B19887D
:103CC0008EE70028BCD003793A2BB9D109A8FFF7B9
:103CD000B9FA09A8FFF7B6FA00230822514609A845
:103CE000FFF7A0FC70E733F8022D02EA0701B1F5F7
:103CF000805F10D1D2B2082A02D1013409F1010942
:103D00004345F0D1B9F1010F1CD11BF0400F19D080
:103D10000026314610E0214609A80393FFF799FADF
:103D2000039B08B109F101090134E9E7FFF78AFAB9
:103D30000136002818BF0146A64209A8F6D1FFF7B0
:103D4000CEFA41E71BF0800F04D0002109A8FFF74D
:103D5000C6FA013423463246C0E700BF0F320208DC
:103D6000C3BE020800F0FFFFB012060838160608AE
:103D70000012060897C8050874210608012A3FF4B6
:103D800036AF12F001013FF4F2AEB9F1030F7FF448
:103D90005EAF0121EBE609EA020303F0010338F804
:103DA000134004EA0701B1F5805F13D195F83C1088
:103DB000C4F30B04A14202F1010409D11BB931463D
:103DC00009A8FFF7B1FB2846FEF726FE2246E2E7E8
:103DD0002246C5E6531C5146324609A8FFF796FA1B
:103DE0002146FDE613A809F0BBFC129850B14168CA
:103DF00022460831FCF762FA129B5A681A60119A3F
:103E00005A60119395F83C30002B7FF420AF0D9B46
:103E1000002B3FF41CAF0E9B0B981B681093FCF714
:103E20004FFA0E98FCF74CFA0120FCF7C7F9DDE9D0
:103E30001001029B83E80300184617B0BDE8F08F1D
:103E4000022B01D1034908E7042B0CBF02490349A7
:103E5000034803E7A0C80508C7C80508DAC805086D
:103E60009821060838B50446406808B9606038BD36
:103E70004568FCF725FA2846F7E70000F8B505463F
:103E800030200E461746FCF70CFA072D0446057045
:103E9000C66001D0012D0FD1B368C3F30F13A38205
:103EA00007F091FC042320612783E3842020FCF7A2
:103EB000DFF9E0622046F8BD014B5B5DEFE700BF34
:103EC000E816060810B50446C06AFCF7F9F9204662
:103ED000BDE81040FCF7F4B930B5058D044600226A
:103EE000954201D8002030BDE36A03EBC20043686D
:103EF0008B42F8D00132F3E770B504460D46164602
:103F0000FFF7EAFFC0B9E38C228D9A4208D306334B
:103F1000D900E06AFCF7C7F9E38CE0620633E3847A
:103F2000238DE26A591C02EBC300218502F833603D
:103F3000002343704380456070BD034618465B68AC
:103F4000002BFBD1FFF7C8BFF8B544680E462CB96B
:103F5000F8BD042BFCD105230370F9E7254628465C
:103F60006D68002DF4D077683946FFF7B5FF00285B
:103F7000F5D00378043B022BEAD8062535700022E1
:103F800039462046FFF7B8FF0378002BE1D10570D2
:103F90006468F4E7036A1B8B012B1EBFC3685B18C0
:103FA000C3607047836A10B504469B6F406A9847A8
:103FB000238B226A0133918C9BB29942238338BFB1
:103FC000938410BD038B10B5013B0383836A0446C1
:103FD000D3F88430406A984720460121BDE810405C
:103FE000FFF7D8BF2DE9F04F85B004460D46039288
:103FF00098461BB1CB8A43F00803CB82039BEB832B
:10400000236ADA8A42F03002DA821B78002B46D12A
:10401000A36A039AD3F8B460606A43462946B4465B
:1040200005B0BDE8F04F6047DB6A03EBC60B13F841
:104030003630053B012B1DD84FF0000917E0EB6A25
:1040400003EBC90213F83930062B0ED1DBF804104C
:104050005368994209D1A36ABBF802201B69606AC0
:104060001F460023B8470AF1010A09F101092B8D07
:104070004B45E4DC0136236A1A8DB242D4DCBAF136
:10408000000FC5D0A36ACDF80080D3F8B860606A8D
:10409000039B52462946B04705B0BDE8F08F002685
:1040A000B246E8E7836A10B50446D3F88830406A20
:1040B00000219847A36A606A1B6B0F219847A36A87
:1040C000606AD3F8CC300121984720460321BDE82F
:1040D0001040FFF75FBF38B5836A04465B6C406AE7
:1040E00000229847A36A606AD3F8C05000231A469A
:1040F0001946A8472046BDE83840FFF7D3BF836A7A
:1041000089681B6D406A002209091847836A89681B
:10411000DB6B406A184710B50446084611461A463C
:10412000FFF7ACFE236A436000238360E3690BB9A9
:10413000E06110BD1A469B68002BFBD19060F8E748
:104140002DE9F04F87B0054600AF0C4611B90121AB
:10415000116013E011F0030619D10B79682B19D106
:10416000CB681B0913608C68002CF0D0012604F08A
:104170000F03022B0DD12109002EE9D0AB6A686A2A
:10418000DB6A002298471C37BD46BDE8F08F002649
:10419000EDE716B9A3681B091360A04658F8043F61
:1041A0004FEA132A08EB8A030AF1FF3BBB60C146C2
:1041B00059F8040F0009FCF773FFBB689945834465
:1041C000F6D10BF1070323F00703ADEB030DC7F89E
:1041D0000CD0E946002358F8040F3B6007F11401A6
:1041E0000009FCF774FF7A697A600146484625F0B9
:1041F00017FF3B687A6801339A454A4405D09146D7
:104200004FF02E0209F8012BE5E75946F868FCF754
:104210008DFEAB6A0146DB6A686A00229847002E71
:10422000B1D00834BB689C42ADD054F8041FAB6ACF
:10423000686A1B6D002209099847F3E731B182686B
:1042400001F00303134304BF0B68836070472DE93B
:10425000F04107461E4659B111F0030510D14B68D5
:10426000D8B290420CD14FEA13280C1D454501DB12
:10427000BDE8F08154F8041F3846B0470135F5E732
:1042800038463346BDE8F04118470000F8B504460B
:104290000E4611461A46002385780769837003612C
:1042A0000E4BFFF7D4FF6368BBB9618A51B1228A14
:1042B00042B9A36A606AD3F8A0309847A36A606ADB
:1042C0001B6C9847238A628A31462046FFF78AFE94
:1042D000003D18BF0125A5702761F8BD394B0208C4
:1042E00070B54378012B05460C4606D1036A0A4691
:1042F0001B8B0221FFF70FFF2061A268216928466E
:104300004C23BDE87040FFF7C1BF70B5134642783B
:10431000012A05460C4604D10A460721FFF7FBFE99
:10432000A061A669E268284646233146FFF7AEFF42
:10433000B08A70BD024B89689D22FFF788BF00BF1D
:1043400045500208024B89686B22FFF780BF00BF0F
:10435000D96B020838B543680D46044611464BB97F
:1043600005480BF099FD294660602046BDE83840BD
:10437000FFF764BF38BD00BF98210608014AFFF768
:10438000E9BF00BFDEC805080B79092B70B50CBF6B
:10439000858AC58A4FF6FF739D42044602D1064ABC
:1043A000FFF7D8FF218B628BA36A606A5B6F8A1A62
:1043B0002946BDE870401847EBC8050838B50546E2
:1043C00079B101F00F03022B0DD10C09204609F041
:1043D00031F8002806DA0649064822460BF0F2FDBD
:1043E0006860002038BD044AFFF7B4FFF9E700BF5A
:1043F00004C905082C21060809C9050870B514462A
:10440000054612780E4683B132B1032A04D0104A11
:10441000BDE87040FFF79EBF032626706168286ADA
:10442000FFF78BFD00B1067070BD62B901232370E8
:10443000006A2146FFF788FD2378012BF4D1054A55
:1044400031462846E4E7062AEED0034AE0E700BFFB
:1044500010C905081DC905082AC905082DE9F34139
:104460004378012B04460D461AD10B79102B0CBF53
:104470004FF001084FF0000808D0036A1B782BB9F1
:10448000114A02B0BDE8F041FFF764BF01AA6D21F7
:1044900005F10800FFF7F8FA00260746B74202D1F7
:1044A00002B0BDE8F081019B206A53F8261000227B
:1044B0000909FFF721FD4346024629462046FFF73A
:1044C0009DFF0136EAE700BF31C905084278012A9D
:1044D0000B4602D1006A02F011BE816A026A406A8C
:1044E000203102F01ABE4278012A0B4602D1006A3E
:1044F000FFF702BD816A026A406A103102F00DBE08
:1045000070B505460C4600292ED0CA0706D5836A29
:104510005B6B4910686ABDE8704018478B0717D07D
:1045200004F00F04022C4FEA11110AD0062C0CD013
:10453000052919D0836A406A1B6BBDE87040C9B277
:104540001847BDE87040FFF7CEBF836A9B6BE1E779
:10455000836A0968DB68406A98472279034B2146E1
:1045600053F822302846D6E770BD00BFF016060883
:104570002DE9F74F05460C4616461F462046FFF725
:104580004BF840B16EB9AB6A9B6E3946686A03B0AE
:10459000BDE8F04F18472046FFF741F820B1002E44
:1045A000F1D103B0BDE8F08F002C48D0A30746D16D
:1045B00063684FEA132BDBB21E2B18D1DEB1043433
:1045C00004EB8B0B5C45ECD054F8041F3B463246A1
:1045D0002846FFF7CDFFF5E75AF8041F019243463E
:1045E0002846FFF7C5FF09F10109019A11E01F2BC9
:1045F0001FD1002EE3D0D5F80C8008F10103EB6049
:104600000BF1FF3304F1040A4FF00009009386F028
:104610000102009B4B45DFDC0BF101013B4654F8E6
:10462000211032462846FFF7A3FFAB6A41469B6A3A
:10463000ACE7202B03D1A46886F001069EE7214653
:104640002846FFF75DFFAB6A686ADB6E3A46314683
:1046500003B0BDE8F04F184738B5026A1278072A50
:1046600004460B4606D0022A04D0BDE83840144A5E
:10467000FFF770BE9D6885B9A36A606A1B6B0F2146
:104680009847A36A606AD3F8CC3000219847204647
:104690000121BDE83840FFF77DBCAB070BD12B797A
:1046A000AF2B08D12046A968FFF72AFF2046BDE8B6
:1046B0003840FFF7F7BC29462046FFF721FFE0E727
:1046C00043C9050870B54378CE68012B04461546EA
:1046D00006D1036A0A461B8B2946FFF71CFD706151
:1046E000002371691A462046FFF77CFCF1682046DA
:1046F000FFF706FF062D05D1A36A606AD3F888305C
:1047000000219847A36A606AD3F8BC500023AC46E6
:104710001A46BDE870400121604738B50C46054691
:10472000C968FFF7EDFEA1682846BDE83840FFF7ED
:10473000E7BE0B79342B70B504460D4610D189685D
:10474000FFF7DEFEED68AD6885B9A36A606A1B6B92
:104750000F219847A36A0422D3F8A03002211AE05F
:10476000836A406A1B6B0F219847ECE7AB071FD1A8
:104770002B799A2B13D1A36A606A1B6B0F21984780
:10478000A9680029E6D02046FFF7BAFEA36AD3F84D
:10479000A03004220321606ABDE8704018479B2BBB
:1047A00006D1A9682046FFF7ABFEEB689968E8E7F9
:1047B00029462046FFF7A4FECCE710B504468968D9
:1047C000FFF79EFEA36A606ADB6CBDE81040002123
:1047D000184700002DE9F7438D68044616465DB979
:1047E000002A75D0836AD3F8A03002222946606A75
:1047F00003B0BDE8F043184715F0030740F08A8086
:104800002B79372B13D132B1836A406AD3F8A030A9
:1048100002220121984720462946FFF771FEA36A2C
:10482000606AD3F8A43003B0BDE8F04318479F2B6B
:1048300070D1EB681A79A12A5AD1A22101AA03F1F9
:104840000800FFF721F9A968804621B38B0722D120
:104850000B79372B1FD136B1A36A411CD3F8A03096
:10486000606A02229847A9682046FFF749FEA36ABA
:10487000606AD3F8A43098474FF00109474510D13A
:10488000B9F1000F24D1A36A606AD3F8A0300322E3
:10489000791C98471CE02046FFF732FE4FF00009D4
:1048A000ECE7019B53F82710A9B18E0713D10E79BD
:1048B000A6F13700464246412046FFF721FEB9F1F6
:1048C000000F11D04EB9184A29462046FFF742FD85
:1048D00003B0BDE8F0830026EEE7A36A606AD3F870
:1048E000A43098470137C9E7002EFBD00F4AEBE709
:1048F000AB685BB19A0709D11B79372B06D104222B
:10490000294603B0BDE8F043FFF7DCBE0522294687
:104910002046F6E729462046FFF7F2FDA36A032268
:10492000D3F8A030012162E74EC905085FC9050828
:104930000122FFF74FBF70B50D46C9680446FFF767
:10494000DFFDA968A36A606AD3F89830C1F3071144
:10495000332918BF3F39BDE8704014BFC9B20221E6
:104960001847F8B54F680C4689680546FFF7C8FD3B
:104970003F0A0C3400260236B74204F1080400DC7A
:10498000F8BD54F8041C2846FFF7BAFD54F8081C7B
:10499000AB6A686AD3F89C3009092439C9B29847D0
:1049A000E9E72DE9F0410C464E6854F8081F05462A
:1049B000FFF7A6FDA6F10D085FFA88F8360A012771
:1049C000B74201DBBDE8F08154F8041F2846FFF729
:1049D00097FDAB6A686AD3F89C3041469847013727
:1049E000EEE72DE9F0414E6804460D46360A896827
:1049F000FFF786FD032E83BFD4F80C8008F1010376
:104A0000E3604FF0000801277B1C9E4222DC032E4E
:104A100055D9E568606A6B1CE360A36A29469B6E02
:104A20009847A36A606A9B6A41469847A36A606A8E
:104A30009B6801219847A36A606A1B6E9847A36A26
:104A4000606ADB6D9847A36A606A9B6A2946BDE885
:104A5000F0411847296920460237FFF751FDB74258
:104A600007DAA36A606A5B6D9847A36A606A5B6E47
:104A70009847EB68A26A606AD2F89C2003F00F01A5
:104A80000A2911D1C3F30713252B1ABF343BD9B21E
:104A900006219047B74205DAA36A606A1B6F424657
:104AA000002198470835AFE71979852901D13221CE
:104AB000EFE79B680BB90721EBE73321E9E7BDE896
:104AC000F08110B504468968FFF71AFDA36A606A91
:104AD000D3F89830BDE81040032118472DE9F0477E
:104AE0000D46D0F80C8055F8046F5FFA86F9A9F1ED
:104AF0001E03D3F1000949EB030908F10103044641
:104B0000C360360A0027B74206DBA36A606A9B6A65
:104B10004146BDE8F047184755F8041F20460137C5
:104B2000FFF7EEFCB742F0DAA36A606A1B6F4246F9
:104B300049469847E7E7000001F00F03022B70B5E4
:104B4000044612D00B79492B09D0483B082B18D8C2
:104B5000DFE803F0081707171717170507000123E9
:104B6000A37070BD8E680D6975B9A378002BF8D15C
:104B7000638A002BF5D020461D4ABDE87040FFF740
:104B8000E9BBD1E90265EFE7A3783BB3238A0133A0
:104B90009BB2012B23820ED1618AD4E90903D1B1E2
:104BA000D3F8A03000229847A36A606AD3F8A030F7
:104BB00002220021984729462046FFF7A1FCA36A5C
:104BC000606A9B6B31099847A36A606AD3F8A43086
:104BD000BDE8704018471B6C9847E5E7638A0133CE
:104BE000638229462046BDE87040FFF789BC00BFBC
:104BF0006AC905082DE9F041C568D1F80C800E4658
:104C0000AB1C04460022D8F80810C3602B46FFF7FF
:104C1000AFFCB1682046FFF773FCA36A606A9B6E25
:104C20006F1C39469847A36A606A9B6A2946984771
:104C3000A36A606A9B684FF0FF319847D8F80C1060
:104C40002046FFF75DFCA36A606A9B6A3946BDE8AF
:104C5000F04118472DE9F047C668D0F814A0B0F825
:104C60001A908682B31CC36006F10108038BA0F87A
:104C700016800446438388680D46FEF7CDFCF8B9DC
:104C8000E768A8687B1CE360FEF7C9FC20B9A36A4B
:104C9000606A9B6E41469847A36A606A9B6A394680
:104CA0009847E9682046FFF72BFCA36A606A9B6A75
:104CB00041469847A9683B4601222046FFF758FC29
:104CC0002969C4F814A02046A4F81A90FFF718FC2C
:104CD000A36A606A9B6A3146BDE8F04718472DE930
:104CE000F347C668731CC360044688680D46FEF728
:104CF00093FC0246E8B9E768A9687B1CE36020469C
:104D00003B46FFF735FC2046E968FFF7F9FBA8684A
:104D1000FEF785FCD8B92B690BB96B6923B1A36A7F
:104D2000606A9B6E31469847A36A606A9B6A3946FF
:104D3000984701AA712105F11000FEF7A5FE002792
:104D400081464F450BD169692046FFF7D9FBA36A1D
:104D5000606A9B6A3146984702B0BDE8F087019BC4
:104D600053F82780D8F80800FEF756FC024600BB2F
:104D7000D4F80CA0D8F808100AF10103E36020462B
:104D80005346FFF7F5FBD8F80C102046FFF7B8FBA9
:104D9000D8F80800FEF743FCD4E909230028D6D14F
:104DA0009B6E314610469847A36A606A9B6A5146DB
:104DB00098470137C5E70000184B2DE9F041D3F8BB
:104DC000087204460D463FBBC6688968731CC36001
:104DD00001223346FFF7CCFBA36A606A5B691F219F
:104DE00001229847E96851B12046FFF789FBA36A81
:104DF000606AD3F8BC503A463B460121A847A36AF3
:104E0000606AD3F8C83001219847A36A606A9B6A38
:104E10003146BDE8F0411847BDE8F081340000207C
:104E200070B58D6804463DB9836AD3F8C830294609
:104E3000606ABDE870401847AB070ED12B795E2B36
:104E40000BD1A968FFF75CFBE9682046FFF758FB28
:104E5000A36A0221D3F8C830EAE729462046FFF7C3
:104E60004FFBA36A0121D3F8C830E1E710B504462F
:104E70008968FFF745FBA36A606ADB6DBDE81040F7
:104E8000184700002DE9F041026A1278072A04460B
:104E900004D0BDE8F0411A4AFFF75CBA8D685DB9ED
:104EA000836A406A1B6B0F219847A36A606AD3F834
:104EB000C430BDE8F041184715F003021DD12B792D
:104EC0001B2B1AD1C668EF68731CC360B9683346E0
:104ED000FFF74EFBA9682046FFF712FBA36A606A42
:104EE000D3F8C4309847A36A606A9B6A31469847F2
:104EF000F9682046FFF704FBD7E72946F9E700BF2A
:104F000088C905082DE9F0410C46054654F8046FA0
:104F1000360A04EB8607BC4208D1AB6A686AD3F84C
:104F2000A03031460022BDE8F041184754F8041F74
:104F30002846FFF7E5FAEEE7896810B4034641B961
:104F4000826A406AD2F8A0400A4623465DF8044BC4
:104F500018474A68120A022A0BD1CA684AB1940754
:104F600007D11279AC2A04D15DF8044B0622FFF771
:104F7000A9BB5DF8044B1846FFF7C4BF2DE9F0410B
:104F80000E46054656F8043F0F464FEA1328002404
:104F9000444501DBBDE8F08156F8041F2846FFF7C1
:104FA000AFFA6B683BB10234284657F82410BDE8CD
:104FB000F041FFF743B90134EAE710B50446FFF7C3
:104FC000DDFFA36A606AD3F89C30BDE8104022215F
:104FD000184770B58D68044645B9836AD3F8A03088
:104FE00001222946606ABDE870401847A9071ED112
:104FF0006B68DAB2922A1AD11B0A022B0CD1EB6829
:1050000053B19A0708D11B79AC2B05D1294603224D
:10501000BDE87040FFF756BB29462046FFF7AEFFBC
:105020006968A36A0122D3F8A030090ADAE72946A1
:105030002046FFF765FAA36A0122D3F8A030114693
:10504000D0E7000001F00F03022B2DE9F0470546E1
:105050000C4604D1BDE8F0470909FFF737BA00292B
:1050600055D011F0030652D10B792C2B38D1896819
:10507000FFF746FAE668002E49D016F0030846D13D
:105080007768FAB28E2A334609D13F0A06F104093D
:1050900007F1FF3AC24510DC013756F827301A797C
:1050A000312A12D199682846FFF72AFAAB6A686A52
:1050B000DB6CBDE8F0470221184759F8041F284669
:1050C000FFF71EFA08F10108E4E7322A1FD19968B8
:1050D000AB6A686A1B6DBDE8F047022209091847F0
:1050E0002D2B14D18C6894B163681B0A022B06D057
:1050F000271D6368B6EB132F10D3BDE8F087E36874
:10510000002BF5D09A07F3D11B79AC2BF0D12146B7
:105110002846064ABDE8F047FFF71CB957F8041FB8
:105120002846FFF78FFF0136E3E700BF94C9050863
:105130002DE9F8430446006AC68A1746B2070D46B1
:1051400006D5374A29462046BDE8F843FFF702B99D
:1051500001F00F02022A18D1A37809098BB1838BC1
:10516000013383834FF000094FF00108002955D027
:105170000022FEF7C1FE03780646002B38D0294AEC
:10518000E0E7438B01334383ECE70A79BA4289466F
:105190000BD18968A37809091BB1838B0133838301
:1051A000E2E7438B01334383DEE79A4218D1A378C9
:1051B000002BC6D10122A270896879B301F00F02D9
:1051C000022A18BF894646F0040618BFD9F808100D
:1051D000C68206BF0909994609094FF00308C5E7C9
:1051E000896846F002060909C6824FF00508BDE746
:1051F0000423037080F80180236A1B8B032B0DD1DD
:10520000482F0BD1B9F1000F08D0D9F80C10204667
:10521000FFF7D4F8737843EA00137370BDE8F8839E
:10522000DAC805089EC9050849234822FFF780BF50
:105230004F234E22FFF77CBF2DE9F04F0E468DB075
:10524000016200214270C1603378072B0446154685
:1052500005D08A4A0DB0BDE8F04FFFF77BB8012AB0
:1052600005D0036B021D1B68C06A29469847637806
:10527000D6F80C80032B10D10BAA462108F10C00A4
:10528000FEF702FC236B0B9A9B680146E06A984785
:1052900063687083002B40F0BA80D8F81010B9B161
:1052A00001F00F03022B0FD10B09752B3ED006D84E
:1052B0003E2B3DD05E2B0BD0714A2046CAE7B3F59A
:1052C000956FF9D1032304E06E4A2046FFF742F8B8
:1052D0000223049309AAD8F814300893192108A8C6
:1052E000FEF7D2FB4FF000090690069B994521D1AD
:1052F0006378012B16D9236B04995B68E06A9847A1
:105300006378042B0ED1206A049BE26A0393438BDB
:1053100002930023CDE900330521D2E9023200696E
:1053200006F061FA6368002B71D114E00023D0E726
:105330000123CEE7099B53F829100B79082B4FEA7C
:10534000890B02D109F10109CFE7052B06D04E4A9E
:105350002046FEF7FFFF0DB0BDE8F08F8B68002BF5
:10536000F5D09A07F3D1CA68002AF0D11A792C2A0D
:10537000EDD19E6806F00F02022AE8D1D3F80CA006
:10538000BAF1000FE3D01AF0030FE0D19AF804301D
:10539000302BDCD10AAAA4210AF10800FEF774FB25
:1053A000360940F2B3339E4207461BD1012805D18E
:1053B0000A9A136803F00F03022B04D0334A099BA7
:1053C00053F80B10C4E7E168012D01F10103E3601C
:1053D00019D01268236BE06ADB681209984790B90C
:1053E0002B4AECE7B6F53A7F15D1012803D10A9B89
:1053F0001968CB0701D4274AE1E7012D03D0E06A01
:10540000491002F0BFFB6368002B9BD0D046D8F850
:105410000030A3609FE740F22D339E4223D1012844
:1054200004D90A9B1A6812F0010601D11A4AC6E78C
:10543000012DE8D0531007930A9A0BA952F82600C1
:10544000FEF7D6F808B9154AB9E7E36A0B98059351
:105450000BF0EBFF013602460799059802F099FB25
:10546000B742E9D1CFE7012DCDD0236B0246D3F867
:1054700010B0E06A0A9B3146D847C4E7A8C90508BE
:10548000BEC90508C2C90508CAC90508D8C90508A2
:10549000E4C90508E8C90508F4C9050806CA0508ED
:1054A0004278012A0B4602D1006A01F027BE816AC8
:1054B000026A406A183101F030BE00002DE9F14F58
:1054C0008F0704460D46164613D001F00F03022B3A
:1054D00018D102F0FD06012E4FEA111104D001B0DF
:1054E000BDE8F04FFFF7DCBF01B0BDE8F04FFEF7BD
:1054F000FABF4968CBB22D2B7FD00BD8062B0ED02C
:105500002C2B13D0514A2946204601B0BDE8F04F5C
:10551000FEF720BF2E2B00F084809D2BF2D1002EB1
:10552000F0D105F10802090A20467FE0022A02D0E4
:10553000A968FEF7E5FFEF68002FE3D017F0030935
:10554000E0D17B68DAB28E2AB8460DD1022E4FEA3E
:10555000132805D007F1040A08F1FF3BD94515DBF4
:1055600008F1010857F8288098F80430312B27D12A
:10557000022E13D1A36A606A5B6E9847A36ADB6C44
:105580000121606A01B0BDE8F04F18475AF8041FC6
:105590002046FEF7B5FF09F10109DFE72046D8F8FC
:1055A0000810FEF7ADFF012ED4E9090305D19B6D6C
:1055B0009847A36A0021DB6CE3E7DB6C0121E1E79C
:1055C000322B9FD1012ED4E909030CD15B6D984792
:1055D000A36AD8F808101B6D0022606A090901B09F
:1055E000BDE8F04F1847022E01D11B6E9847A36A01
:1055F000D8F808101B6D0122EFE7AA68002A81D0B5
:10560000002E7FF47FAF5168090A022907D1D368C1
:105610002BB1980703D11B79AC2B3FF473AF083241
:1056200082E7002A7FF46EAFA96821B901B0BDE816
:10563000F04F00F073B88E0703D10B79922B0A4616
:10564000E1D005F1080201216EE700BF11CA05088B
:105650002DE9F047C7681E46BB1CC360836A044639
:105660000D469B6A406A394690469847A36A606A2D
:10567000D3F88C3007F1010949469847A968002200
:105680002046FFF71BFF2D6965BB41462046FEF70C
:1056900037FF236A19780629D4E909031CD1D3F806
:1056A000CC302946984720460121FEF773FCA36AB7
:1056B000606ADB6D9847A36A606A9B6E39469847BB
:1056C000A36A606A9B6A49469847A36A606AD3F8EE
:1056D0009030BDE8F0471847B200D3F8A830053243
:1056E0009847E8E72B79AD2B07D1A9683B46002204
:1056F0002046FEF73DFFED68C6E7E9682046FEF765
:10570000FFFEA36A606AD3F8883001219847731CB2
:10571000424629462046FFF79BFFCCE72DE9F84398
:1057200004460D46904601F1FF3900264FF0FF3741
:10573000B9F1FF3F0CD17B1C05D1A36A606AD3F895
:10574000AC30294698470026AE421DD1BDE8F8830B
:1057500058F8261071B18A070CD10B79222B09D188
:1057600001370BD1A36A606AD3F8B0304A4631469C
:1057700098473746013609F1FF39D9E72046084AEC
:10578000BDE8F843FEF7E6BD58F82610B74208BF5B
:10579000896800222046FFF791FE0136D4E700BF5A
:1057A0001CCA05082DE9F0470446904699460F4665
:1057B00021B9BDE8F0471946FEF7A2BEC668731CC2
:1057C000C360156835B315F0030A23D12B797B2B01
:1057D00020D1A968FEF794FE524631462046FEF7D6
:1057E000E1FBE96852462046FFF768FE4B4608F1A8
:1057F0000402791E2046FFF7D5FFA36A606ADB6FBB
:105800003146984720460321FEF7C4FBBDE8F04728
:10581000FEF7D8BB29462046FEF772FE204600223E
:105820003146FEF7BFFBA36A606ADB6D9847DDE790
:1058300037B50C46054601AA7A2104F10800FEF7A7
:1058400023F9E368019A01462846FFF7ABFF03B04E
:1058500030BD2DE9F04F8B6803F00F03022B89B0A8
:1058600004460D4640F00081CB68002B00F0FC8020
:10587000980740F0F9801A792C2A40F0F5809A6850
:1058800002F00F01022940F0EF8012097C2A40F05B
:10589000EB80DB681A79302A40F0E6809B6806933B
:1058A00007AAA42106A8FEF7EFF8431E022B00F278
:1058B000DB80079B01281A6800F0C980022800F0ED
:1058C000C4809E68F10740F1CF80710800F0CC8061
:1058D000D3F8049032B1930704D11179A639022983
:1058E00040F2C280B9F1000F08D019F0030F05D1C2
:1058F00099F80410A639022940F2B680AB680193EA
:105900002B696F690293E5686369218B0493638B4C
:10591000039305F1010BAB1C618319F0010805F13C
:1059200004010593A582A4F816B005F1030AE1600D
:1059300005D1494620460592FEF7E2FD059A11463B
:105940002046FEF7DDFDA26A606A926E51469047DE
:10595000A26A606A926AA91C9047A26A606A526D44
:105960009047002201992046FFF7A8FD02992046A2
:10597000FEF7C6FDA26A606A926A594690473146B0
:105980002046FEF7BDFDA26A606AD2F89C200E2177
:105990009047A26A606A926A51469047D4E9090228
:1059A000B8F1000F57D1936D9847A36A606A1B6ED8
:1059B0009847A36A606AD3F89C30002EACBF0021E0
:1059C00001219847A36A606ADB6EAA1C01219847EF
:1059D000049B6361039B6383002F43D0A36A606AC7
:1059E000DB6D9847B8F1000F03D1A36A606ADB6DE5
:1059F000984739462046FEF783FDE668606A731CC7
:105A0000E360A36A31469B6E9847A36A606A9B680D
:105A100088F0010101319847A36A606A9B6A2946B0
:105A20009847A36A606ADB6D9847B8F1000F03D10D
:105A3000A36A606ADB6D984727B1A36A606A9B6AB4
:105A40003146984709B0BDE8F08F032640E79146FC
:105A50000326024646E7526D904749462046FEF728
:105A60004FFDA6E73E46D7E7E668238BB4F81A90C9
:105A700063836FEA46436FEA5343D4F814A0A382CA
:105A8000771CF31CE968E3602046E782FEF738FDE7
:105A9000A36A606AD3F8883001219847A36A606AD4
:105AA0009B6A39469847A36A606AD3F88C3006F13E
:105AB0000208414698470022A9682046FFF7FEFCED
:105AC00029692046FEF71CFDA36A606A9B6E394671
:105AD0009847A36A606A9B6A41469847A36A606ACE
:105AE000D3F8903098476969C4F814A02046A4F808
:105AF0001A90FEF705FDA36A606A9B6A314609B0F9
:105B0000BDE8F04F18472DE9F74F04461746984671
:105B10000E4629B9194603B0BDE8F04FFEF7F0BCB8
:105B2000C5682B1DC360136805F1010A05F1020B5E
:105B300005F10309002B00F0D28013F0030240F0BE
:105B4000CE8019797B2940F0CA8099680192009330
:105B5000FEF7D6FCA16A606A496D884740F2C3210E
:105B60002046FEF7B8FADDE900322046D968FFF793
:105B7000A5FC022229462046FEF714FAA36A606AB1
:105B80009B68032198473A1D4346711E2046FFF744
:105B9000BAFFA36A606A9B686FF002019847A36A24
:105BA000606AD3F880602A4651465B46B047A36AD4
:105BB000606A5B6D9847A36A606A5B6E9847A36AE8
:105BC000606A1B6E9847A36A606A5B6C00224FF4A0
:105BD00031719847A36A606A5B6E9847A36A606AEE
:105BE0005B6E9847A36A606A5B6D9847A36A606AB8
:105BF0001B6D00220A219847A36A606A1B6E9847B2
:105C0000A36A606A1B6B0F219847A36A606AD3F886
:105C1000C05000231A460321A8472046FEF742FA47
:105C2000A36A606ADB6E4A4600219847A36A606AED
:105C3000DB6D9847A36A606A1B6B0F219847A36AC4
:105C4000606A9B6E49469847A36A606A9B68022116
:105C50009847A36A606A9B6A59469847A36A606A34
:105C60005B6E9847A36A606A5B6E9847A36A606A36
:105C70009B6A51469847A36A606A5B6C00224FF4A6
:105C800031719847A36A606A1B6B0F219847A36A1A
:105C9000606A5B6D9847A36A606A5B6D9847A36A08
:105CA000606AD3F8C05000231A460321A847204653
:105CB000FEF7F8F9A36A606ADB6D9847A36A606A29
:105CC0009B684FF0FF319847A36A606A9B6A494618
:105CD0009847204603B0BDE8F04FFEF773B9194668
:105CE0002046FEF70DFCA36A606A5B6D984720466C
:105CF00040F2C321FEF7EFF9A36A606ADB6D9847B3
:105D000037E72DE9F041CD6804460E4665BB0378C0
:105D1000C3B1036A1D78ADB940F2D121FEF7E3FBB0
:105D2000B1682046FEF7ECFBA36A606AD3F8BC605A
:105D30002A462B460121B047A36A606ADB6DBDE8A5
:105D4000F0411847B1688B0707D001F00F03022B11
:105D500008D12046FEF7D4FBEEE70029F9D00B79F5
:105D60003A2BF6D1BDE8F081AF0740F0AF806B6809
:105D7000DAB25B2A11D1ED68002D4AD1006A0378AE
:105D8000072BEFD1896801F00F03022BEAD104221F
:105D9000BDE8F041D140FEF7AFB8562A13D1012239
:105DA0008968FFF78BFBE9682046FEF7A9FBA96825
:105DB000A36A606AD3F89C3009093E39C9B2984792
:105DC0000222B1687DE0572A25D11B0A5F1E0133EC
:105DD00055F82310FEF794FB002F03DDA36A606AD9
:105DE0005B6D9847B16800222046FFF767FB0435DA
:105DF0000026BE42B6DA0136BE4203DAA36A606A02
:105E00005B6D984755F8041F00222046FFF756FBAC
:105E1000EFE7A9075AD16B68DAB2062A56D1B768FC
:105E2000002F53D0BA0751D17A68D1B206294DD18B
:105E30001B0AB3EB122F4FEA122847D1A8F1020335
:105E4000012B43D8BB6823B1980702D11B79222BC1
:105E50003CD0FB6823B1990702D11B79222B35D0A6
:105E6000B8F1020F06D03B6923B19A0702D11B7922
:105E7000222B2BD0A9682046FEF742FBE96820467A
:105E8000FEF73EFBB8F1030F07D120462969FEF764
:105E900037FBA36A606A5B6E9847A36A606A1B6EF1
:105EA0009847B96800222046FFF708FBF9680022EE
:105EB0002046FFF703FBB8F1030F7FF453AF3969B6
:105EC00000222046BDE8F041FFF7F8BA29462046F7
:105ED000FEF716FB002274E70023032A2DE9F041A8
:105EE00004460D46164642700162C36080F83420B5
:105EF00002D1C08E50BBA063A36A606A1B684FF0DA
:105F000000083146A4F836802A46984706212046E4
:105F1000FEF740F86778EE68012F04BFA5F82280ED
:105F2000A5F82480B6B1B20714D133793F2B11D133
:105F3000B168FEF7E5FAA36A606AD3F8C4309847FF
:105F4000A36A606A5B68BDE8F04118478000FAF711
:105F5000A8F9D0E72B78072B00F29380DFE803F055
:105F6000049125414141410E31462046FEF7C8FAD1
:105F7000A36A606A1B6B0F219847DCE7012F12D1DF
:105F80000023A370F168574B46222046FEF75FF9C5
:105F90002B8B032B07D131692046FEF70FFAEB8AD2
:105FA00043EA8013EB827169DFE7A36A3168DB683B
:105FB000606A98476378012B07D10023A370B1680A
:105FC000494B4C222046FEF742F9F1682046FEF785
:105FD00097FAEB8ADB07AED5A36A606ADB6D984758
:105FE000C6E7012FD6F80C8005D1206A0422394675
:105FF000FDF782FF6F83A36A3168DB68606A9847A8
:106000002B78032B24D1A36AD3F8A0300122606A35
:10601000002198472B78062B28D1A36A606A1B6C55
:10602000984701212046FEF75EFAA36A606A1B6C5E
:106030009847A36A606A1B6C98470023B268414680
:106040002046FFF705FB2B78062B7FF474AF8FE714
:10605000042B04D1A36A0222D3F8A030D7E7052B82
:10606000D8D1A36A0322D3F8A030D0E7204601217B
:10607000FEF739FAA36A606AD3F88830012198479D
:10608000DBE7012F04D104220A212846FDF734FF63
:1060900017212046FEF727FA16212046FFF700FABF
:1060A000B168A36A606A9B6B090998471A21204668
:1060B000FFF7F6F931692046FEF722FA0A21284651
:1060C000FDF70AFF0246D4E909031178042902D139
:1060D0001B6B0F2150E71D69528800230A21A84736
:1060E00029E700BF2952020831520208036A10B59D
:1060F0001A8B0446FEF709F901462046BDE8104018
:10610000FFF7CEB92DE9F04F8D682B79032B85B0C1
:1061100004460AD12946FFF7E9FFAA69D38A43F06A
:106120000103D38205B0BDE8F08F026AD28AD2079C
:1061300006D4624A294605B0BDE8F04FFEF70AB919
:10614000162B40F0AD80C668E968331DC360FEF7CA
:10615000D7F9A36A606A5B6C002240F2C5219847B8
:10616000A36A606AD3F8C07000231A461946B8477C
:10617000E76863690093638B0193BB1CE360238B27
:106180006383A36A606A9B6AA78207F1010806F12C
:10619000010B4146A4F81680984701225946204633
:1061A000FDF700FFA36A606A5B6D9847204640F2E6
:1061B000C721FDF790FFA96820460022FFF77EF96E
:1061C000A36A606AD3F8943006F1020900224946B6
:1061D0009847A36A606A9B6A59469847A36A606AAF
:1061E000D3F8D0309847A36A606A5B6D9847A36A7A
:1061F000606A5B69012240F276219847A36A606A6F
:10620000D3F89C3008219847A36A606ADB6E06F1D8
:10621000030A524600219847A36A606ADB6D9847DB
:10622000A36A606AD3F89430012231469847A36A82
:10623000606A9B6A51469847A36A606A9B6801211D
:1062400098472046FDF7BEFEA36A606AD3F8D430B3
:106250009847A36A606A9B6A49469847296920461D
:10626000FEF74EF9A36A606A9B6E41469847009B11
:106270006361019B6383A36A606A9B6A31469847A6
:1062800069692046FEF73CF9A36A606A9B6A394651
:106290009847A36A606ADB6D05B0BDE8F04F184708
:1062A00003AA7A2105F10800FDF7EEFBEB68039ADB
:1062B00001462046FFF727FC34E700BF23CA050844
:1062C0002DE9F04F85B0C5681E460E9B03936B1CED
:1062D0000293AB1C0446C3600F4693462946012235
:1062E000FDF760FE39462046FEF70AF9A36A606AA8
:1062F000D3F894300022691C9847A36A606A9B6AAD
:1063000029469847A36A606AD3F8D0309847D4F8F2
:106310000C9009F10103E36000275F4518DB20467C
:10632000FDF750FEA36A606AD3F8D4309847A36A99
:1063300002999B6A606A984703992046FEF7E0F845
:10634000A36A606A9B6A494605B0BDE8F04F1847EA
:106350003346D4F80CA01A6801920AF10102E260F7
:10636000019AD2F8088004360137B8F1000F4FD1F6
:10637000BB4542D1A36A606ADB6D98470025A846F9
:10638000019B2046D968FEF7BBF825B3A36A606A73
:106390001B6B0F219847A36A606A9B6A4146984726
:1063A000A36A606A9B6801219847A36A606A1B6BB5
:1063B0000F21984729462046FFF772F829462046C4
:1063C000FEF784F8A36A606A9B684FF0FF31984734
:1063D0002046FDF7F7FDA36A606AD3F894300122E6
:1063E00049469847A36A606A9B6A51469847A36AE0
:1063F000606A9B68012198478FE720461E4A19680A
:10640000FDF7A8FF204605B0BDE8F04FFDF7DABD67
:1064100018F003052DD198F80420762A434603D1BD
:10642000DD68D8F808802D09A36A606A5B6D98471B
:1064300041462046FEF764F8A36A606AD3F89C30B0
:1064400008219847A36A606ADB6E5246002198478C
:10645000002D8FD029462046FFF722F8D4F80C8073
:1064600008F10103E360022241462046FDF79AFD50
:1064700086E70025D8E700BF3ACA05082DE9F347AB
:10648000C76898467B1C16460D46C36002223946F3
:10649000DDE90AA90446FDF785FD002E2DD1A36A8A
:1064A000606A9B680321984729462046FEF728F832
:1064B000A36A606A9B686FF002019847A36A606AEA
:1064C0001B6B0F219847A36A606A9B6A39469847FD
:1064D000A36A606A9B680121984749462046FEF7F7
:1064E0000FF8A36A606A9B684FF0FF319847204617
:1064F00002B0BDE8F047FDF765BDCDF800A043460A
:10650000324629462046FFF7DBFED7E7F0B5CE68D6
:106510003379782B85B005460C4609D1B3680193D1
:106520000023009389681A46FFF7A8FF05B0F0BD65
:10653000742B03AA4FF0770113D106F10800FDF781
:10654000A3FA3769A168039B0246F06827B9009057
:106550002846FFF7B5FEE9E7BC68CDE90004284608
:10656000E2E704F10C00FDF78FFA00230093A16825
:10657000039B0246ECE7000001F00F03022B70B50D
:1065800004460D46164602D01E4AFDF7E3FE31468C
:106590002046FDF7B5FFA36A606A5B6D9847637894
:1065A000012B4FEA151610D1226A1378033B032BF7
:1065B0000BD85068314600F0A1FD0346206A1A78D6
:1065C000032A08D13146FDF797FC31462046BDE845
:1065D0007040FEF765BF00223146FDF78DFC236A4F
:1065E0005B685B68002B02460CBF0123002304D0CC
:1065F0000178012904BF0021017029462046FDF7DA
:10660000FDFEE2E711CA05082DE9F04F87B0CDE99C
:106610000221044605AAA42103A81D46FDF734FA69
:1066200000260190B1463746B0464FF0010B019B62
:106630009E4211D127B1A36A606A5B6B49469847B5
:10664000029AD4E90903002A76D0D3F8C0403B4629
:1066500042462946A04713E0059B53F826A0BAF10D
:10666000000F5BD01AF0030F58D19AF80420A62A25
:106670001AD1B80707D5324A51462046FDF76AFEBF
:1066800007B0BDE8F08F1D2E01D92E4AF4E70BFAB2
:1066900006F2DAF80810204649EA0209FDF730FF51
:1066A000013501270136C2E7A72A0DD1A26A606A27
:1066B000126C9047DAF8081047F002072046FDF701
:1066C0001FFF08F10108EDE7A82A27D1DAF80C200E
:1066D00072B191070CD11179AA2907D19268DAF821
:1066E00008102046FFF748FF0135DBE7AC290FD043
:1066F000DAF8081001F00F02022A01D0124ABBE7B3
:10670000A26A606A926B09099047DAF80C10D5E723
:10671000062251462046FDF7D5FFE5E7BB0701D528
:106720000A4AA9E7B8F1000F01D0094AA4E7514687
:106730002046FDF7E5FED7E7D3F8BC4087E700BF6A
:1067400052CA050859CA050861CA05086ECA050873
:1067500075CA050870B50D464178012904461346EF
:1067600003D12A46FDF7D7FC6861A36A606A9B6C77
:1067700098476E6900231A4631462046FDF732FCE1
:10678000A36AB18A9B6B606A9847E96829B18B0755
:1067900003D10B79A32B08BF00212046022300223E
:1067A000FFF732FFB08A70BD002389681A46FFF7F1
:1067B0002BBF00002DE9F8430C4689680546FDF71C
:1067C0009FFEE668002E56D07768296AFBB20978EA
:1067D0008E2BA36819BF04F10C0601273F0A083667
:1067E000072903F00F024AD1022A46D11A099A2A30
:1067F00047D133681A79302A3FD19B68002B3CD1AE
:106800000A212846FDF76FFE2A6AD36A128D32B933
:106810003168404A2846BDE8F843FDF79BBD5978EA
:10682000C9070FD559682846FDF75DFE022FD5E947
:1068300009030AD8D3F8BC4000231A460221A04716
:10684000012416E0013A0833E1E772681179322930
:10685000F0D1B46821793029ECD191685B6C0122C8
:1068600009099847A168002301222846FFF7CCFEBA
:106870000324A74225D8BDE8F8830024F9E7022ABB
:10688000FBD11B09B3F5FA7FF7D133681A79302AA7
:10689000F3D19B68002BF0D013F00304EDD11B79EA
:1068A0002F2BE6D1AB6A686AD3F8BC802246234618
:1068B0002146C0473368224699682846FDF78AFF7B
:1068C000BEE704F10108B84556F824104FEA8403E6
:1068D0001AD20A79322A17D13344D3F8049099F89E
:1068E0000430302B10D18968AB6A686A5B6C002277
:1068F00009099847D9F80810002301222846FFF714
:1069000083FE08F10104B4E72846FDF7F9FDA0462F
:10691000F7E700BF7CCA050810B5026A1278072A9B
:1069200004460B4606D0022A04D0BDE81040064AB1
:10693000FDF710BD20461946FFF73CFF2046BDE895
:106940001040FDF7AFBB00BF8FCA0508D1E90212A6
:10695000FFF712BE036A10B51A8B0446FFF7FAFE62
:1069600001462046BDE81040FEF79ABD2DE9F04FE4
:10697000044685B0884602AA422108F10800FDF7C6
:1069800083F8236A00271E8B8346BA465F450AD1E7
:10699000D8F80C100B79032B51D132462046FDF765
:1069A000B4FC054659E0029B53F82730019303AA33
:1069B0006C2103F10800FDF767F8039B19680A09C9
:1069C000732A05460DD02046FDF79AFD4FF00109C8
:1069D000A94528D3019BD96869B12046FDF790FDF0
:1069E00009E0022809D02A4A2046FDF7B3FC3546C3
:1069F0000AF1010A2E460137C8E759680B09412BF5
:106A00000DD040F2F6329342F2D040F2BC429342B3
:106A100007D040F2F2229342E5D10425E8E70125B0
:106A2000E6E70325E4E7039B606A53F82910A36AAD
:106A300000221B6D0909984709F10109C8E7442B99
:106A400017D18F68324639462046FDF75EFCBA6999
:106A5000D38A43F001030546D3820027ABEB0A0A31
:106A6000BA450BD829462046FEF71AFD05B0BDE809
:106A7000F08F32462046FFF76DFE92E7A36A606A08
:106A8000D3F8BC6000231A460121B0470137E7E77D
:106A90009ACA05082DE9F3418D6805F00F030A2B0A
:106AA00004460E4607D0002D31D015F003012ED13B
:106AB0002B79652B1ED10095002501AA652168461A
:106AC000FCF7E2FF019B002103EB800040F2CA5279
:106AD000834215D1F26840F21A439A4237D1236AB1
:106AE0001F78B7B13B4A3146204602B0BDE8F041BD
:106AF000FDF730BC622BEDD1AB680093ED68DCE7AD
:106B000053F8047B97420CBF01310331E0E70021C9
:106B1000E0E7A36A606A5B6B9847A36A606A9B6B55
:106B200005219847A36A606AD3F8A0303A4601214C
:106B3000984701AA29462046FDF702FBA36A606A2E
:106B4000DB6A0222394602B0BDE8F0411847A36A69
:106B5000606A5B6B984706F10C006A466A21FCF795
:106B600093FF00270646B742D4E9090313D1D3F8AF
:106B7000A030002231469847294601AA2046FDF759
:106B8000DFFA0025B542D4E909030DD1DB6D984742
:106B900002B0BDE8F081009A9B6B52F82720916803
:106BA000090998470137DEE7009ADB6A52F8258029
:106BB000D8F808703F09394601229847D8F80C10D8
:106BC00029B939462046FEF76BFC0135DAE7090999
:106BD000F8E700BFB2CA0508836A37B504460D4618
:106BE0005B6B406A00219847A36A606A1B6B0F21A8
:106BF00098472946204601AAFDF7A2FA01992046A6
:106C000003B0BDE83040FEF74BBC00002DE9F04F6B
:106C10009BB0CDE9020110209D4D1446F9F728FBE9
:106C20002B69436058220021064604A823F03CFA51
:106C30004FF0FF33012113A809938DF8104006F09F
:106C40007BFD039BD900012241F0020113A806F04D
:106C5000A9FD01234360002116A80AF02BFF029A28
:106C600095F80C321268002104A8FDF754FA054685
:106C700011A800F029FF874B0B9F01900D900E93F8
:106C80004FF0000B0FB1059C1CB30B9C14B1059B7E
:106C9000002B3ED00198DFF8FC91DFF8FCA15946AB
:106CA00000F019FF0B9C0027DDF81480002C00F089
:106CB0003981B8F1000F00F0F1800C9C04A8E16864
:106CC000FDF7BCFAA38A069A0399404609F0C6F973
:106CD0002CE13B8B042B4FF00102394604A807D16D
:106CE000FEF7AAFA079BBF689B4538BF9B46C9E7DA
:106CF000FFF7F2F83B8D9C42F4D2FB6A03EBC40130
:106D000013F83430012B02D13846FDF71DF9013458
:106D1000F0E7E28A520716D5218D013913D3E76ACD
:106D200007EBC1024FEAC10E507810F0020F25D0D8
:106D30004BB1D3E9008C92E8030083E8030047F8E5
:106D40000E80C2F804C04FF0000323840027B4F87B
:106D500028C0674518DB00239C454ED1D4F804E0D9
:106D6000BEF1000F08D00020BEF828A00346504511
:106D700053DB002B40F08A80A46887E7002BCCD13E
:106D8000012808BF1346C8E72378D4F82C80012BCC
:106D90004FEAC70A08EBC70905D1D9F804300A2B16
:106DA00012D10137D3E718F837300DD9012B0BD1A9
:106DB0004FF0030308F83730238B032B16D0E38AF8
:106DC00043F01003E38203E018F80A30032BF3D0FA
:106DD00018F80A30042B03D099F80130DB07E0D50E
:106DE000238C5A1C2284A9F80230DAE7D9F804006F
:106DF00006F020FB0128EBDCE1E7E26A02EBC301CD
:106E000012F83320052A06D14A78D7075FBF228CB3
:106E10004A800132228401339EE7DEF82C2002EB07
:106E2000C00912F83020053A012A14D8002710E0D2
:106E3000E26A02EBC70812F83720062A08D1D9F80F
:106E40000410D8F80420914204BFA8F8023001339E
:106E50000137BC45ECD1013089E7E06A00EBC201A3
:106E600010F83200062802D14878C00702D54888B9
:106E70001844488001329445EFD1628B12FA83F2B4
:106E80006283228C12FA83F3238475E70022F2E7EF
:106E900034000020DC170608E0180608238B042BBA
:106EA00017D10F9B1BB9584604F03EFC0F900023EE
:106EB0000D9303224A4B1093214604A8FEF7BCF918
:106EC000059B23B90422214604A8FEF7B5F9A4685E
:106ED000EAE6023B012B21D837B95B4607AA05A990
:106EE00011A803F07DFD0746CDE90D7A0222214667
:106EF00004A8FEF7F1FF059B002BE8D103222146F1
:106F000004A8FEF7E9FF059B002BE0D104222146EF
:106F100004A8FEF7E1FF0028F8D0D8E7019BCDE9EF
:106F20000D39E3E7B8F1000F7FF4C7AEDDF8149038
:106F3000D5F81080B9F1000F16D0019800F0D3FDFC
:106F4000002F41D10F9808B104F003FC0298FCF720
:106F500089FF2846AD68FCF7B5FF002DF9D10598EB
:106F6000002835D0F9F75CF9139C1898C4F3DC04B9
:106F70006400033400EB94008000F9F779F924F001
:106F800003040444F460DDE91441B06001F1040C31
:106F9000A1450BD1189A00239342CED0199951F8EC
:106FA0002300F16841F823000133F5E751F8393047
:106FB0003BB1042B1FBF5CF839205210DB0820F8CE
:106FC000123009F10109E3E7384603F02BFDB9E778
:106FD0002A46314640461BB0BDE8F04F04F014BCD1
:106FE000BC190608F0B52DED028B884283B0074628
:106FF0000C4604D1012003B0BDEC028BF0BD244B44
:10700000984201D10020F6E79942FBD006F0FAFD44
:107010000546204606F0F6FD8542F3D11D4B9D4204
:1070200013D17A6863689A42ECD13E1D043400257E
:107030007B68AB42DED954F8041F56F8040FFFF703
:10704000D1FF0028DED00135F2E72146384607F0AF
:107050009BF80028D6D0104B9D42CBD1384609F082
:1070600059F9B5EE400AF1EE10FAB0EE408AC1D1FE
:10707000204609F04FF98DED010A18EE100A019B28
:1070800000F0004003F00043C31A58425841B2E7F1
:10709000F81A06087C320608EC240608C90010B568
:1070A0000122044641F00201083006F07BFB4368F0
:1070B0003BB9A368C3F3DC03013B5B0043F001036E
:1070C0004360C3F34F0010BD70B505460E46002463
:1070D000EB69A34208D8314605F114000AF0A7FB7A
:1070E000EC69013C204670BD2B6A314653F8240000
:1070F000FFF778FF0028F5D10134E9E710B5012248
:107100000446FCF7F9FE0378012B05D12378012B07
:107110008CBF04230223037010BD70B505460E46D4
:10712000104619461C46FCF7D7FE03785A1E012A62
:1071300006D87368002221462846BDE870401847EB
:10714000032B02D173680122F5E736684288042BCD
:1071500021462846B44608BF0023BDE8704018BF4A
:10716000012360474379012B07D0836819440369E1
:1071700081605A8C9142C8BF598470470023837143
:107180004379012B1EBF036AC26A43F8212070476E
:107190006FF00301FFF7E6BF0421FFF7E3BF6FF0D5
:1071A0000201FFF7DFBF426A03464079032888BF28
:1071B000586B114494BF1846801859627047827901
:1071C00003460AB118467047C26A40790328114441
:1071D00001D8D962F6E7986AD9620244586B104424
:1071E000704710B50C460121FFF7E9FF047010BD90
:1071F00010B51446FFF7B6FF0121FFF7E0FF04705A
:1072000010BD53220121FFF7F3BF54220121FFF7E4
:10721000EFBF57220121FFF7EBBF58220221FFF7F2
:10722000E7BF59224FF0FF31FFF7E2BF5A2200219A
:10723000FFF7DEBF5B220021FFF7DABF5D224FF0D0
:10724000FF31FFF7D5BF19B103215F22FFF7D0BF90
:107250005E22FBE7A1F13002D2B20021FFF7C8BFE6
:1072600062226FF00101FFF7C3BF10B5632204462D
:107270004FF0FF31FFF7BCFF0123A37110BD10B524
:1072800001F164020446D2B24942FFF7B1FF012383
:10729000A37110BD10B501F167020446D2B2494294
:1072A000FFF7A6FF2269D38A43F00103D38210BD02
:1072B00038B504461D46FFF79BFF2A462046024983
:1072C000BDE8384013F0B0B8BF71020870B504468D
:1072D0000D46C06819461646FFF7E0FE32460346E3
:1072E00029462046BDE87040FFF7E2BF0B4610225A
:1072F0000121FFF7EBBF11320B46D2B20121FFF79C
:10730000E5BF20B40B4602F114055100C1F10101A3
:10731000EAB25DF8045BFFF7D9BF16320B46D2B272
:107320004FF0FF31FFF7D2BF19320B46D2B2002126
:10733000FFF7CCBF70B4C4682678042E1D4608BF82
:107340006668638808BF46F823505D1C658070BC82
:10735000FFF7AEBF03F128011346CAB20021FFF7C1
:10736000A7BF022A02F12A020B46D2B214BFC1F112
:1073700001010121FFF79CBF03290AD004290AD18A
:1073800001210B460A4443EA8203C9432F22FFF737
:107390008FBF0021F5E700210223F3E70B463022DF
:1073A0000139FFF785BF10B4144641EA0223214496
:1073B00031225DF8044BFFF77BBFF8B516461F4638
:1073C000FFF7D0FE8479054604BB4379022B25D90B
:1073D000C46A036AC4F1FF2453F8273004F57F041C
:1073E000FE34442E1C4412D814F1400F14DB3F2C01
:1073F000D4BF00270127E41BB91C2846FFF7DFFE96
:1074000006706FB9442E98BF40344470F8BD7F2C8D
:1074100094BF00270127EEE70127ECE70127EBE700
:107420006B79442E98BF04F58044042B05D1B4F544
:10743000004F24BF012385F8383064F07F03E41146
:1074400043708470E2E710B50B46044642220021E7
:10745000FFF7B3FF0123A37110BDF8B505460C4635
:1074600021F400471646CAB90B040ED55921FFF77F
:10747000B8FE59212846FFF7B4FE59212846FFF7E8
:10748000B0FE59212846FFF7ACFE3B4642220021C0
:107490002846FFF792FF0123AB71F8BD3B4640221F
:1074A0000021FFF78AFF210A21F07F013143C9B291
:1074B0002846FFF796FEEEE70B46B2FA82F120B4BB
:1074C000490902F14705EAB249005DF8045BFFF79C
:1074D00074BF0B464B220121FFF76FBF10B50B465F
:1074E00004464A220021FFF768FF0123A37110BD63
:1074F000264BD3F80832022B2DE9F0470446894683
:107500000ED88669B1420BD9C56A43698E1BED1A44
:1075100040F2FF7756EA050304D1E36AC4E905396E
:10752000BDE8F087062E01D90F2D1AD91F2DAA46C6
:1075300028BF4FF01F0A1F2D10D8032EB04628BFBA
:107540004FF0030801212046FFF72DFE4AEA4813B9
:107550000370A5EB0A05A6EB0806DBE74FF0000871
:10756000F0E7BE42B0464FF0020128BFB8462046C1
:10757000FFF719FE4FEA181303F070032B4363F073
:107580007F03037080F80180AA46E2E73400002000
:1075900010B5044631B955224FF0FF31BDE8104017
:1075A000FFF726BE022904D1FFF72BFE2046FFF786
:1075B00041FE56226FF002012046EFE7134621B14B
:1075C00043224FF0FF31FFF7F8BE4422F9E713469C
:1075D00021B145224FF0FF31FFF7EFBE4622F9E718
:1075E000322938B5044611D0332912D00025293963
:1075F000CAB220464FF0FF31FFF7FAFD65B12046D1
:10760000D322BDE838400021FFF7F2BD0125062155
:10761000EDE701250721EAE738BD012A10B40B4642
:10762000044608D0022A0ED15DF8044B69224FF0BF
:10763000FF31FFF7DDBD11461B322046D2B25DF8A7
:10764000044BFFF743BE4FF0FF31F5E770B50D4631
:10765000044611462AB92B461322BDE87040FFF7B5
:1076600035BE022A04D1FFF7CCFD2046FFF7DEFD30
:107670002B4618226FF001012046EEE710B40446B5
:1076800043B90F2A06D8503A5DF8044BD2B2012113
:10769000FFF7AEBD03F12401204613465DF8044B0D
:1076A000CAB20121FFF704BE10B404464BB90F2A39
:1076B00007D8403A5DF8044BD2B24FF0FF31FFF7E4
:1076C00097BD03F12601204613465DF8044BCAB26C
:1076D0004FF0FF31FFF7ECBD70B4DDE90365D2B2C6
:1076E00003EB460443EA062315B101320134D2B25A
:1076F000091B70BCFFF7DCBD07B5CDE900230B46C5
:1077000034220021FFF7E8FF03B05DF804FB07B562
:10771000CDE900230B4636224FF0FF31FFF7DCFFA7
:1077200003B05DF804FB10B50446C068FFF7CCFC5D
:107730002322034601212046BDE81040FFF7B8BDD3
:1077400001F110033F2B73B506460C4608D8A1F192
:107750008002D2B2012102B0BDE87040FFF748BDFF
:10776000012122220DF10505FFF742FD294604F013
:107770007F00E3B2E4112A4605F8010D601C0128E0
:10778000F5D8013403F0400314D11BB97F2305F869
:10779000013C951E491B3046FFF711FD01AC6A1EE6
:1077A000014612F8013FA24208D11044401B037069
:1077B00002B070BD002BEDD00023E8E763F07F033B
:1077C00001F8013BEDE770B51446D6B2049A1343B5
:1077D00005460B6907BF2022C4F10101E1432122C4
:1077E000FFF7A8FD31462846BDE87040FFF7F9BC19
:1077F0001A4308BF32220B6916BF332201214FF012
:10780000FF31FFF797BD00000D2910B504460BD1DD
:107810000949C068FFF758FC23220346012120468E
:10782000BDE81040FFF744BD4231CAB2BDE8104088
:107830000121FFF7DDBC00BF0C2E060838B5044659
:107840000D460F21FFF7E0FF20462946FFF796FC83
:1078500002215C22FFF7CCFC20466FF00301BDE85B
:107860003840FFF77FBCF8B504460F460F211D4690
:107870001646FFF7C9FF2046FFF7D8FC39462046D9
:10788000FFF7E1FD31462046FFF778FCFFF7C1FC2A
:10789000012220462121FFF72EFD20460821FFF777
:1078A0009FFE2A4620460021BDE8F840FFF786BE2D
:1078B0004379012B70B5044614D0C26B436A00258E
:1078C0009B1AC36305642069038DAB420CD86379AE
:1078D000032B1BD1606AE36AA06223631844F8F7A4
:1078E000E0FC6063012070BDC36A03EBC50213F8BE
:1078F0003530052B08D1012120469678FFF753FC3F
:107900000670236C013323640135DCE7042BE9D1D5
:10791000D4E90A13626A8A4202D1216B994203D0E8
:10792000A26223630020DEE794F838301BB10649D9
:10793000064804F0A9FBE268C38A5268616B0069DB
:1079400003F048FFCEE700BFC4CA0508E0210608DF
:107950002DE9F74F16460023C0E90423378C8360D6
:107960008371C362436280F83830738CB6F8249018
:10797000B6F81A80B6F816A0B6F81EB0417101220A
:107980001F449742B8BF17464FEA8905013F8261FD
:1079900005F0040508F003021543FA0002F078022E
:1079A000B38B04460AF00F0A15433F094FEA590901
:1079B0004FEA980847EA090242EA0A0242EA080244
:1079C0001A4352EA0B0234D101212046FFF7EBFBA8
:1079D00005706379022B18D9D4E90F787D0008F07F
:1079E000010305F07E054FEA5808BF091D4358EA18
:1079F00007094FF00101204618BF45F08005FFF749
:107A0000D2FB0570B9F1000FE8D1636AB18AE36374
:107A1000E068FFF743FB2B490246204612F004FDC5
:107A20000025738BB28B1344AB4248DD318D0022AD
:107A300041E0012120460193FFF7B5FB65F07F058A
:107A40003A0105704FEA8A15019B02F0300205F0F9
:107A5000400515430BF001021543DA0002F008025D
:107A600015434FEA880202F0040215434FEA490227
:107A700002F002021543BF084FEA59094FEA5A0AB9
:107A80004FEA58085B084FEA5B0B93E7F36A03EB96
:107A9000C2035878C0070DD55888A8420AD1596842
:107AA000E068FFF7FBFA07490246204612F0BCFCEB
:107AB0000135B6E701329142E8DC0521F0E703B079
:107AC000BDE8F08FA771020810B504464420F8F70E
:107AD000E8FBC46010BD10B50446C1618800F8F72A
:107AE000C7FB206210BD10B50446006AF8F7E8FB3A
:107AF0002046BDE81040F8F7E3BB10B5044601612D
:107B00008800F8F7B5FB606110BD10B5044611B1EF
:107B1000C068F8F7D5FB6069BDE81040F8F7D0BB46
:107B2000012938B504460D460BDC02694069920014
:107B30004FF0FF3122F0B8FA0023257063706360C4
:107B400038BD4068F8F794FB6368E060A360F3E732
:107B50000246407810B548B913785468022B08BF24
:107B6000D368214408BF1819516010BD0020FCE7FC
:107B7000002343700378012B9EBF4369426843F89A
:107B80002120704742684B1E134449420B4043601A
:107B9000704738B50C461546FFF7DAFF10B10444BC
:107BA000A04200D138BD00F8015B2D0AF8E710B5FE
:107BB0000C460221FFF7CCFF10B10470240A447078
:107BC00010BD38B50D4604211446FFF7C1FF28B19A
:107BD000057084702D0A240A4570C47038BD0129CF
:107BE00070B5054606DC002909DA023921F00104E6
:107BF000FE2606E08B1E012BF7D80024F8E70024B0
:107C0000F22646F435412846FFF7D1FF44B17F2CD8
:107C100009D844F4304141F080012846FFF7C7FFFE
:107C2000C5E9066470BDA300A201DBB202F4E04224
:107C30001A4342F450624FF2AD212846FFF7C1FFCC
:107C4000EEE7C16910B5044629B17F290BD841F48C
:107C50003041FFF7ACFFA169204641F43D41BDE84A
:107C60001040FFF7A4BF8B008A01DBB202F4E042B0
:107C70001A4342F450624FF20D21FFF7A2FFEAE7E8
:107C8000114341EAC301FFF792BF072A85BF083AB3
:107C9000D200D20042F04002072985BF08391143C3
:107CA000114341F0800141F48C41FFF780BF30B4B3
:107CB000DCB244EA02225C101D0104F48064C3F3C8
:107CC000033305F4E04523432A43194330BCFFF74F
:107CD00078BF38B5436953F821404368E41A043C3F
:107CE0000546C4F34A0141F46041FFF760FF2B7879
:107CF000022B0AD1B4F5006F07D36FF30A0414F511
:107D0000006F14BF0020012038BD0120FCE7F8B54A
:107D1000446954F822404268A41A043C074665109E
:107D20001E46BBB9EDB245EA012141F45041FFF7CF
:107D30003EFF3B78022B0BD1FF2C09D924F0FF0426
:107D400014F5807F14BF0024012426463046F8BD78
:107D50000124FAE76211C5F30A0502F400522A432E
:107D6000A512231205F48065C4F3053403F40063FF
:107D700025431A4345EA811142F4004241F470411F
:107D8000FFF71FFFE2E738B5436953F82140436826
:107D9000E41A043C0546C4F34F02C4F30A3142F42A
:107DA000784241F47041FFF70CFF2B78022B0AD187
:107DB000B4F5800F07D36FF3150414F5800F14BFCB
:107DC0000020012038BD0120FCE7F8B547680446D3
:107DD0000D46164613460A464FF24021FFF767FF4D
:107DE0002046330C2A464FF2C021FFF760FF384689
:107DF000F8BD072910B4044609D8FF2A07D842EA7B
:107E000001215DF8044B41F40051FFF7D0BEB2F5FB
:107E1000803F08D2134620460A465DF8044B4FF2D5
:107E20004021FFF744BF20465DF8044BFFF7CDBF6C
:107E30002DE9F84341EA0207072FDDF820900646B6
:107E40000C4615464AD803FA09F7FF2F0CD8914281
:107E500001D0FFF71AFF47EA042141F440513046B0
:107E6000BDE8F843FFF7A3BEFF2B4FEAC10814D8C3
:107E7000914218D043EA012343F40051FFF797FEE3
:107E800044EA891141EA08013046FFF790FE48EACA
:107E90008511214341F4C051E1E7914203D03A46B4
:107EA000FFF7A7FFF3E784F00709012505FA09F5B5
:107EB00045F434413046FFF77AFE3A4649463046AB
:107EC000FFF797FF44EA891141EA080141F4C051E4
:107ED0003046FFF76CFE45F43C41C0E7BDE8F8834F
:107EE00008B50378012B04D9FF2902D9054805F00C
:107EF000ADF8C9B241EA0221BDE8084041F41041A1
:107F0000FFF755BECFCA050808B50378012B04D981
:107F1000FF2A02D9054805F099F8D2B242EA0121B8
:107F2000BDE8084041F41841FFF741BECFCA05083B
:107F3000D2B242EA012141F42841FFF738BE38B5F8
:107F4000436953F8223042689B1A43F001030C4600
:107F500005460A460A3B4FF24021FFF7A8FE23469A
:107F6000284622464FF43241FFF78AFE210101F0F4
:107F7000800104F00704214341F48841284641F080
:107F80007801BDE83840FFF712BE000073B51F2B23
:107F9000069E05460C4611D8114307290ED81A49EA
:107FA000895D44EAC20241F0010142EAC12141EA8D
:107FB000831102B0BDE87040FFF7F9BD03FA06F186
:107FC000B1F5805F0DD242EA461641EA043246F42A
:107FD000784141F09001284602B0BDE87040FFF7BB
:107FE000F0BD1F3B214628460096FFF721FF064BB8
:107FF0009B5DE10043F0010341EAC321214341F4C9
:10800000F8612846D5E700BFB41806082DE9F74304
:108010001F2B0A9F06460C461546984610D841EA83
:108020000203072B0CD8204BD95D44EAC12141EA59
:10803000C20141EA881103B0BDE8F043FFF7B7BDC4
:1080400008FA07F2B2F5805F0DD245EA471141F414
:10805000784142EA043241F08001304603B0BDE885
:10806000F043FFF7AEBD4FF0010909FA05F949F4F5
:1080700034413046FFF79BFDA8F11F032A462946ED
:1080800030460097FFF7D4FE074BDB5D44EAC5019D
:1080900041EAC32141F4F8613046FFF788FD49F415
:1080A0003C413046C7E700BFB4180608436953F89F
:1080B00021104368CB1A043B013110B4C3F34A02C8
:1080C00004460ED0D91C0CDA23F4FF6121F007011D
:1080D00011F5006F05D15DF8044B42F46041FFF7E4
:1080E00066BDC3F30A33204642F438425DF8044BC0
:1080F00043F47041FFF765BD436953F8222043689C
:10810000D31A043B013230B405464FEA63040ED063
:10811000DA1C0CDA23F0FF0212F5807F07D1E4B2FB
:1081200044EA012141F4504130BCFFF740BD5A11EF
:10813000C4F30A0402F4005222439C12181204F4FD
:108140008064C3F3053300F400602343024343EA31
:108150008111284642F4004230BC41F47041FFF7DF
:1081600030BD37B5144602220B4600922146072245
:108170000546FFF70BFFE10041F48F41284603B0AD
:10818000BDE83040FFF713BD07289ABF024B33F814
:10819000100040F2E7107047B8180608C36C194485
:1081A0000369C164012B04DD436D5A8C9142C8BF41
:1081B0005984704770474FF0FF31FFF7EFBFFFF76B
:1081C000FABF6FF00301FFF7E9BF704738B5C36C22
:1081D0001944036A9942054608D9083121F003047D
:1081E000406AE100F8F75FF8C5E9084038BD70B5AE
:1081F00004460E4601211546FFF7E8FFE16C626A6E
:1082000002EBC10302F83160012159705D60204624
:10821000BDE87040FFF7C2BF70B504460E460121AD
:108220001546FFF7D3FFE16C626A02EBC10302F867
:10823000316002225A705D6020460121BDE8704025
:10824000FFF7ACBF00221146FFF7E6BF0A46022146
:10825000FFF7E2BF70B50D1E044605DDFFF7B6FF60
:1082600000231E46AB4205DB29462046BDE8704090
:10827000FFF794BFE26C616A1A4401EBC200012D62
:1082800046700CBF94F82800002001F8320001333A
:10829000E8E7F8B5D0E90B530133AB4204460E468C
:1082A000174606D90435406BA900F7F7FCFFE562D5
:1082B0006063D4E90C30C6F30E015A1C226300EB54
:1082C000830541EAC73220F823204FF6FF73A06DE3
:1082D0006B8032460021FFF732FEA06D0022BDE820
:1082E000F8400321FFF7FCBD0246007D28B1D36CA6
:1082F000526A5B1A013B12F83300704737B5456D7F
:10830000ED8AED070B46144608D502220092806DD7
:1083100006222146FFF77AFE03B030BD806D03B020
:10832000BDE83040FFF7DCBD70B5002405462646A9
:10833000EB6CA34200DC70BD6B6A03EBC4035A789C
:10834000012A07D15E70B5F84A105A6821442846C0
:10835000FFF7D4FF0134EBE7F8B504461E46174695
:108360000D46FFF7E1FFA06D3A463146FFF741FDAC
:10837000A06D29460322BDE8F840FFF7F2BE38B5EC
:1083800004460D46FFF7D0FFA06D29460322BDE845
:108390003840FFF7E6BE10B508210446FFF7EFFFAF
:1083A000002220461146BDE81040FFF720BFF8B577
:1083B000044617461E460D46FFF7B6FFA06D3A4627
:1083C0000021FFF716FDA06D32460121FFF711FDD8
:1083D000A06D29460322BDE8F840FFF7C2BEF8B5FC
:1083E000C76C04460E46BF1A0025E36CAB4200DCA6
:1083F000F8BDBD4211D0636A03EBC5035A78012A68
:108400000BD15A68B24208D100225A70B4F84A100F
:10841000324629442046FFF771FF0135E5E738B5BC
:10842000002205460C461146FFF7D9FFE200A86D71
:1084300042F002020021FFF7DCFC00222846114630
:10844000BDE83840FFF7D3BE13B5446DE48AE407B6
:10845000134607D502220092806D0622FFF796FD93
:1084600002B010BD806D02B0BDE81040FFF74CBDFA
:10847000F8B5C3699E5C602E0446154606D1476870
:1084800013480A46134907F09DFD3860022D0DD8A8
:10849000636D9A8C52B9DB8ADB0707D40E4B5A5DA9
:1084A00031462046BDE8F840FFF7A1BE0022114644
:1084B0002046FFF794FFB4F84A20636C1A44521B1D
:1084C000013A00212046FFF7BFFF0022E8E700BF86
:1084D0002C210608E1CA0508B819060873B5036817
:1084E0001A785D88042A04BF5A6842F825106A1C6D
:1084F000044602265A800021B0F84820FFF7A4FF66
:1085000000960022A06D33461146FFF73FFD00960E
:108510000022A06D2B461146FFF738FD02B070BD5A
:1085200073B5002204460D461146FFF758FF626DF1
:108530002068D38A43F02003D3822946FEF7C4FD86
:108540000226B4F84820054600212046FFF77CFFAC
:1085500000960022A06D11460123FFF717FD00963B
:108560000022A06D11460323FFF710FD00960022A4
:10857000A06D11462B46FFF709FD0022114620464B
:1085800002B0BDE87040FFF732BE00000D2902D1F5
:108590000749FFF7C5BF0F2903D100225421FFF778
:1085A0003BBEB1F10E0218BF01220121F7E700BF67
:1085B0000C2E0608F8B5C76C446A07F10053023B5D
:1085C00004EBC3040546D4E9020184E8030066789D
:1085D00056B9B5F84A203A44013A31462846FFF7E1
:1085E00033FF01236370666028464FF0FF31BDE81A
:1085F000F840FFF7D3BDF8B504461E4617460D46B2
:10860000FFF792FEA06D3A463146FFF7F2FBA06DF0
:1086100029460322BDE8F840FFF7A3BD10B402F1DC
:10862000290400230A46E1B25DF8044BFFF7E3BFDB
:1086300070B504460E46154662B1037D53B1084637
:1086400004F0F8FE021E05DD20467021BDE87040F2
:10865000FFF7E2BD06353246E9B220460023FFF7B8
:10866000CAFF002220461146BDE87040FFF7BFBD9B
:1086700007B51346022200920722FFF787FC03B0DA
:108680005DF804FB38B50D4614463BB9037D2BB1AC
:10869000806D5268FFF7ADFB207838BD237833B981
:1086A0006268806D2946FFF7A4FB0020F5E7012BE7
:1086B00006D162680132806D2946FFF7D9FFF4E7E1
:1086C0009A1E012A04D86268520042F00102E8E7CB
:1086D000542B01D10022EEE7014804F0B7FC00BFA3
:1086E000F6CA0508F8B50546FFF71EFE0024274622
:1086F000EB6CA34200DCF8BD6E6A06EBC402537853
:10870000022B0ED15770012100232846FFF7BAFF34
:1087100006F83400B5F84A10012221442846FFF734
:10872000EDFD0134E4E738B504460D46FFF7DAFF06
:10873000A06D2946FFF7BAFCA36D01225A7038BD1F
:10874000F8B504460E4617460A4619461D46FFF779
:1087500046FEE36C616A9B1B01EBC30211F83330E8
:108760003B705378012B0DD0022B14D0CBB9B4F849
:108770004A20E36C1A44921B29462046BDE8F84083
:10878000FFF762BE5268AA420BD0A06D2946BDE831
:10879000F840FFF77ABA002329462046FFF772FF18
:1087A0003870F8BD10B5134604460A460121FFF79C
:1087B000C7FF20464FF0FF31BDE81040FFF7EEBC89
:1087C00070B5049E04461D46FFF7ECFF324629466D
:1087D0002046BDE87040FFF7E5BFF0B585B0012544
:1087E0000DF10F030DF10E01009500220446FFF775
:1087F000E7FF9DF80F709DF80E602A463946204627
:10880000FFF7F5FC314620460022FFF7F0FC2A4630
:1088100039462046FFF7EBFC00223146204605B0E2
:10882000BDE8F040FFF7E3BC2DE9F041DDE9068645
:1088300004461D46089FFFF7B5FF424629462046DD
:10884000FFF7B0FF3A4631462046BDE8F041FFF75A
:10885000A9BF2DE9F04186B002260DF117030125CD
:1088600001930DF115010DF11603029600950022FA
:108870000446FFF7D9FF9DF817809DF815109DF865
:10888000167020460022FFF7B2FC324641462046D1
:10889000FFF7ADFC2A463946204606B0BDE8F04158
:1088A000FFF7A5BC30B587B00DF117030025019384
:1088B00002230446009301220DF116030DF1150168
:1088C0000295FFF7B1FF20461921FFF758FD2A4610
:1088D0002946204607B0BDE83040FFF788BC73B595
:1088E00004460E46154672B901220DF10701FFF745
:1088F00059FF0C3500233246E9B2204602B0BDE8EC
:108900007040FFF778BE0021FFF7EEFC20B901228E
:108910000DF107012046EAE70A4620460DF107015E
:10892000FFF740FF9DF80720204601230421FFF7B1
:1089300013FDA06D00220121FFF7A7F9D9E7000080
:1089400037B500220DF107010446FFF72BFF9DF814
:1089500007302BB107490848656807F033FB2860EA
:1089600022212046FFF70BFDA36D01225A7003B0B0
:1089700030BD00BFFBCA05082C210608022A7FB5BE
:1089800004460E46154614D8436D9A8C8AB9DB8A84
:10899000DB070ED4184B0DF10F015A5DFFF702FFF4
:1089A000E3699DF80F10585D602813D1595504B044
:1089B00070BD0DF10F0120460022FFF7F3FE626C3F
:1089C000B4F84A3013445B1B0022591E2046FFF7BF
:1089D00095FCE5E78842EAD0FFF7D6FB0246084659
:1089E000FFF7D2FB054964680090134604483246FD
:1089F00007F0E8FA2060DAE7B819060805CB0508A1
:108A00002C21060870B504460D4616464BB90F21B9
:108A1000FFF7BCFD324629462046BDE87040FFF70F
:108A2000ADBF70BD03297FB50446164613D10122A0
:108A30000DF10F01FFF7B6FE182531462046002341
:108A40000DF10F02FFF77CFE2946204604B0BDE879
:108A50007040FFF794BC052906D101220DF10F01EA
:108A6000FFF7A0FE1725E8E70223009301220DF18E
:108A70000F030DF10E01FFF7A3FE1925DDE7F0B599
:108A8000044685B00E461546CAB90223077D027515
:108A90000DF10E01009301220DF10F03FFF790FE7F
:108AA00027752B46324623212046FFF7A4FD0022DE
:108AB0001146204605B0BDE8F040FFF798BB012AFB
:108AC00009D100230DF10F022946FFF739FE2B468D
:108AD00032462421E8E70DF10F010022FFF762FE84
:108AE0002521204605B0BDE8F040FFF748BC10B591
:108AF0000446D0E90C3003F18043013B00EB8303D3
:108B0000DA7822F08002DA70043B98420BD893F9AD
:108B10000320002AF8DA1A88A06DC2F30E020021A1
:108B2000FFF70DFA05E059B9A06D4FF40051FFF7BA
:108B30003EF8A06D0022BDE810400321FFF7D0B938
:108B400010BD10B504460121FFF7D1FFA06D012231
:108B50000021FFF7D9F9002220461146BDE8104058
:108B6000FFF745BB73B5046B05460E46DCB1436B9E
:108B700004F18044013C03EB840292F90120002AB5
:108B800020DA33F82430C3F30E038B421AD10023CA
:108B90000DF107020121FFF7D3FDA86D002201218D
:108BA000FFF79EF901242846FFF79CFDA86D31468A
:108BB000FEF7DEFF44B10021284602B0BDE8704058
:108BC000FFF795BF0024EEE702B070BD38B50D4643
:108BD000044611467AB1806D4FF40051FEF7E7FF6D
:108BE000A06D00220121FFF77BF929462046BDE850
:108BF0003840FFF798BDFFF77AFFF6E72DE9F0411F
:108C000004460D4672B3D0E90C3C03F18043013BAE
:108C10000CEB83030021184616460F4690F901E03D
:108C2000BEF1000F09DA90F903E0BEF1000F04DA9B
:108C3000002F08BF0746E1B90146013EA0F104003C
:108C4000ECD1A06D21BB6FF0030672439E18B445B2
:108C500018D94FF40051FEF7AAFFA06D002203219E
:108C6000FFF73EF925F400412046BDE8F041FFF74B
:108C70005ABDB0F80080B1F802E068F30E0EA1F81A
:108C800002E0D9E79A5AC2F30E02FFF758F9E4E777
:108C90004B8847F6FE7262F30E034B8025F40042C8
:108CA0003146FFF74CF9A06D32461321FFF718F952
:108CB000A06D32463146FFF79CF8A06D3246012187
:108CC000FFF70EF93D88C5F30E05CBE77FB50446E7
:108CD0000E4615468AB90DF10F01FFF763FD3246C6
:108CE000204601230921FFF786FC2A462946204613
:108CF00004B0BDE87040FFF77ABA012A35D11146B9
:108D0000FFF7F2FA024688B9022300930DF10E0133
:108D10000DF10F032046FFF753FD012332460E21CC
:108D2000204604B0BDE87040FFF765BC0DF10F02AE
:108D3000204600230221FFF703FD2B469DF80F205C
:108D400020460421FFF708FBA06D00220221FEF758
:108D50009CFF0DF10E0120460022FFF723FD4FF08E
:108D6000FF312046FFF71AFAD7E70DF10F01002275
:108D7000FFF718FDA06D4FF40851FEF718FFCCE780
:108D800038B5FFF718FA04460122806D0021FFF77D
:108D9000BBF822212046FFF7F2FAD4E90C35013B5B
:108DA00005EB830523636B8847F6FF72C3F30E035D
:108DB000934228D01322A06D0021FFF7A5F8A06DE3
:108DC0004FF42051FEF7F3FEA368A06D1A6800214E
:108DD000FFF792F9698847F6FE73C1F30E029A42D3
:108DE0000BD1A06D4FF48E41FEF7E1FEA368204643
:108DF0001968BDE83840FFF7B5BEC1F30E01204643
:108E0000FFF791FCF2E738BD2DE9F3410E46002152
:108E1000174604461D46FFF767FA024648BB0DF1A8
:108E200007012046FFF7BEFC1DB901212046FFF7D0
:108E3000B5F910212046FFF7A2FA1DB99DF80730B9
:108E400084F828302046FFF74DFCA06D4FF42051E8
:108E50005EB3FEF7ACFE3A460121A06DFFF74CF978
:108E600045BB4FF0FF31204602B0BDE8F041FFF7AF
:108E700095B90A4620460DF10701FFF793FC1DB98D
:108E800001212046FFF78AF99DF80700431E022BB7
:108E9000D3D9FFF779F90949D4F804800246084884
:108EA00007F090F8C8F80000C7E7FEF780FE3A46E2
:108EB0003146D2E702B0BDE8F08100BF15CB05080E
:108EC0002C2106080023FFF79FBF0123FFF79CBF5B
:108ED000426D83682DE9F341D58A928C1E68C66085
:108EE00005F011031343044600F0F98015F0010565
:108EF00006F1020721D1B0F8482029464FF00208B8
:108F0000FFF7A2FACDF80080A06D01232A4629467A
:108F1000FFF73CF8CDF800802A46A06D01232946D2
:108F2000FFF734F805212046FFF729FAB4F8481076
:108F30002A4601312046FFF7E1F9D4E915309A8C31
:108F4000002A67D1D98A11F0010508D14FF42051C8
:108F5000FEF72DFEA06D3A462946FFF7CDF8002218
:108F60001146A06DFEF7E4FF20212046FFF707FA27
:108F70004FF42051A06DFEF71AFE3A460021A06D75
:108F8000FFF7BAF8636DD98A11F0010100F08E8005
:108F9000A06D012200210225FEF7B6FF0095A06D0D
:108FA000052306220021FFF731F8A06D2A46002193
:108FB000FEF71FFFA06DFEF744FE39462046FFF77F
:108FC000D1FD636DDB8ADB0740F18980B4F848206E
:108FD000204601320021FFF737FAA06D4FF48E4191
:108FE000FEF7E5FDA06D4368236414220021FEF71F
:108FF0008BFFA06D4FF40451FEF7D9FDA06D012247
:109000001421FEF76DFF2221204602B0BDE8F04199
:10901000FFF7B5B94FF40051FEF7C9FDA06D00226E
:109020001321FEF75DFFA06D00220121FEF758FF1E
:10903000751C3A46A06D0421FEF781FF29462046A3
:10904000FFF790FD00221146A06DFEF771FF202171
:109050002046FFF794F90336A06D4FF42051FEF738
:10906000A6FD3246A06D0121FFF746F8A06D4FF432
:109070000051FEF79CFD0022A06D0321FEF730FF9A
:10908000A06D44F22071FEF792FD31462046FFF7B5
:1090900069FD0322A06D0421FEF736FF4FF4305125
:1090A000A06DFEF784FD2A46012168E7B4F8482048
:1090B00020460132FFF7C8F905212046FFF75FF986
:1090C000D4E91530D98A11F001017FF461AF012292
:1090D000FEF71AFF22212046FFF751F96DE702B093
:1090E000BDE8F08170B50546D0E91560F68AF6074F
:1090F0000C460BD544EAC4049200FEF77AFEA86D34
:1091000044F4CC51BDE87040FEF751BDBDE870405D
:10911000FEF70EBF2DE9F84F04460F469146FFF7C4
:1091200003F90025A8464D4510D10026B3464E450B
:109130002BD171422046FFF731F8B4F84A20E36C96
:1091400039461A44BDE8F84FFFF7CCBFE66CD4F8B7
:1091500024A0013E761B0AEBC6025378022B12D1E3
:1091600082F80180012339462046FFF78BFA0AF87E
:109170003600B4F84A10E36C194401393A46491BE9
:109180002046FFF7BBF80135CDE7E36CD4F824A007
:1091900003F1FF38A8EB06081AF83820BAB1B4F882
:1091A0004A501D44013DAD1B2A4600212046FFF7D1
:1091B0004BF91AF83820012304212046FFF7CCF898
:1091C000002229462046FFF799F80AF838B0013600
:1091D000ADE70000037D37B504460D4613B15F4887
:1091E00003F034FF426DD38A43F00103D382FFF7CB
:1091F00079FA012D0BD1A368196820460231FFF7D7
:1092000092FAA368196820460131FFF7ABFC0122EE
:1092100000212046FFF77EFF002202212046FFF7B3
:109220006DF8A06D01220021FEF7E3FDA06D002284
:109230001221FEF755FEA368A06D1A680021FEF703
:109240007EFEB4F84810002201312046FFF756F8A0
:10925000E168A06DFEF72AFFA368A06D1968FEF70C
:1092600087FC236BBBB1626B03F18043013B02EBD4
:1092700083039A420FD893F90310002926DA1A883B
:10928000A06DC2F30E020021FEF759FEA06D002270
:109290000321FEF725FE01212046FEF7DBFFBDB9C5
:1092A000A06D14222946FEF72FFEA06D4FF4045145
:1092B000FEF77DFCA06D01221421FEF711FE222194
:1092C000204603B0BDE83040FFF759B8043BD0E773
:1092D000A368196820460231FFF744FCA06D1422F0
:1092E0000221FEF711FEA06D00220121FEF781FD93
:1092F000A06D01221421FEF7F3FD0DF107012046B8
:109300000122FFF74FFA00230DF107022046012149
:10931000FFF716FA204602220021FEF768FF01221D
:1093200020460221FFF7F6FE20463021FFF727F8FE
:10933000A06D4FF42051FEF73AFCA368A06D1A68A7
:1093400001210132FEF7D8FE20460121FEF782FFFF
:10935000204603B0BDE83040FFF72CB922CB05080A
:10936000F8B5164604460D46520093B1CB1C1A447C
:109370000221FFF7CFFE45EA062301221D212046E8
:10938000FFF715F8002220461146BDE8F840FEF729
:109390002EBF8B1C1A440221FFF7BCFE33462A461F
:1093A0001C21ECE72DE9F74304460F461646012140
:1093B000B0F84820DDF828904FF002081D46FFF76E
:1093C00043F80123CDF80080A06D1A461946FEF738
:1093D000DDFD55EA09052DD12046FEF7A5FFA06D5C
:1093E0002A464146FEF705FD39692046FFF776F823
:1093F000A06D03221A21FEF7B4FEA06D32460121B2
:10940000FEF7F7FC324602212046FFF783FE25B126
:109410006FF001012046FEF7C1FEA06D03222B2153
:10942000FEF79FFE00221146204603B0BDE8F04340
:10943000FEF7DDBE06F102094A4641462046FFF727
:1094400069FE49462046FEF7A9FEFEF76DFFCBE711
:109450002DE9F341044615460F46B0F84820012196
:109460004FF002081E46FEF7EFFF0123CDF8008003
:10947000A06D1A461946FEF789FD354318D12046DE
:10948000FEF752FFA06D2A464146FEF7B2FC39694D
:109490002046FFF723F8A06D03221A21FEF761FE94
:1094A00000221146204602B0BDE8F041FEF79FBE03
:1094B000204642464146FFF72DFE2046FEF734FF88
:1094C000E5E770B5042A86B004460E4615462AD153
:1094D00002294FF0000518D101220DF11701009566
:1094E0000DF11603FFF76CF9A06D2A463146FFF720
:1094F000BFF826212046FEF742FF002211462046F3
:1095000006B0BDE87040FEF772BE0DF11503019381
:109510000123009302950DF1160302220DF11701AC
:10952000FFF782F9E5E7012A01D9032A04D132467F
:1095300001212046FFF7EEFD133500233246E9B244
:109540002046FEF709FFD8E738B5042204460D4649
:109550000021FFF7DFFD20460421FEF71FFE1F213B
:10956000FEF70DFFA06D4FF42051FEF720FBA06D1C
:109570002A460021FEF7C0FD002220461146BDE824
:109580003840FEF734BE37B504460D460021FFF7DC
:10959000AEFA20464FF0FF31FEF700FEA3681968CF
:1095A0000231FFF7DFFA204600225421FEF734FE95
:1095B000204600225421FEF72FFE2046002254218F
:1095C000FEF72AFE204605220221FFF7A3FD032213
:1095D000204600231C21FEF7EAFEA36820461968F6
:1095E000FFF7A1F8A06D2946FEF7C2FA2046012137
:1095F000FFF77DFA20460221FEF72CFEA06D012226
:109600000021FEF781FCA06D4FF42051FEF7CFFA48
:10961000A368A06D1A68022502320021FEF76CFDD6
:10962000002300951A46A06D0121FEF7AFFC2046ED
:1096300001220021FEF7DBFD002211462046FEF745
:10964000D6FD204600225421FEF7E6FD294620469D
:109650000522FFF75FFD0023032220461C21FEF7B1
:10966000A6FE20461021FEF78AFEA06D4FF4205181
:10967000FEF79DFAA368A06D1A6800210132FEF77B
:109680003BFDA36820461968FFF76CFAA06D4FF404
:109690000051FEF78CFAA06D00220121FEF720FC9C
:1096A000A368196820460131FFF75CFA01212046C2
:1096B00003B0BDE83040FEF771BD0000436D73B5E7
:1096C000DD8A15F00106044613D001220021FFF7C0
:1096D00021FD002202212046FEF710FE0022A06D8F
:1096E0001146FEF786FBA06D00221221FEF7F8FB63
:1096F0001BE0027D002A47D03146FEF7F5FD5428D5
:10970000C5F3871525D12046FEF755FDADB9A06DEF
:109710002A462946FEF7ACFF636D9A8C002AE2D1F7
:10972000DB8A03F01103002BDDD1226BE1682046B8
:1097300002B0BDE87040FFF761BAA06D3246314615
:10974000FEF757FB01232A4604212046FEF704FEBC
:10975000E2E70DF1070132462046FFF723F89DF8B6
:109760000710A9420DD02846FEF70EFD0246084616
:10977000FEF70AFD074966680346074806F022FC23
:109780003060002DC8D0DDE70DF10701FFF70AF8C2
:10979000C2E700BF2ACB05082C210608F8B51646FB
:1097A00004460F46FEF7C0FD31462046FEF70EFD8B
:1097B0000025E36C2A46B5420CD1B4F84A2039465C
:1097C00020461A44FFF78EFC29462046BDE8F840A3
:1097D000FEF7E4BC5819616A013521F83020EAE748
:1097E00073B50D4616460DF1070100220446FEF73B
:1097F000D9FF721C2A4420460221FFF7CFFF012324
:1098000045EA06222821204602B0BDE87040FEF756
:10981000A3BD37B504460D4600220DF10701FEF742
:10982000C1FF2A4620460221FFF7B8FF01232A463E
:109830002721204603B0BDE83040FEF78DBD37B587
:109840000D4600220DF107010446FEF7ABFF5DB1A6
:10985000204604220121FFF7A1FF1E21204603B06C
:10986000BDE83040FEF78BBD2A46A06D0121FEF712
:10987000C0FA20461E21FEF782FD2A4629462046D0
:1098800003B0BDE83040FEF7B2BC37B504460D4624
:109890008AB103220121FFF73DFC0222012120466B
:1098A000FFF77CFF00232A460B21204603B0BDE8CA
:1098B0003040FEF7A0BE0DF10701FEF773FF022254
:1098C00011462046FFF76AFF01232A460A21ECE7EA
:1098D0007FB5012504460DF10F030DF10E01009532
:1098E0000022FEF76DFF9DF80E109DF80F602046D8
:1098F0000022FEF77CFC2A463146204604B0BDE833
:109900007040FEF774BCF8B504460F4601211D46B1
:109910001646FEF79FFC2046FFF7DAFF0F21204690
:10992000FEF734FE2046FFF7D3FF39462046FEF708
:10993000FAFE20464FF0FF31FEF78CFC3146204600
:10994000FFF710F92046FEF736FCA06D012200213A
:10995000FEF7DAFA002211462046FEF748FCA06D19
:109960004FF42051FEF723F9A06D2A460021BDE8EF
:10997000F840FEF7C1BB0000138B2DE9F34104460C
:109980000161D81E43424341237500230E46E36420
:10999000118CA36962658B42154605D2E069F6F722
:1099A00082FC2B8CE061A361626D538B928B13441C
:1099B000EA8A510748BF013392074FF0000248BFBF
:1099C00001331146934240F0DB80227D002A40F0B3
:1099D000EB80A2699A4200F2E980226A00236021AA
:1099E0009A4240F0EC80042E14BF01210221A06DA8
:1099F000FEF796F8626D0023A4F84830938CD28A63
:109A000002F01101194305D0D20740F1DD80152382
:109A1000A4F848308B492068FDF756FB2F8C6B8CDF
:109A200094F814803B4406466364A06DB8F1000FBF
:109A300000F00C81626D918C002940F0CA80D28ABE
:109A400012F0010F0CD13946032F6F8BA8BF0321F1
:109A5000032F88BF01F1FF3112F0110F00F0BB801E
:109A6000B4F84820023292B2A4F84A201A44511A9B
:109A70000227FEF7B4F80097A06D0123002207210A
:109A8000FEF784FA072200971146A06D0323FEF724
:109A90007DFA0722009733461146A06DFEF776FA4D
:109AA000636D9A8C1AB9DB8A03F030032BB1B4F8DA
:109AB0004810A06D0022FEF713FAA06D01220021CC
:109AC000FEF7E3F8A06D02220121FEF7DEF8032283
:109AD000A06D0621FEF7D9F8A06D4FF42451FEF7D2
:109AE00066F8A368A06D1A6801210432FEF704FB32
:109AF0006A8BA06D0221FEF77CF9A06D0223002283
:109B00004FF48541FEF7BCF8A368A06D1A680021E8
:109B10000532FEF7F1FAA368A06D19680431FEF76B
:109B200027F86B8BA06D4FF002125A430221FEF70B
:109B300060F9A06D03222C21FEF713FBA368A06D32
:109B400019680531FEF714F800250226636D5A8B5B
:109B5000AA4248DC032A0DD99A8C5AB9DB8ADB0762
:109B600008D4B4F84A20636CA06D1A44033A062165
:109B7000FEF7CAF9204602B0BDE8F041FFF7A8B9E8
:109B8000E069815401321DE7C86A00EBC20001326E
:109B90004178CF0741BF4788E0690909C155616D28
:109BA000088D9042F0DC14E70022F8E7227D002ABD
:109BB000E2690CBF00216021D154013309E7606ADA
:109BC00020F8331001330BE70BB9132320E71423DC
:109BD0001EE7002144E7EF8AB4F84820BF067FF56E
:109BE00043AF01323FE700962B460622A06D0021CD
:109BF000FEF7CCF9E3695A5D22B101230321204627
:109C0000FEF7AAFB022D12DC636D9A8C7AB9DA8A10
:109C1000D2070CD4022D02D15B8B032B07D10A4B48
:109C2000A06D595D0022FEF730F801358EE7B4F8DB
:109C30004A10636C194401390022491B2046FEF783
:109C40005DFBF2E7F81A0608B8190608E26B042172
:109C5000FDF79FFFD4E91530DF8A17F0010742D0E6
:109C6000226C0421FDF795FFB4F84810A06DFDF7B4
:109C7000B6FF4FF4A023A364A06D42460621FEF771
:109C800004F80227A06D01221421FEF729F900979C
:109C9000B4F84830A06D06224146FEF777F90097E8
:109CA000A06D012342464146FEF770F90097A06D72
:109CB000032342464146FEF769F90097A06D3346FB
:109CC00042460721FEF762F92046FFF701F9636D6E
:109CD0009A8C002A49D0002319462A8D9A425BD8D3
:109CE00002B0BDE8F081B4F84830616C05339BB236
:109CF0004FF00208A4F84A301944FDF770FFCDF880
:109D00000080A06D3A4601230721FEF73FF9CDF808
:109D100000800722A06D11460323FEF737F9CDF826
:109D2000008007223346A06D1146FEF72FF9B4F8E4
:109D30004810A06D3A46FEF7D3F8626CA06D394624
:109D4000FEF757F8B4F848103A4620460331FEF7BC
:109D5000D5FAB4F84820A06D3946FEF7E9F8A06DB1
:109D600004222D21FEF7FDF9AEE7DE8A16F001068A
:109D7000B1D1104F2B8CB342ADDDB4F84A20636CE7
:109D800017F8011BA06D1A44013A921B0136FEF729
:109D9000BBF8032EEED19EE7EA6A02EBC30012F88D
:109DA0003320052A04BF4288E06903F1010308BF9C
:109DB000815492E7B81906082DE9F3410E4601EBEC
:109DC0004201044615461F46FEF78EFA70288DF8AC
:109DD000060035D1E26C636A03EBC2030021204622
:109DE00013F80C6CFEF780FA072805460DD888B1E9
:109DF0002046FEF7DFFBE36C626A03F10053013B90
:109E000002F8336002B0BDE8F0815428F0D01F485A
:109E100003F01CF902460DF107012046FEF7C2FCD3
:109E20002046FEF7C8F9324603210123FEF794FAD3
:109E30002A463146204602B0BDE8F041FEF7D7B9C8
:109E400046EA05286FB18A1C20460221FFF762F915
:109E5000434600221D212046FEF7A9FA00221146A2
:109E6000E8E7354304D00A4620460221FFF752F9BD
:109E70000DF1060120460022FEF794FC0123424624
:109E80001B212046FEF768FAE8E700BF34CB05083F
:109E90002DE9F041C66CD0F824C0DDF81880013EF1
:109EA0000CEBC60715467A78012A044613D1D7F879
:109EB00004E09E450FD0C6450DD01CF836300B701F
:109EC00079682960FEF78BFA20464FF0FF31BDE834
:109ED000F041FEF763B90A462B6801212046FEF7E0
:109EE0002FFCF1E77FB5002303934FF0FF3300937E
:109EF00003AA0DF10B010446FFF7CAFF9DF80B50B2
:109F0000039E294632462046FEF771F9324629461D
:109F1000204604B0BDE87040FEF769B9F7B50446C5
:109F20000E461546002A57D1134601210DF10702AE
:109F3000FEF706FC022211462046FFF72FFC012304
:109F400020460D220A21FEF756FB0DF1070120469F
:109F50000222FEF727FC0DF1070120460122FEF741
:109F600021FC2A460DF107012046FEF71BFC9DF857
:109F70000770204639460122FEF739F93946204656
:109F80000222FEF734F9022211462046FFF706FCB2
:109F9000012320460C220A21FEF72DFB0222114646
:109FA0002046FFF7B7F82B462A4620461C21FEF72D
:109FB000FEF92A4629462046FEF719F92046FEF703
:109FC00091FB204601223146FEF763F9204603B09B
:109FD000BDE8F040FFF786BFFEF784FBAB1E5A4298
:109FE0005A413146204603B0BDE8F040FEF751B972
:109FF00070B5044686B00D46164623B906B0BDE8D6
:10A000007040FEF7BBBC00221146FEF7E8F920467F
:10A0100000220121FEF7E3F9324629462046FEF7E9
:10A0200027FA002304934FF0FF33009304AA0DF1A5
:10A030000F012046FFF72CFF049D009501262B46BB
:10A0400005AA0DF10F0120460596FFF721FF022317
:10A0500000930599A06D33462A46FDF7D7FF06B059
:10A0600070BD7FB504460D46164623B904B0BDE861
:10A070007040FEF7FDB900221146FEF7B0F93246F6
:10A0800029462046FEF7F4F94FF0FF3300250093F0
:10A0900003AA0DF10B0120460395FFF7F9FE0223F9
:10A0A0000093039AA06D29460123FDF76FFF2A460E
:10A0B0002946204604B0BDE87040FEF798B800007D
:10A0C0007FB50E4600210446FEF70EF9831E012BD4
:10A0D00005468DF80B0038D8002E34D0012E19D14A
:10A0E0000B460391009103AA0DF10B012046FFF7E7
:10A0F000CFFE039D44F240212B462A46A06DFDF77A
:10A10000BFFD9DF80B102A46204604B0BDE8704004
:10A11000FEF76DB8022E0ED10B460391009103AAF3
:10A120000DF10B012046FFF7B3FE039D44F2C03151
:10A130002B462A46E2E7104B64689A5D0F491048A7
:10A1400005F040FF206004B070BD70B901220DF130
:10A150000B012046FEF726FB324611212B462046F6
:10A16000FEF7FAF82A462946CEE7FEF70DF805492C
:10A1700064680246E3E700BF343306083CCB0508B9
:10A180002C21060845CB05082DE9FF410D4601218C
:10A190000446FEF7A9F8002107468DF80A0020467C
:10A1A000FEF7A2F8BB1E012B06468DF80B0000F24D
:10A1B000D380831E012B00F2FA80A5F109030C2B3A
:10A1C0009CBF0D35EDB21F2D01D0212D24D10023D0
:10A1D000009301220DF10A030DF10B012046FEF759
:10A1E000EFFA9DF80A30022B07D07A4B7A495A5D74
:10A1F0007A48666805F0E6FE30601F2D0CBF2E2100
:10A200002F212046FEF7BBF800220221204604B091
:10A21000BDE8F041FDF7EBBF01260223039303AA3B
:10A220000DF10B01204600960023FFF731FE324668
:10A230000DF10A012046FEF7B5FA1D2D7DD8DFE8A5
:10A2400005F04C4C4C4C4C4C7C7C7C7C7C7C7C7C71
:10A250007C7C7C7C7C7C7C7C252D320F0F374347BB
:10A26000192DA06D9DF80A60039B4FF0010206D1E5
:10A270004FF48141FDF704FD01223146C6E7032E6C
:10A280000CBF44F2C0014FF48241F3E7039B01226B
:10A290004FF48641A06DFDF7F3FC11E0039B012212
:10A2A00044F24001F6E7039B01224FF48041F1E7BD
:10A2B000039941F60903A06D43EA8111FDF777FC8C
:10A2C0009DF80A100122A1E7039941F60923F2E75C
:10A2D000039B012244F24031DCE79DF80A609DF8BF
:10A2E0000B30B34205D03E493C48676805F06AFE32
:10A2F00038600022032E1146204614BF0626002691
:10A30000FEF76DF80122039BA06D4FF48541FDF728
:10A31000B7FC2E44334BA06D33F81610FDF747FC05
:10A32000A06D42F20101FDF742FC4FF40051A06D17
:10A33000FDF73DFC0022012168E720460121FDF7E1
:10A340002DFF244B28495A5D2448646805F03AFEE5
:10A35000206004B0BDE8F08157EA000827D101264B
:10A3600000960DF10A0302220DF10B012046FEF7C3
:10A3700027FA322D17D0332D17D0464600232A4610
:10A3800012212046FDF7E8FF56B1A06D0022012101
:10A39000FDF77BFC0023032211212046FDF7DCFFA3
:10A3A0000022114632E70625E8E70725E6E72046C2
:10A3B0004FF0FF31FDF7F2FE3846FDF7E5FE0246AD
:10A3C0003046FDF7E1FE094964680346034805F09D
:10A3D000F9FDBDE73433060855CB05082C210608E6
:10A3E00065CB0508C818060878CB050886CB050894
:10A3F0002DE9F0430446C16885B0FEF7B3FB626DFA
:10A40000D18A928C01F0110313432ED011F0010177
:10A4100017D1B4F8482020460132FEF715F8636DD5
:10A420009D8C55B9A06D4FF42051FDF7C0FBE2683B
:10A43000A06D01322946FDF75FFE05212046FDF79C
:10A440009EFF21212046FDF79AFF636DDA8AD2072D
:10A4500006D49B8C23B9E16820460131FEF782FBCC
:10A46000A06D12220021FDF74FFDA06DFDF7E9FB65
:10A47000237D002B5ED1A36D656C5B68A3632368AD
:10A480005B88E363636D013D5E8BDF8AB3F81C90EC
:10A49000B3F81E80EA0006F0030302F0780207F02A
:10A4A0000F071A432D09B60845EA0703334343EA69
:10A4B000090353EA0803A06D65D10121FDF769FB8B
:10A4C000B4F85060B4F85270A06D720007F0010348
:10A4D00002F07E027F08B60957EA060542EA030247
:10A4E00018BF42F080020121FDF753FB002DEBD194
:10A4F000636DA76D998A20687E68FCF7CFFD474998
:10A50000024638460FF090FF626D538B918B108D91
:10A510000B44AB4271DCA36D9F88BE1BA4F8506056
:10A520000025D4E915301A8DAA4268DC4368DB1B8C
:10A53000A4F852302369042B21D1A36DD3E902760C
:10A5400023685868237D5BB9A56BE16B354400290E
:10A5500062D001318900F5F7A6FEE36B40F8235085
:10A560000023656D217DCDE90233EB8ACDE900033F
:10A57000033128693B463246C9B201F034F9012063
:10A5800005B0BDE8F08342F080020121FDF701FB38
:10A59000BA012B0103F0300302F040021A4308F025
:10A5A00001031A434FEAC90303F008031A43B30037
:10A5B00003F004031A43AD087F0876084FEA5909EF
:10A5C0004FEA580870E7D36A03EBC1035F78FF07CF
:10A5D0000ED55F88AF420BD159682068A76DFCF794
:10A5E0005DFD0E49024638460FF01EFF01358BE730
:10A5F00001318142E7DB0521EFE70021F9E7DB6A62
:10A6000003EBC50213F83530052B03D15288012125
:10A61000FDF7BFFA013584E72846A1E7517B020820
:10A620002DE9F04188B004460D4607AE002940F000
:10A63000BD800121FDF758FE07468DF8170078BB55
:10A6400001462046FDF750FEC0B9012231462046A2
:10A65000FEF7A8F800220DF117012046FEF7A2F838
:10A6600004220F2102232046FDF776FE0022114628
:10A67000204608B0BDE8F041FDF7B9BD3A46314685
:10A680002046FEF78FF89DF81C2020460123042168
:10A69000FDF762FEA06D3A460121FDF7F6FAD9E713
:10A6A000E36C626A013B02EBC30032F8332040F2F4
:10A6B00002239A422BD147684FF001082046FDF74C
:10A6C0007AFD434632460DF11701CDF8008007951B
:10A6D000FFF7DEFB20462A462946FDF780FE9DF85F
:10A6E000170006280DD007280ED0052854D1009554
:10A6F000079AA06D3B462946FDF748FC002202213F
:10A70000B6E7CDF80080F3E702230093F0E72B468D
:10A710000791324606A920460095FFF7B9FB2A4665
:10A720000DF117012046FEF73DF820462A4629463E
:10A73000FDF755FE9DF81800831E012B08D9FDF783
:10A7400023FDA14965680246A04805F03BFC28604E
:10A750009DF8170006280BD0072813D005281BD119
:10A760000799890141F4B841A06DFDF720FAC5E7CA
:10A770000799A06DC90041F04201FDF718FA4FF4A6
:10A78000B541F1E70799A06DC90041F08201FDF7DD
:10A790000EFA4FF4B141E7E7FDF7F6FC8C49656826
:10A7A00002468A4805F00EFC2860A7E7012940F020
:10A7B000FB80FDF799FD07468DF8150050BB01465B
:10A7C0002046FDF791FD022105468DF81800204630
:10A7D000FDF78AFD05438DF81C0008D03946204658
:10A7E0000322FEF797FC03212046FDF7D7FC022346
:10A7F000CDE901630023009306A920460DF115035E
:10A800000122FEF711F80F21204608B0BDE8F04103
:10A81000FDF7B5BDE36C626A013B02EBC30132F8A0
:10A82000332040F202239A423ED12046D1F80480E0
:10A83000FDF7C1FC02230022CDE90623009306AAFE
:10A840002B460DF11501FFF723FB069F00953B46B4
:10A85000204632460DF11701FFF71AFB9DF817004D
:10A86000431E022B08D9FDF78FFC5A496568024642
:10A87000564805F0A7FB28609DF8150006280FD064
:10A8800007280FD0052840F0858000230093079902
:10A89000A06D43463A46FDF7B9FB08B0BDE8F0812C
:10A8A0000123F3E70223F1E702230793009306AAAB
:10A8B00000230DF1160120460695FFF7E9FA204620
:10A8C00000220DF11501FDF76DFF9DF81600831EA6
:10A8D000012B08D9FDF758FC3F49656802463B4803
:10A8E00005F070FB2860069D009500232046324647
:10A8F0000DF11701FFF7CCFA9DF81700431E022B4C
:10A9000008D9FDF741FC3349666802462F4805F037
:10A9100059FB30609DF8150006280ED0072825D079
:10A92000052837D1079941EA851141F4A841A06D66
:10A9300008B0BDE8F041FDF73AB90126AE40A06D80
:10A9400046F43441FDF733F945EAC50141F04001D1
:10A95000A06DFDF72CF9079941EA851141F4A44156
:10A96000A06DFDF724F946F43C41E0E70126AE4036
:10A97000A06D46F43441FDF71AF945EAC50141F0EE
:10A980008001A06DFDF713F9079941EA851141F4A3
:10A99000A041E5E7FDF7F8FB1049646802460B4863
:10A9A00005F010FB206078E70025334606A90095E6
:10A9B0000122FDF705FF02232A460F21204608B099
:10A9C000BDE8F041FDF7C8BCA9CB05082C2106085D
:10A9D000A0CB0508B3CB0508BECB0508B8CB05084E
:10A9E0002DE9F04180465C2016460F461D46F5F7DE
:10A9F00058FC866008260446C0E9008706624020AD
:10AA0000F5F736FCE66260622020F5F731FC606302
:10AA10002020F5F746FC2946A065FDF76EF8204694
:10AA2000BDE8F08110B504460021806DFDF76DF89A
:10AA3000A06DF5F745FC606BF5F742FCE069F5F7B2
:10AA40003FFC606AF5F73CFC2046BDE81040F5F796
:10AA500037BC000002F00F03022B10B5044608D0EB
:10AA60000A460C490C4805F0ADFA636A18600020EC
:10AA700010BD836A12090020834204D1238C042B69
:10AA8000F5D10649EEE7E16A51F820109142EFD086
:10AA90000130F1E7C5CB050898210608CBCB0508A6
:10AAA00070B50646B2B1900714D110792E2811D195
:10AAB00094687CB1A2070DD16568EAB2922A09D1E7
:10AAC0002D0A022D06D1A2681A60049BE2681A6062
:10AAD000012070BD0A460448044905F073FA736A00
:10AAE00018600020F5E700BF98210608D7CB0508BD
:10AAF0007FB504460D46104603A91E46F8F778FDBB
:10AB000048B90C490C482A4605F05CFA636A18609B
:10AB1000002004B070BD039803F05EF930EA06022D
:10AB20000346F6D0054900962A46034805F04AFA3E
:10AB3000ECE700BFF3CB050898210608F9CB050820
:10AB4000038C032B70B5C46A03D1856A00239D4230
:10AB500005D144F82120FDF70BF8012070BD54F811
:10AB60002360964201D00133F1E70020F6E7FDF7BC
:10AB700068B8032910B50446018442620FD1826A85
:10AB8000C06A002192001FF08FFA01212046FCF7D5
:10AB9000C7FF20460021BDE81040FDF720B804297A
:10ABA00014BF01210221F1E700F00F03022B02D1B3
:10ABB0000009F6F780BA0148704700BF3DE4050878
:10ABC00070B5054610460E46FFF7EEFF0378732B6F
:10ABD00019D14378BBB103460A22002013F8014F74
:10ABE0005CB91F2808D90B490B481F23324605F0D2
:10ABF000E9F96B6A1860002070BD303C092C02D85E
:10AC000002FB0040EAE705490348324605F0DAF95D
:10AC1000EFE700BF0FCC0508982106081CCC0508FB
:10AC2000F8B5054610460E461F46FFF7BDFF174C08
:10AC300001780022A44663788B421BD190F801E092
:10AC4000A3789E4516D190F802E0E378734511D1C0
:10AC50006BB91CF82200B84208D90D490D483B4693
:10AC6000324605F0AFF96B6A18600020F8BDC37872
:10AC7000002BEED00132152A04F10404DBD1064981
:10AC80000448324605F09EF9EDE700BF701A060849
:10AC90000FCC05089821060825CC05082DE9F347B7
:10ACA00006460F46002A3CD093073AD113792F2B42
:10ACB00037D1926802F00F03022B08D10F23FFF760
:10ACC000AFFF01248440204602B0BDE8F08742B3C4
:10ACD00012F0030A25D113799F2B22D1D5682B7945
:10ACE000A12B1ED192680F23FFF79AFF4FF00109A5
:10ACF00009FA00F401AAA22105F10800F8F7C4FE40
:10AD00008046C245DFDA019A0F2352F82A203946DD
:10AD10003046FFF785FF09FA00F004430AF1010A03
:10AD2000EFE7044904483A4605F04CF9736A0024F9
:10AD30001860C8E72BCC05089821060810B5044612
:10AD4000024805F0A9F8206010BD00BF9821060850
:10AD500004292DE9F84380460C460DD8151F01F152
:10AD6000300930264E450DD055F8040F00F00F0382
:10AD7000022B0AD00D4900E00D49D8F82400FFF756
:10AD8000DDFF00242046BDE8F8830009F6F793F9BB
:10AD900007461FF0C7F90228ECD13B78722BE9D1A6
:10ADA0007B78B342E6D10136DCE700BF5BCC050817
:10ADB0003CCC05082DE9F0470F4686B0044603A9B0
:10ADC00038461E469146F6F782F90378762B0546FB
:10ADD00040F01981B9F1020F40F0C680A7F2B547E3
:10ADE0000E2F00F20781DFE817F00F0037003A005E
:10ADF000050105010501050105018D0005015F0043
:10AE00003D0032002F00BC004EF6B4684FF42C69B0
:10AE1000326829462046FFF7D3FE72680746294666
:10AE20002046FFF7CDFEFA0249EA500902F47042CB
:10AE3000400142EA090200F02000B90101F040019E
:10AE4000024348EA010129E04EF6B168DEE74EF61A
:10AE5000B1684FF42469DBE74EF6B868D6E74EF6E2
:10AE6000BD68D3E73068FFF79FFEAA491FF068F975
:10AE7000C0B132680F2329462046FFF7D1FE0746AE
:10AE80007068FFF791FEA4491FF05AF9002840F0BE
:10AE9000B1803A0342F421624EF6F1612046FCF79C
:10AEA00090FEE7E10F27EBE73068FFF77DFE0378C0
:10AEB0003268722B17D10F2329462046FFF7B0FEC8
:10AEC0002946726807462046FFF77AFE4EF6106163
:10AED00080464FEAC812D2B242EA073242F42162F7
:10AEE00041EA5801DAE729462046FFF769FE29467C
:10AEF000726880460F232046FFF792FE4FF46E41A2
:10AF00000746E6E74EF69058326829462046FFF796
:10AF100057FE05AB00930746726804AB29462046EE
:10AF2000FFF7BEFD002800F0A581049A07232946FB
:10AF30002046FFF775FE059A064629464FF47F73B3
:10AF40002046FFF7D5FDFA02B90102F4704201F084
:10AF5000400142EA900241EA080142F42062314392
:10AF60009CE74EF68058CFE7B9F1030F42D1DFF8E6
:10AF7000C081002700F1010A0322414650461FF01C
:10AF8000F7F890BB2B7983BB644B326813F82780AA
:10AF900029462046FFF714FE7268074629462046D8
:10AFA000FFF70EFEB268814629462046FFF708FEED
:10AFB0004FEA0813DBB243F4206343EA5003400135
:10AFC00000F02000FA0202F470420343134308F039
:10AFD000F0084FEAC912D2B248F46E48B90148EA03
:10AFE000590801F040011A432BE70137042F08F1FB
:10AFF0000408C1D14B464A494A482A4604F0E2FFB8
:10B00000636A186036E1B9F1030FF3D8DFE819F08D
:10B01000040015001601C90240F2FA339F4205D11F
:10B020004FF43F412046FCF7C2FD23E140F2C54307
:10B030009F42DFD14BF63071F4E740F2F72297429E
:10B0400010D1014632682046FFF704FD0146204634
:10B05000FCF73FFE002840F00D813349606AFFF79E
:10B060006DFE07E140F2FF22974209D101463268A6
:10B070002046FFF7EFFC01462046FCF784FEE9E797
:10B0800040F20732974209D1014632680F23204629
:10B09000FFF7C6FDC10041F48E41C3E7622B49D1E1
:10B0A000039B032B0CD0052B40F08B80C3785F2BC8
:10B0B00040F0878003796E2B02D0772B40F081809F
:10B0C00069781A4B00224FF0FF375878884205D133
:10B0D00095F802C09878844508BF1F7801320E2A7F
:10B0E00003F10303F1D17B1C84D03268294620464A
:10B0F000FFF7B0FC039B052B024609D12B79A3F186
:10B1000077067342734139462046FCF700FEA1E7FB
:10B110000023F8E770CC05087ACC0508D01906089A
:10B120008DCC0508982106089ACC0508341A060823
:10B13000D1190608692B44D14378742B41D130686A
:10B14000FFF732FDB84B017800221F465E788E4231
:10B1500022D190F801C09E78B4451DD18678DEB921
:10B16000AE1C31460B46013118780028FAD1691D12
:10B170008B423FF63FAF02EB42020821BF5CFA432D
:10B18000D200F800013B0A4008409E420AD941EA39
:10B19000071141F43F4145E701320E2A03F1030351
:10B1A000D4D127E713F801C9BCF1740F4FEA51015C
:10B1B00001D10143E9E7BCF1650F7FF41BAF1143F7
:10B1C000E3E740F226339F4202D14BF2726129E756
:10B1D00040F227339F4202D14BF2626122E740F2F4
:10B1E00025439F4213D1326829462046FFF756FD7A
:10B1F00010F43F4F024607D145044ABFC1B240F4A4
:10B20000344141F435410DE74EF62D1146E6782FD5
:10B210007FF4F0AE326829462046FFF73FFD10F478
:10B22000FE4F024607D110044ABFD1B242F43C415E
:10B2300041F43D41F6E64EF6BD012FE6736803F09A
:10B240000F03022B40F09F8040F2EB339F4214D15A
:10B25000014632680F232046FFF7E2FC726807467A
:10B2600029460F232046FFF7DBFC394602462046DD
:10B27000FCF70BFD06B0BDE8F08740F216339F42A5
:10B280001CD14FF6B0294FF2800732680F232946B0
:10B290002046FFF7C5FC7268804629460F232046EA
:10B2A000FFF7BEFC47EA000242EA082249EA000131
:10B2B000F4E54FF690294FF2A007E6E740F22F435E
:10B2C0009F42F6D040F2EF339F422AD132680C23DE
:10B2D00001462046FFF7A4FC07467068FFF764FCB0
:10B2E0000146064651481EF02BFF0346A0B15048C8
:10B2F00031461EF025FF70B12A464E494E4804F0F3
:10B3000061FE636A0022186042EA072242F40042AA
:10B310004FF2EF31C2E50123484A03EBC303D25C8D
:10B32000F2E740F2EB239F4215D14FF48047326899
:10B33000294607232046FFF773FC7268804629469A
:10B3400007232046FFF76CFC424603463946204659
:10B35000FCF796FC8EE7DFF8EC80002703224146DD
:10B3600028461EF005FF40B9EB7833B9344B13F88B
:10B3700027703F0147F48047D9E701370F2F08F1C5
:10B380000408EBD136E640F2EE339F422AD840F271
:10B39000EA339F421ED8B7F5467F3BD040F2B73321
:10B3A0009F4200F0868040F2E1239F4235D040F278
:10B3B000B5339F4200F0DD8040F2B6339F4200F08B
:10B3C000DA80B7F56E7F00F0D880972F40F09E802E
:10B3D0000323A1E0A7F57B77022F21D8DFE807F050
:10B3E0004B344E00B7F5916F40F08C804FF46057AE
:10B3F0003268072329462046FFF712FC294680467B
:10B400007268FF232046FFF773FB47EA000141EA19
:10B41000082107E64FF42057EAE74FF44057E7E7E3
:10B420004FF40057E4E700BF341A06085F1A060815
:10B43000681A060880CC0508982106085E1A0608D6
:10B44000F8190608F91906084FF2402832680F2348
:10B4500029462046FFF7E4FB726807464FF6FF7364
:10B4600029462046FFF744FB3A460346414620461C
:10B47000FCF71DFCFEE64FF2C028E7E70146326804
:10B480000F232046FFF7CCFB2946074672684FF092
:10B49000FF332046FFF72CFB3A4683B205464FF2B6
:10B4A00040212046FCF703FC2B0C3A464FF2C0210A
:10B4B000DDE7014632680F232046FFF7B1FB05ABFD
:10B4C00000930746726804AB29462046FFF7E8FA66
:10B4D00000283FF4CFAE049A0F2329462046FFF7F9
:10B4E0009FFB059A06462946FF232046FFF700FBEF
:10B4F000820842EA073246F4684142F4706241F041
:10B500005001CBE440F284439F4238D040F286435E
:10B510009F427FF46FAD0523824A294632F823709B
:10B52000326807232046FFF77BFB05AB009380467C
:10B53000726804AB29462046FFF7B2FA00283FF4B0
:10B5400059AD049A294607232046FFF769FBF90401
:10B55000059A064615D51F2329462046FFF7C8FA47
:10B5600047EA0807800147EAC60700F4F861394353
:10B5700058E50023D0E70123CEE74B46CCE7042370
:10B58000CAE73B0406D53E2329462046FFF7B0FA1A
:10B590004008E5E77C2329462046FFF7A9FA800802
:10B5A000DEE740F2C7339F4221D1002732680723EC
:10B5B00029462046FFF734FB726881460723294657
:10B5C0002046FFF72DFB29468046B2681F23204600
:10B5D000FFF78EFA47EA090747EA801747EAC801EA
:10B5E00020E54FF40067E1E74FF48057DEE7B7F559
:10B5F000727FF6D040F2F3239F42F5D040F2E12370
:10B600009F422BD14FF4C058326807232946204669
:10B61000FFF706FB72680723074629462046FFF717
:10B62000FFFAB26802F00F03022B81460ED1072306
:10B6300029462046FFF7F4FA47EAC90141EA080122
:10B6400041EA8011EEE44FF4D058DDE707232946A4
:10B65000204648F48068FFF74BFAEDE740F25E437E
:10B660009F4222D14FF6903832680F232946204658
:10B67000FFF7D6FA726881460F2329462046FFF766
:10B68000CFFAB268074629460F232046FFF7C8FACB
:10B6900040EA092040F4704242F0F00248EA070113
:10B6A000FFF7FCBB4FF6B038DEE740F2A7439F42FE
:10B6B000F8D0B7F5916FC6D040F285439F427FF432
:10B6C00099AC014632680F232046FFF7A9FA726849
:10B6D0000F23294607462046FFF7A2FA05AB009341
:10B6E0008046B26804AB29462046FFF7D9F9002806
:10B6F0003FF4C0AD049A0F2329462046FFF790FA85
:10B70000059A06462946FF232046FFF7F1F93F0236
:10B7100047EA083746F4684147EA900241F04001A1
:10B72000FFF7BCBBE019060838B505463020F4F732
:10B730009FFD2022044600211EF0B6FC294620462B
:10B74000FCF7DBF9A562A800F4F792FDE062204661
:10B7500038BD10B50446C06AF4F7B2FD204600219A
:10B76000FCF7D3F92046BDE81040F4F7A9BD012944
:10B7700010B5136823D90178302920D1417841F0E0
:10B780002001782900F1020406D133F0100314D10E
:10B7900010231360201A10BD6F2904D133F0080361
:10B7A0000BD10823F5E7622904D133F0020304D159
:10B7B0000223EEE70BB9012313600446EAE7002BEE
:10B7C000FBD10A23F8E708B51020F4F76AFD01233E
:10B7D000837008BD10B503F001030224C0E9011213
:10B7E0008470C37010BD9DF80430426003F0010303
:10B7F000C370009B8360029B0373C368039A8170CC
:10B8000062F31F23C360704770B504460D4623885A
:10B810001046CBB10A460023214605F0C5F8234661
:10B82000002213F8011B1D1B090605F1FF3503D487
:10B83000D30725D51C4B19E013F8011BC1F3801663
:10B8400006FA05F52A43EEE7A3786668042B0FD0C5
:10B85000052B16D0032B0A46A36831461DD105F0EF
:10B86000A3F8124B0360E37853B1114B036007E078
:10B870001049A468102002F0B9F9C0E90154C6606B
:10B8800070BD0D49257BE468102002F0AFF9C4F3C8
:10B890001724C0E90156C460F2E705F085F8E378A3
:10B8A000002BEDD0C6E700BFB026060868250608C5
:10B8B00094260608502506083825060838B514468B
:10B8C00012F4807218BF1A461D46FFF79DFF6209E9
:10B8D00002F008022A44E1B2BDE8384003F04ABA57
:10B8E000D0E90003184770B505460C468E18B442DF
:10B8F00000D170BDD5E90003984704F8010BF6E7C5
:10B9000038B504460025D4E90003984700F07F03CA
:10B9100043EAC5150306F6D4284638BD2DE9F041A3
:10B9200086B00546FFF7DCFFC4B2042C06D8284BCE
:10B9300053F82440204606B0BDE8F0812846FFF7C2
:10B94000DFFF064630B9062C04D12846FFF7C8FFB2
:10B95000204CEFE70A2C10D10021304609F028FFD7
:10B960000027044600F10408B742E3D02846FFF759
:10B97000D5FF013748F8040FF6E7314602A8F5F77E
:10B9800083FC049932462846FFF7ADFF631F012B65
:10B990000CD82846FFF7A4FF052C02A803D108F015
:10B9A00029F80446C6E708F02BF8FAE7072CDDE98A
:10B9B00003104FF0000303D10A22D7F717FBF0E77B
:10B9C000093C624200936241D7F748FCE9E700BFB7
:10B9D000C41A0608642E06082DE9F8432B4E0446C7
:10B9E0000F46904600252068FFF77AFF5FFA80F93E
:10B9F000B9F1FF0F01D1BDE8F883C1070CD520686C
:10BA0000FFF77EFFC20748BFA3684FEA50054FEA21
:10BA1000850554BFED19ED184FEA5903082B21D8BD
:10BA2000DFE803F0050505050505171B1E00DB070C
:10BA30000DD52068FFF764FF5FEA990923D0B9F1BB
:10BA4000010F0CBFA368E3680246294616E00120F7
:10BA5000F2E763689B680120F6E76368DB68FAE752
:10BA60003346F8E703F18043084A093B52F8233094
:10BA7000F1E751F804CB9C4441F804CC013AF8D2E8
:10BA800005EB8005AFE74346DEE700BFF81A06087E
:10BA90002DE9F04F8FB080460991FFF731FF00F09C
:10BAA00003039A1C0492C20800F004090792002BB9
:10BAB0003FD11046F4F7DCFB4FF0000A0146079A2D
:10BAC00006464046FFF70FFF5746CDF820A05446E4
:10BAD000CDF814A05546B9F1000F00F0988040460B
:10BAE000FFF70EFF049B8146032B08BF0130800047
:10BAF000F4F7BEFB4FF0000B0690CB457DD1FFF76E
:10BB000062FE049B022B834640F08C803246002369
:10BB100012F8011B901B090600F1FF307AD4069A37
:10BB20009BB231465846FFF755FE58460FB0BDE868
:10BB3000F08F0798F4F79CFB079A014606464046AB
:10BB4000FFF7D1FE049B032B404618D1FFF7D8FE28
:10BB500004463018335D411C00270A1A1D0602F105
:10BB6000FF3204D44FF0000ACDF820A0B0E711F85E
:10BB7000013BC3F3801505FA02F21743EDE7FFF727
:10BB8000BFFE049B052B07460BD14046FFF7B8FECE
:10BB900008904046FFF7B4FE0024824605942546EF
:10BBA00099E710F0200B23D04046FFF7A9FE82460C
:10BBB00017F0400002D04046FFF7A2FE1AEB000447
:10BBC00018D0C51C25F003050AEB0500F4F769FB46
:10BBD00005900544BBF1000F04D05246294640466B
:10BBE000FFF781FE4FF0000ACDF820A0544672E71F
:10BBF000DA46DDE7A2460894D0E709994046FFF708
:10BC000047FF069B43F82B000BF1010B75E7CDF8BE
:10BC1000189074E712F8011BC1F3801404FA00F0C5
:10BC2000034377E7099BCDF82880CDE90B35059BC9
:10BC30000D93FB0610D5154DD5F8CC0020B9014663
:10BC400006F080F8C5F8CC00314605F0F0FD32462C
:10BC500031460AA8FFF7C0FE049B032B06D13444EB
:10BC6000B9F1000F03D0069B43F82940069C089BBE
:10BC70000293BFB2CDE90047079B0499CDF80CA011
:10BC800032465846FFF7AFFD4FE700BF34000020B3
:10BC90002DE9F04786B08368049304460368059352
:10BCA00002A80F463E49F4F781FA04220DEB020187
:10BCB0002046FFF718FE9DF806509DF80420AB08BB
:10BCC0004D2A03F02F030CD19DF80520062A08D138
:10BCD0001BB105F00302032A03D19DF807201F2A98
:10BCE00002D9304800F0E4FF23B1043B032B01D913
:10BCF0002D48F7E715F04005F3D12046FFF700FE89
:10BD000081462046FFF7FCFD4FEA49060336804690
:10BD100000EB96008000D7F800A0F4F7A9FA26F00F
:10BD20000306CAF808003044CAF80C004D450DD18E
:10BD30000025454539682AD12046FFF7A9FE7860DD
:10BD40000120F4F73BFA06B0BDE8F0872046FFF784
:10BD5000D7FDC3074FEA500613D43046F4F788FAEC
:10BD60003246014682462046FFF7BDFD2046FFF7DA
:10BD7000B7FD31465046F5F7D9F806465046F4F778
:10BD80009FFA3B689B6823F815600135CEE7204693
:10BD9000CE68FFF7C3FD46F825000135C9E700BFAF
:10BDA000C3BE0208CCCC0508D8CC05081FB50C468C
:10BDB000014601A817F06AFD214601A8FFF768FFB8
:10BDC00004B010BD024B82681A61C268DA60704725
:10BDD00034000020838803F4C071B1F5C07F0246AF
:10BDE0000FD0190604D5C37B00EB8302106970479E
:10BDF00013F4807006D0D37B02EB8302136958687A
:10BE000070470148704700BFBD70030870B5274CEC
:10BE1000F5F732F800250123E561A4F81432D4F8CF
:10BE200018320BB1A4F81452A4F8205203F0BCFF4E
:10BE30001F4B204E20486564C4E90F3503211F4B7A
:10BE4000A364C4F8085284F80C5203F031FD0121B8
:10BE5000304603F02DFDAA22BA21304603F032FE0F
:10BE600000210846C4E90366C4E92C55C4E96B55B2
:10BE7000E566C4F8CC50C4F8B85005F063FF0A2159
:10BE8000C4F8440105F0D3FC40F2E261D4F8440167
:10BE900005F0CDFC002106F1440005F00BFE40F258
:10BEA0001A7240F2DA63C4E9522370BD34000020F4
:10BEB0006824060890000020800000204032060818
:10BEC0007047D0E90230184708B5074BD86E08B95B
:10BED000064808BD002241F24A61043001F062FCCC
:10BEE0000028F5D04068F4E7340000202C3906081B
:10BEF000034BC0000A4640F00201D86803F0E2BDDF
:10BF000034000020034BC10041F00201D86803F067
:10BF1000E7BD00BF34000020034BC0000A4640F0DC
:10BF20000201186903F0CEBD34000020034BC100AC
:10BF300041F00201186903F0D3BD00BF34000020B6
:10BF4000F8B51C46930707460E46154608D11368F8
:10BF50009A88910615D5520610D5B3889B0501D550
:10BF60002560F8BD50B9114B9E4207D010490C20F6
:10BF700001F03CFEC0E901652060F2E7C4E900572A
:10BF8000EFE70C4A934202D16B682360E9E70A4A63
:10BF90009342E5D130B101F035FE084B834214BF26
:10BFA00006463E466B68C4E90036DAE7E42906082F
:10BFB000D81A0608C8320608B03206081033060838
:10BFC00000232DE9F041C2E900330E46074614462E
:10BFD00001F018FE0A2E054602D12060BDE8F0816E
:10BFE000192E07D1838803F4C0731BB1144BC4E925
:10BFF0000037F3E76B7B5BB105EB830322461B69DC
:10C000003146384698476368042BE7D100236360C4
:10C01000EB7C002BE2D005EB8303F10018690022D2
:10C0200041F00201043001F0BDFB0028D6D0426887
:10C03000234629463846BDE8F041FFF781BF00BFDF
:10C04000A0380608F0B593B0054668460E46174678
:10C050001C46F4F7CDF840B93A4631462846FFF77A
:10C06000AFFFF4F79BF813B0F0BD002CFBD1019BA0
:10C07000044918680AF07CFB0028F4D10198F4F711
:10C08000CFF800BF2423060808B519B903F0FFFE56
:10C09000F4F7C6F803F000FFFAE70EB403B503AAFD
:10C0A00052F8041B019203F025FFF4F7B9F80000E1
:10C0B00070B5124EC4000546306944F002040022F7
:10C0C0002146043001F06EFB0246A0B9F06E30B19B
:10C0D0002146043001F066FB08B1406870BD0022C3
:10C0E0000748214601F05EFB024620B90549064893
:10C0F0002A46FFF7D2FF5068F0E700BF3400002067
:10C10000DC340608E4CC0508282206080A4B10B5E2
:10C110000446D3E90303984207D0E100002241F02E
:10C120000201043001F03EFB20B92046BDE810407A
:10C13000FFF7BEBF406810BD34000020032837B5AC
:10C1400005460C4607D1084601F07EFF00B30E24D9
:10C15000204603B030BDCA072FD54B1008282AD877
:10C1600001A252F820F000BF51C1020899C1020893
:10C17000B7C10208B7C102088DC10208B7C10208E1
:10C1800051C1020895C1020851C10208002BDED03E
:10C190001E24DDE7002BDBDAB3F1404F06D14FF070
:10C1A000804003B0BDE8304005F002B95B425B005F
:10C1B00043F00104CCE7DB43F9E7062825D101F081
:10C1C0000703022B10D08B071FD10B681A7BE2B13B
:10C1D00003EB82031A69204B9A4216D1486840B992
:10C1E0008B68C86801930CE0CC082046F4F74CFF3C
:10C1F00018B1400040F00104AAE701A92046F4F775
:10C2000066FF0199F4F728FEF3E7204601F0FAFCF7
:10C21000C37ABBB100EB83002146036928469847E7
:10C22000B0B9042DB4D0A5F10803022B12D90B4BE1
:10C2300020465D5D01F0F2FC094903462A460948A3
:10C24000FFF72BFF062DECD1640044F001047FE7DB
:10C2500004467DE700247BE70142030866330608B5
:10C26000F0CC0508502106082DE9F04105460E46A0
:10C270001746984601F0C6FC847A54B100EB84045A
:10C28000434624693A4631462846A446BDE8F04173
:10C290006047284601F0C2FC024902460248FFF707
:10C2A000FCFE00BFF9CC05085021060800231A4601
:10C2B0001946FFF7D9BF0000F0B51546124A87B0FE
:10C2C0000C46116904910646D168059102A80F49F0
:10C2D000C2E90335F3F76AFF2246376831466846FC
:10C2E000F7F7E6FBB4FA84F2520939466846FAF7E2
:10C2F0008DFC044615B1FFF7D9FF04460120F3F782
:10C300005DFF204607B0F0BD34000020C5BD020827
:10C3100007B50022019101AB0121FFF7A5FF03B092
:10C320005DF804FB30B45568003D144618BF012584
:10C33000C5F1020302EB83030A462918206830BCCA
:10C34000FFF792BF10B5044603F04AFE30B1002358
:10C3500020461A461946FFF787FF0446204603F099
:10C3600059FE28B9BDE810400249034803F094BDC6
:10C37000204610BDFFCC0508502106087FB5114BA3
:10C380000592C00040F0020001901869029006205A
:10C39000CDE90301D86E78B1002241F27A61043010
:10C3A00001F000FA40B1406801AB00220521FFF71F
:10C3B0005BFF07B05DF804FB01A905200BF0B4FAA0
:10C3C000F7E700BF3400002070B5164604460D465E
:10C3D000FFF7F6FD336893B9A30709D12268084B2C
:10C3E0009A4205D1E28807492B460748FFF755FED8
:10C3F000204601F013FC054902462B46F5E770BDC7
:10C400001033060820CD05082423060829CD050889
:10C4100007B56A46FFF7D8FFDDE9000109B102F070
:10C4200049FC03B05DF804FB2DE9FF4117460646C1
:10C430000C461D4601F0E6FB374A904208D12B46D8
:10C440003A462146304604B0BDE8F04104F06EBBE8
:10C45000818811F4C07812D0062C2DD12F4F0023E3
:10C460003B62FFF7B7FC0346304698472860D8B9CF
:10C470003B6A002B18BF1C462C60002015E0062CE0
:10C480001AD101AA19213046FFF79AFD019B7BB909
:10C4900001AA8A213046FFF797FF039401AA0021E1
:10C4A0000120FFF73FFF2860012004B0BDE8F081C4
:10C4B00001AA41464046F4E7002CE9D1384601F094
:10C4C000A1FB17490AF054F901AA60B1472130468F
:10C4D000FFF776FD019B73B101AA21462046FFF7C5
:10C4E00021FF2860C9E79B213046FFF769FD019BCA
:10C4F0000BB10397D2E70B49384603F09FFD30B1EB
:10C5000009490A4803F0C8FC28600220CDE73846F4
:10C51000FFF718FFF8E700BF2026060834000020C8
:10C5200044240608D823060831CD0508E021060872
:10C530007FB540F2C62102AA0546FFF741FD029CE5
:10C54000DCB1204601AA694601F0E2FC0024009B10
:10C55000A34201D804B070BD019B53F8240007F03A
:10C56000A7FD02AA014606462846FFF72DFF0299BD
:10C570003046FFF7BDFC0134E9E7284602AA4FF434
:10C580003371FFF721FF029DAB68A342E2D9EB684C
:10C5900053F83400E60080B104280ED007F0A0FD67
:10C5A00003785F2B09D0EB6853F8340007F080FD67
:10C5B000EB6833445968FFF79BFC0134E4E7000063
:10C5C00073B505460C46164601F01CFB437B5BB178
:10C5D0000422CDE9002600EB830221461369284698
:10C5E0006A469847009B43B1284601F017FB04496F
:10C5F000024623460348FFF750FD02B070BD00BF5E
:10C6000029CD05082423060873B50C46064601F01B
:10C61000F9FA83881906054632D4C37BB3B14CB905
:10C6200000EB83031A69174B9A4203D01020F3F7EB
:10C630001FFE0446EB7BAA8805EB8303D2051B692A
:10C64000214648BF1B683046984778B96A460F2193
:10C650003046FFF7B5FC009B53B11CB91020F3F72F
:10C6600007FE04462146684604F050FB02B070BD48
:10C67000304601F0D3FA044902460448FFF70DFDA5
:10C680003046F3E7055C030848CD0508502106084D
:10C6900037B5044601F0B6FA818811F4C0750AD0A6
:10C6A000104B00221A62FFF795FB0346204603B0A9
:10C6B000BDE8304018476A4619212046FFF780FC44
:10C6C000009B3BB9204601F0A9FA074902460748FA
:10C6D000FFF7E3FC6A4629462846FFF723FE03B02E
:10C6E00030BD00BF3400002055CD0508502106089C
:10C6F00030B5054695B000F057FF284601F082FAA4
:10C70000848814F4C0740AD01B4B00221A62FFF70D
:10C7100061FB0346284615B0BDE8304018476A461D
:10C7200019212846FFF74CFC009BE3B102A8F3F760
:10C730005FFD014640B96A46FFF7F4FD0446F3F792
:10C740002DFD204615B030BD039B0C4918680AF03A
:10C750000FF80346039823B103F06AFB064B1862F7
:10C76000EFE7F3F75DFD284601F058FA0449024669
:10C770000448FFF792FC00BF34000020D8230608CD
:10C7800055CD0508502106082DE9F04F8DB01368EE
:10C7900002930446002857D102F10408C1F3072987
:10C7A0004FEA4903CFB253FA81F14FEA810B58F8AF
:10C7B000216076105ED13546BB00039308EB8703FA
:10C7C000009308EB0B03019308EB870A4FF0000B73
:10C7D000019B9A4552D1D9444FEA490B07F1010A0E
:10C7E000002E5FD10BEB0A05A800F3F741FD81464F
:10C7F00014B1046057460126039A414609EB8600AE
:10C800001DF00EFC3C46A344AB4506D948464FEA12
:10C810008B01F3F748FD5D468146DFF804A226460A
:10C82000DDE90032934240F08A80321B21464B46BC
:10C8300052080298FFF718FD04464846F3F740FDFA
:10C8400020460DB0BDE8F08F546802F10808A5E756
:10C8500026FA0AF3D80708D558F82A0001F0D6FBC3
:10C8600018B101F0ADFA013805440AF1010A574543
:10C87000EED1A1E74FF0000A5546F8E7DAF80020BC
:10C880006AB9DAF8040050B1810708D10268644936
:10C890008A4204D103F013F90BF1FF3B83440AF100
:10C8A000080A95E755445D44A800F3F7E1FC81468A
:10C8B0000CB1046001244FF0000A5745A3D026FABA
:10C8C0000AF3DA0758F82A0035D5830716D103682A
:10C8D000544A934202D0544A93420FD108AA07A95E
:10C8E00001F016FB079A089909EB840092001DF0ED
:10C8F00097FB079B1C440AF1010ADEE708A9FFF732
:10C9000083FEA7EB0A03039004930398FFF7F0FE5E
:10C9100003460028EFD0049A2244954207D8E90044
:10C9200048460593F3F7BFFC059B81466D0049F827
:10C9300024300134E9E749F824000134DBE7009BA7
:10C94000D3E9002B002A62D11BF0030726D1DBF8C4
:10C950000030534522D1DBF808309F4203D3009BBF
:10C96000083300935CE7DBF80C3053F837004FEAEC
:10C97000C70888B104280FD000F00703022B01D0AC
:10C9800008F0A8FB49F82600DBF80C30B20043445D
:10C990004A445B68536002360137DCE708AA6A2123
:10C9A0005846FFF711FD002108AA0846FFF7BAFC18
:10C9B0000021FFF729FE03900398FFF799FE074631
:10C9C0000028CCD0731CAB4207D3E9004846F3F7EC
:10C9D0006AFC4FEA45088146454607F00703022BEB
:10C9E00003D0384608F076FB074608AA0F215846C0
:10C9F000FFF7EAFC08AA002101200A97FFF792FC42
:10CA0000B3004B4449F8267002365860D4E7B300AF
:10CA10004B4449F826200236C3F804B09FE700BF14
:10CA2000442006087C3206085C28060870B5830797
:10CA300086B00C4615461BD103681D4A934202D0AE
:10CA40001C4A934214D102AA01A901F061FA019B88
:10CA5000A34227D319D8029B043D03EB84049C42D4
:10CA600001D106B070BD54F8042D45F8042FF6E747
:10CA700002A9FFF7C9FD002306469C4201933046F8
:10CA800006D8FFF735FE0028EBD00B4922460BE015
:10CA9000FFF72EFE019B28B1E21A013A013345F857
:10CAA0002200EAE7019A05490548FFF7F6FA00BFB8
:10CAB0007C3206085C28060878CD050863CD050899
:10CAC000082106082DE9FF4183071546CFB2C1F3BF
:10CAD000072436D10368384A934202D0374A93423A
:10CAE0002FD10290029803AA01A901F011FA01982E
:10CAF0003B1983425AD80399002601EB8003A642D2
:10CB000014D1C01B01EB8701801B05F01BF90399B1
:10CB100045F82600BC0005EB86080B1942468B42FF
:10CB20000AD10023029304B0BDE8F08153F8042D2C
:10CB300045F826200136E2E753F8040D42F8040FC9
:10CB4000EDE70021FFF760FD002380469F4201933F
:10CB500017D80021084605F0F5F806464046FFF7CD
:10CB6000C7FD0146C0B9B368A3421FD345F824608E
:10CB700005EB840205EB8301AA4211D11B1BB360B4
:10CB8000D1E74046FFF7B4FD019B78B1FA1A224481
:10CB9000013345F82200D9E7304604F048FEDDE7CE
:10CBA000F768881A385842F8040DE5E7019A0449F5
:10CBB0000448FFF772FA00BF7C3206085C280608BA
:10CBC00063CD0508082106082DE9F04F85B000AFB8
:10CBD00007F1080205460C46FFF7F2F9D7E9020112
:10CBE00029B102F067F81437BD46BDE8F08F002880
:10CBF000F9D107F108024FF434712846FFF7E0F944
:10CC0000BB6823B91E491F482246FFF746FA07F1C1
:10CC1000080228461721FFF7D3F9391DB86807F035
:10CC2000CDFA82462046F4F73BFAD7F8049009F192
:10CC300001068519EB1D23F00703ADEB030D6B46D1
:10CC40004A4651464FEAD30B68461DF0E9F92E23B8
:10CC500009F83B302046F4F72EFA81462046F4F7D7
:10CC60001FFA6E440246494630461DF0D9F929465E
:10CC70006846F4F75BF901221E21FFF77FFBB2E75C
:10CC800092CD0508DC22060808B50446F3F7F2FB4E
:10CC900018B104490448FFF7F7F90449024822464D
:10CCA000FFF7FBF998CD05084C220608BFCD050813
:10CCB000014608B50148FFF7E7F900BF082106085B
:10CCC0002DE9F043831E87B0054688461746062B9C
:10CCD0003BD8DFE803F0093A3A093A040F00B942B9
:10CCE00012D04FF00E09ECE03A4607B0BDE8F04331
:10CCF00001F0D2B9384603F073F940B139464046E5
:10CD000003F09CF90028ECD04FF01E09D9E017F091
:10CD1000030440F000813A68A14B9A4240F0FB8046
:10CD200007F104097B68A342DBD959F8046F304648
:10CD300003F056F9002800F05D813146404603F0CB
:10CD40007DF90028E0D10134ECE711F0010F00F08B
:10CD5000FF804E10F90740F1CE807C10232800F2AE
:10CD6000DA80DFE800F0B2B6D8BABED8D8D8D81288
:10CD70001D20233D46484AD850586A72121D202370
:10CD80003D46484AD850586A729446EA040090EAF0
:10CD900040034FEA400900F1A88049F0010990E002
:10CDA00086EA0400F3E706EA0400F0E7002C02DA62
:10CDB0007C48FFF77DFF1F2C09DC6FF040432341C7
:10CDC000B34204DB4FF040432341B34205DD30461C
:10CDD000F11704F0DDFA8046C0E006FA04F0D6E769
:10CDE000002CE5DB1F2C2046A8BF1F2046FA00F0D0
:10CDF000CDE73019CBE7301BC9E786FB0404B4EB61
:10CE0000E07FC4D0E3E7002C00F0F68021463046F6
:10CE10000DF052FFBBE7002C00F0EE8007EE906AA9
:10CE2000B8EEE70A07EE904AF8EEE77A80EE270AB6
:10CE300007B0BDE8F04303F005BA002C00F0DC8039
:10CE4000214630460DF02AFFA1E7002C1CDA07EE40
:10CE5000906AB8EEE70A394607B0BDE8F04303F040
:10CE60005DBA33460120E20706D580FB0302B2EB30
:10CE7000E07FACD1012C8AD083FB0332B2EBE37F9D
:10CE80004FEA6404EFD0A2E7EBD101207FE7002C4A
:10CE900000F0B2800021022008F08AFC2146814681
:10CEA00030460DF009FF400040F00100C9F80800CD
:10CEB000214630460DF0F2FE400040F00100C9F876
:10CEC0000C00484607B0BDE8F083A642FFF61CAF51
:10CED00007E7A6423FF718AF03E7A6427FF714AF74
:10CEE000FFE6A642BFF610AFFBE6C11707B0BDE8EC
:10CEF000F04304F04DBABB072AD13B682A4A93425B
:10CF000019D107EE906A3946B8EEE70A03F006FA3F
:10CF100081460028D5D1254B40465D5D00F07EFE60
:10CF20000446384600F07AFE214900902346214805
:10CF30002A46FFF7B2F8204A934209D107EE906AD9
:10CF4000DFED1E0AB8EEE70A394602F051F8DFE7D6
:10CF5000062D03D143462425B8461F46404600F01F
:10CF600051FE037B33B9A5F109030C2B0DD80D3508
:10CF7000EDB2F3E700EB83003A46036941462846E9
:10CF8000984781460028EED09BE7A5F116030C2BAD
:10CF900016D843460F35B846EDB21F46DEE700BF50
:10CFA0007C320608EDCD0508EC240608343306086B
:10CFB00002CE050850210608581E06080000000091
:10CFC000242D04D943460F3DB846EDB21F46242D0B
:10CFD000A1D102A94046FFF717FB04462046FFF700
:10CFE00087FB00283FF47DAE394601F0CDF80028DC
:10CFF000F4D089E637468EE701490248FFF744F846
:10D0000015CE05086C230608014608B50148FFF750
:10D010003BF800BF502106082DE9F04104461746B1
:10D020001E460D4641B1186800F0ECFD636883426E
:10D0300002D00548FFF7E8FFA06833463A46294684
:10D04000BDE8F041FFF710B921CE0508014608B54B
:10D050000148FFF719F800BFBC21060807B50022F8
:10D06000019101AB012102F033FEF3F7D9F8000082
:10D07000014608B5024809B9FFF706F8FFF7EEFFC9
:10D08000D823060808B500F0C9FD02490246024847
:10D09000FFF703F827CE050850210608410008B520
:10D0A000024841F00101FFF7D9FF00BF0422060842
:10D0B00008B5024841F67A61FFF7D0FFE021060883
:10D0C00030B593B0044668460D46F3F791F848B979
:10D0D00020462946FFF71CF90446F3F75FF820467F
:10D0E00013B030BD0199024800F0C6FD0024F6E7F8
:10D0F0004C100608054BD861B3F8142212B2012A6D
:10D1000004BF0022A3F81422704700BF340000209F
:10D110000248002343643C30FFF7ECBF340000209A
:10D12000EFF3108172B6084AB2F814321B0443BF01
:10D13000B2F8143203F1FF331BB24FF6FF73A2F8BB
:10D14000143281F31088704734000020EFF310810F
:10D1500072B60C4BB3F81422013212B2A3F81422A7
:10D1600052B9DA692AB9D3F8182212B993F82022F1
:10D170002AB10022A3F8142281F3108870470122FB
:10D18000F8E700BF3400002070B5EFF3108572B6E9
:10D190000F4B93F82022082A18D0B3F8144224B277
:10D1A000012C04BF0024A3F8144293F82142561C1A
:10D1B000224402F00702293283F8206203EBC20303
:10D1C000C3E90201012085F3108870BD0020FAE751
:10D1D000340000200228F8B52C4C034610D0E26938
:10D1E00072B1EFF3108272B6E06938B10021012B01
:10D1F000E16103D182F31088F3F712F882F310880B
:10D20000B4F814321BB243B9EFF3108272B6B4F81B
:10D21000146236B216B182F31088F8BDD4F81C72CD
:10D220004FF6FF73A4F8143297B1D4F818526B6814
:10D23000C4F818320BB9C4F81C322B682E6082F384
:10D24000108828469847EFF3108272B6AF42ECD1AF
:10D2500094F82052BDB194F8213203F12901013331
:10D2600004EBC10103F00703013DD1E9020184F899
:10D27000213284F8205282F31088FFF721FFBDE8A5
:10D28000F840FFF763BF82F31088F8E7340000200E
:10D290000120FFF79FBF08B5FFF7FAFF30BF08BDB9
:10D2A00008B5FFF7F5FF30BF08BD000038B1044AEC
:10D2B0001369984202D010611846704700207047E9
:10D2C0003400002001F00F0108290DD8DFE801F03B
:10D2D00011050A0C0C0C0C0C0E0000280CBF0E20C3
:10D2E0001E20704704F064B804F07DB8C00040F020
:10D2F0000200704708B500F0B9FD10EE100A2CF0DE
:10D30000C9FC41EC100B08BD00F0B0BD08B551ECF4
:10D31000100B2CF017FDBDE8084000EE100A02F0DB
:10D3200091BF02F08FBF0000F0B593B0054668468C
:10D3300016680F461446F2F75BFF78B9002E0CBF53
:10D3400039460021234632462846FFF76DF8054648
:10D35000F2F724FF012D0CD1284612E0019B236037
:10D360001049206802F06AFE034620685BB9F2F7B4
:10D3700057FF2368002DF3D10BB90623236036B97C
:10D38000002013B0F0BD02F053FD2060F7E706491E
:10D39000304602F053FE0028F2D03046FEF7D2FFAE
:10D3A000E5E700BFD823060844240608036803B94C
:10D3B0004068FFF79DB91346C1F30722C9B2FEF7D3
:10D3C00053BF1FB501F00F03012B04460CD011F021
:10D3D0000E0F0BD0023B012B0AD9012201A900F04C
:10D3E0001BFF50B1019801E000F02EFE04B010BD0B
:10D3F00004B0BDE8104000F0EFBC204600F0ECFCAB
:10D40000F4E708B528B1062803D0FEF79BFFF2F732
:10D4100007FF08BD10B50C4619B9BDE81040FFF76D
:10D42000F3B8FFF7F1F884421CBF0023C4E90030D1
:10D43000002010BD40F22143984217D840F21D430E
:10D44000984209D85E281CD075281CD03E2814BFED
:10D450004FF0FF3001207047A0F21F40022814D87F
:10D46000DFE800F00B0D020005207047B0F5956F66
:10D4700014BF4FF0FF30032070470620704707208D
:10D48000704702207047002070470420704738B56D
:10D49000034614460D4661B152B1114628469847DD
:10D4A00060B16B683BB96C6045F00103AC60E36050
:10D4B0002C46204638BDAB68DC60F5E76368EB605E
:10D4C0006560002BF5D144F00103A560EB60F0E747
:10D4D000F8B5064631B1002511F0010304D0002350
:10D4E000EB6029460846F8BDCC68CB6014F0010318
:10D4F00007D1E768E36022463046FFF7C8FF3C46A5
:10D5000001460A4630462946FFF7C1FF2146054637
:10D51000E2E78A422DE9F04184460F4606D1002316
:10D5200051685360BDE8F041FFF7D2BFD66896B1AD
:10D530001446E468E307FCD524F0010451686368ED
:10D54000934206F0010816D1002339B9984518BF57
:10D550001E466660D1603846BDE8F0815360D360F6
:10D560006046FFF7B5FF05466060EE60B8F1000F5A
:10D57000F1D0A560EFE71D46DB689342FBD10022A6
:10D580005A60DA606046FFF7A3FF0028EDD0E8603C
:10D590000546EAE7034B82B0186801ABC01A02B037
:10D5A000704700BF3400002007B5064A1368526870
:10D5B00001A95B1A9A4201D8FFF77AFD03B05DF822
:10D5C00004FB00BF3400002010B503461446500C85
:10D5D000C2F34F0221B1E10702D40C48FFF714FD5A
:10D5E000904206D198420FD0094902460948FEF7F9
:10D5F00054FD984204D9C21A07490648FEF74DFD6A
:10D600009A4201D20549F1E710BD00BF2ECE0508B0
:10D6100038CE0508502106084ACE050852CE050826
:10D620002DE9F74FDDE90CA7002406468B46154689
:10D630000193A046A146019B9C4204D1B1453CD236
:10D640002248FFF7E1FCB44210D2BAF8022092055A
:10D65000F6D45BF8240009F101099AF80220012AA6
:10D6600024D100F0F1FC07F8240017E0BAF800100C
:10D67000C900002241F00201284600F093F888B961
:10D68000BAF80220D30505D5BAF800201049114890
:10D69000FEF703FDDAF8042047F8242001340AF1EC
:10D6A000080AC8E7406808F10108D6E7022A01D154
:10D6B00000F086FB47F82400F0E72B68B8EBD30FA7
:10D6C00001D20548BDE703B0BDE8F08F70CE050874
:10D6D0006BCE0508502106087ACE050870B586B0D5
:10D6E0000446154602EB800203A81E4600F031F8FE
:10D6F0000B9B01930A9B009303AA334629462046BD
:10D70000FFF78EFF06B070BD08B50148FFF79EFC1D
:10D7100084CE050807490346002231F8020B9842DF
:10D7200006D20132222AF8D103EB530343F0010061
:10D73000704700BF541C060810B50446416019B973
:10D740000123A160236010BDC800F2F7AAFD0146C5
:10D75000F6E74160C90041F007010160826070474F
:10D7600003789B0710B5044602D48068F2F7A8FD41
:10D770002368002262F3DF036260236010BD037838
:10D780009B0710B5044602D48068F2F799FD236820
:10D7900003F0040343F0010323600023C4E90133D1
:10D7A00010BD00002DE9F04F022A85B004460E4658
:10D7B000904612D0426882B1904BC1F386010B446F
:10D7C00093F82232B3FBF2F102FB1133826802EBD1
:10D7D000C30552F83330B34213D0237813F001025B
:10D7E000019213D006F00702022A0FD016F00302AE
:10D7F00003D130688249884207D0B8F1010F05D0C3
:10D800000025284605B0BDE8F08F01925B076AD578
:10D810002768A56827F007072F44BD4232D3B8F127
:10D82000010FEDD1D4E90032B2EBD30FC3F3DC0129
:10D8300011D104316160A068C900F2F734FDD4E968
:10D840000032A2EBD30223F00703A060D200002134
:10D8500018441CF029FC2368A168C3F3DC02501CA7
:10D8600001EBC20560F3DF03236041F83260002260
:10D8700006F007066A60022EC3D0237862F3000325
:10D880002370BEE72868B04224D1B8F1020F17D147
:10D890002368D5F80480083B7A1B05F10801236052
:10D8A000083A28461CF0ECFB2568A368C5F3DC02A7
:10D8B00025F007051D44002143F83210C5F8048007
:10D8C0004E4BC6F386061E44A368EB1ADB1086F89F
:10D8D000223296E7019B23B9314600F055FC00281F
:10D8E000D3D1083599E763682BB9B8F1010F87D117
:10D8F000204600F087F806F0070BBBF1020F2BD192
:10D90000F008F3F7C1FB81466368B9FBF3F203FB50
:10D91000129A57460025A26852F83700FB0002937E
:10D9200002EBC703F8B9B8F1010F7FF469AF2268C1
:10D93000C2F3DC010131002D18BF2B4661F3DF0279
:10D94000BBF1020F2260C3E9006003D0227860F3CC
:10D95000000222701D4654E731460620FEF7EEFB1A
:10D960004FEA6009D0E7042819D1002D08BF1D46F1
:10D9700063680137B7FBF3F203FB1277BA45CAD1EC
:10D98000B8F1010F7FF43CAF002D32D023680022A4
:10D9900008332360BBF1020F2E606A606CE7B0426F
:10D9A00018D1B8F1020F0ED12168606808392160E2
:10D9B000791CB1FBF0F500FB1511A06850F831108F
:10D9C000A9B9F80011500D4AC6F38606164486F828
:10D9D0002272BFE701990029CAD13146CDE902324E
:10D9E00000F0D2FBDDE902320028C1D0D9E70421E2
:10D9F000E7E7204600F006F886E700BF3400002085
:10DA0000343106082DE9F04146680446701CFFF7E2
:10DA100081FE0546C000A768F2F743FC23686560F5
:10DA200003F0060343F001032360A0603D1D4FF0A7
:10DA30000008B04504D13846BDE8F041F2F740BCDB
:10DA400055F8041C39B1042905D001222046FFF7FE
:10DA5000A9FE2B68436008F101080835E9E710B515
:10DA600000230446016043608800F2F71AFCA060BE
:10DA700010BD03682DE9F74F04460F46934623B9BE
:10DA800012F0010F65D000F067F839460620FEF766
:10DA900055FB4FEA600A2368BAFBF3F603FB16A6B0
:10DAA00035464FF00008A16851F82590AA0001EB17
:10DAB0008503B9F1000F0CD11BF0010F49D062684A
:10DAC000B8F1000F18BF4346013262601F60B946CB
:10DAD00033E0B9F1040F17D1B8F1000F08BF984631
:10DAE00023680135B5FBF3F203FB1255AE42DAD1E0
:10DAF0001BF0010F2DD0B8F1000F26D06368013361
:10DB00006360C8F80070E2E739464846019200F0C9
:10DB10003BFB019A0028E3D01BF0020F0DD0636895
:10DB20002068A168013B63606B1CB3FBF0F400FB51
:10DB3000143351F8233023B98B50484603B0BDE865
:10DB4000F08F042341F82530F7E7204600F004F871
:10DB5000A1E74FF00009F0E7F8B5076886680446CA
:10DB6000781CFFF7D7FD0025206065608000F2F784
:10DB700098FBA060BD4204D13046BDE8F840F2F702
:10DB80009FBB56F8251029B1042903D00122204655
:10DB9000FFF76FFF0135EDE770B50168024600231E
:10DBA000994201D1002015E0946854F823009E00AA
:10DBB00001330028F4D00428F2D05568013D5560A7
:10DBC000B3FBF1F201FB123354F82330002B18BFE2
:10DBD0000423A35170BD10B504468068F2F770FBB2
:10DBE0000023C4E90033A36010BD704710B50C4694
:10DBF000F2F73EFB046010BD10B50C46F2F746FB91
:10DC0000046010BD83070FBF0068034B00F00F00D6
:10DC100053F82000704700BF981C060808B5FFF7AE
:10DC2000F1FFBDE80840C088F3F745BA70B50D466E
:10DC300004461646FFF7B8FC2846FFF7E3FF437A91
:10DC400043B100EB83033246294620461B69BDE8F9
:10DC500070401847C28803492046BDE87040D5F798
:10DC600093BF00BFA9CE05080A4601460148FFF749
:10DC7000DDBF00BF9C400608F7B5044608460E46C7
:10DC800002F0C8F970B101AA6946304602F024FAE0
:10DC9000009B3BB116492046D5F7BCFB009D033DD8
:10DCA000002D0BDA314620460222FFF7BFFF114953
:10DCB000204603B0BDE8F040D5F7ACBB019A0E4951
:10DCC00002EB850320465B6852F82520D5F75CFF00
:10DCD000019BAF003B449A6822B906492046D5F71C
:10DCE00099FBDCE705492046D5F74EFFD7E700BF93
:10DCF000AECE05088DE40508D2CE0508E7CE0508AE
:10DD000008B50246FFF77EFF837A53B100EB830329
:10DD100006491B698B4204D1BDE80840104608F053
:10DD2000FBBC181E18BF012008BD00BF3D650308DD
:10DD3000830713B5044603D102680D4B9A4208D0FD
:10DD400021460820FEF7FAF910B92046FFF79AF9A4
:10DD5000044614F0010103D06010E11702B010BDB9
:10DD60006B460822204603F04BFADDE90001F5E797
:10DD7000442706080E2838B503460C4604D1002374
:10DD800023600125284638BD1E2801D10123F7E76D
:10DD900010F0010501D04310F2E7820707D10168B6
:10DDA000064A914203D103F047FB2060E9E7194698
:10DDB0000820FEF7C3F90028F5D1E3E74427060859
:10DDC00013B501A90446FFF7D5FF10B92046FFF7A8
:10DDD00059F9019802B010BDC20705D4830705D1D7
:10DDE0000268034B9A4201D103F01FBBFFF7E8BF63
:10DDF000442706080E2838B503460C4629D01E28AD
:10DE00002AD010F0010508D0431000EE103AB8EE09
:10DE1000C00A84ED000A012519E081070CD10268CF
:10DE20000F498A4202D103F051FCF2E70D498A42C0
:10DE300002D102F06FFAECE719460920FEF77EF9ED
:10DE400028B1820703D10268064B9A42F1D02846D6
:10DE500038BD9FED050ADCE7B7EE000AD9E700BF41
:10DE600044270608EC2406080000000013B501A9A9
:10DE70000446FFF7BFFF38B92046FFF7CFFE04493D
:10DE800002460448FEF709F99DED010A02B010BDF3
:10DE9000F0CE050850210608F8B504460F46164690
:10DEA000FFF7A8FF054620B100233360012528466F
:10DEB000F8BDA10709D122680B4B9A4205D1324621
:10DEC0003946204601F08EF8F0E721460A20FEF799
:10DED00035F90028EBD08207E9D10268024B9A425B
:10DEE000E5D132463946EDE7581E060810B504461E
:10DEF000FFF7D2FF38B92046FFF790FE02490246ED
:10DF00000248FEF7CAF810BDFBCE050850210608EE
:10DF1000830710B50FD103680A4CA34204D14368AC
:10DF20000B600830106010BD074CA34203D183681A
:10DF30000B60C068F6E7FFF771FE0449024604482B
:10DF4000FEF7ABF87C3206085C28060802CF05080D
:10DF50005021060813B50C4601A9FFF7D9FF019B14
:10DF6000A34204D0034904482246FEF796F802B0C3
:10DF700010BD00BF0BCF050808210608F7B51F46E6
:10DF8000D30706460D4614460DD55410019401984A
:10DF9000002823DA2844B7B100281DDBA84228BF97
:10DFA000284603B0F0BD01A91046FFF7E3FE0028A4
:10DFB000EDD12046F588FFF731FE0A4903462A468F
:10DFC0000948FEF76AF8002801DBA842E9D3F28885
:10DFD00006490748FEF761F80020E2E7002FDDD18F
:10DFE000F3E700BF1DCF05085021060834CF050810
:10DFF00094220608820701D003F0DAB9002801DA7A
:10E0000003F0F1B9400040F001007047830710B5FC
:10E01000014608D102680B4B9A4204D18068400047
:10E0200040F0010010BD0846FFF7ECFDC37A33B1A4
:10E0300000EB8300BDE8104003690520184718462F
:10E04000F0E700BF043106080E2810B5044620D0C2
:10E050001E281CD006281CD0C20703D5013818BFC3
:10E0600001200EE0FFF7CEFDC37A5BB100EB830029
:10E07000214603690420984720B1A0F11E035842AD
:10E08000584110BD2046FFF7C1FF0138E7E70120E6
:10E09000F7E70020F5E7000005282DE9F04707BF66
:10E0A0004FF00E084FF01E094FF01E084FF00E09FA
:10E0B000914207460C46154607D1C8075FD408466B
:10E0C000FFF7A0FD8388590759D504F00703022BF9
:10E0D00005D0A20717D122682A4B9A4213D105F026
:10E0E0000703022B05D0AB0712D12A68254B9A42B1
:10E0F0000ED12946204605F094FF00283FD14B461B
:10E100001846BDE8F08714F0010623D0EE07F6D4D8
:10E1100001262846FFF776FD027B82465AB38188A6
:10E12000080704D42046FFF76DFD824523D1052F53
:10E1300014D09AF80C300AEB830322461B69294657
:10E14000022098470346B0B1022FD9D0FFF77CFFD9
:10E15000D3E701262B4625461C46DAE7CB06E8D551
:10E160000AEB82022946136938462246984703463D
:10E170000028DED0C4E7002EEBD0AC42BFD143462E
:10E18000BEE700BF3431060808B50A460146022042
:10E19000FFF782FFBDE80840FFF756BF10B5044601
:10E1A000FFF734FF38B92046FFF738FD0249024631
:10E1B0000248FDF772FF10BD3BCF0508502106084D
:10E1C00038B50446FFF71EFD837B15462BB100EBE7
:10E1D0008300036920469847A0B9204635B9FFF768
:10E1E0001DFD094902460948FDF757FF042D04D1DA
:10E1F000FFF714FD06490246F5E7FFF70FFD054955
:10E200000246F0E738BD00BF48CF05085021060898
:10E2100062CF050874CF050838B50546FFF7F2FC54
:10E22000037C14461BB914F004000BD138BD00EB7D
:10E23000830302F003021B69284698470028F2D1A5
:10E240000120F3E70148FEF7DFFE00BF86CF050897
:10E25000042803D0052807D0002070478B68002BC6
:10E260000CBF0E201E2070478868400040F001005F
:10E2700070470000084A0346C1E900230022C1E9B3
:10E2800002220846054A1968914202BF5B68C3F33F
:10E2900017238360704700BFE01C06082C1D06088A
:10E2A000F8B50D460179044601F07F01164640207D
:10E2B000002208F013FFA268E36827682B6042433E
:10E2C0006A60227902F07F01A96009498F4201D07A
:10E2D0000020F8BD110601D4B20706D46268C2F36B
:10E2E000172200FB02332B60F2E70120F1E700BFA9
:10E2F0002C1D0608F8B5002205460E4601464020B2
:10E3000008F0ECFE07461020F1F7B2FF094A0A4B6D
:10E310000571012D08BF13460360436803F0FF0336
:10E320000446C0E9013606FB07F0F1F7A1FFE06003
:10E330002046F8BD6C1D0608F81C06084268C36834
:10E3400091688B4230B40AD21479D16882685D1C1E
:10E35000C5601A4404F07F0030BC08F033BF0020D1
:10E3600030BC70474368FF2B70B504460E461AD880
:10E3700001790022402008F0B1FEA168083105466D
:10E380004143E068F1F78FFF6368E060082262F3C1
:10E390001F236360A36803FB0553C5EBC50200217F
:10E3A00018441BF081FE20793346D4E9022109F09C
:10E3B00045F9A3680133A3606368A3F580736360C4
:10E3C000062070BD70B50E79012E05460C460ED1A3
:10E3D0001949D5F71FF8D4E902213346284605F03C
:10E3E000BBF828461549BDE87040D5F713B8144965
:10E3F0003246D5F7C9FBA368002BF2D01149284655
:10E40000D5F708F80026A368B34204D80E49284679
:10E41000D5F700F8E5E71EB10C492846D4F7FAFF16
:10E420003246E168207908F0CDFE012201462846F7
:10E43000FFF7FCFB0136E6E794CF050893EC0508EF
:10E44000A0CF0508ABCF05088FE30508AFCF0508BF
:10E450002DE9F04F044689B00D4616460AB900254D
:10E46000DDE011F003078068DFF844A240F0EC80A3
:10E470000B68874A934240F0E78002AA08F0C2FA8C
:10E4800010B98448FEF7E2FD2179042E01F07F01E6
:10E490003A464FF0400000F0A38008F01FFE16F04F
:10E4A0000302054662D131688B7B002B4FD001EB14
:10E4B00083031869784B984249D13179402001F0A3
:10E4C0007F0108F00BFEA84202D07448FEF7F0FB73
:10E4D00033685345D6E9029B45D17368C3F31728C7
:10E4E00005FB08F8DDE902032268E7681B1A5245BC
:10E4F000A9EB03063CD194F90420002AAFDA002EE0
:10E50000E3D16268C2F3172205FB027705FB09F22B
:10E510000BEB080105FB007001931BF0B1FD0399A3
:10E52000A2680298521A48446A4305FB017105FB30
:10E5300000701BF0A5FD019BA068A3EB090230440D
:10E540006A43002105FB00701BF0AEFD3BE0544B1D
:10E5500099420BD1012DB8D1052205A93046FFF70C
:10E560005BFEDDE905B94FF00008BBE74D4889E7E0
:10E57000002ECBDD6368B6EB132F2FD9A168314491
:10E5800069433846F1F78FFE6368E06066F31F2346
:10E5900082466360BB4508BF83460298A268039920
:10E5A00048443244121A6A4301FB05A105FB00A04E
:10E5B0001BF066FD029805FB09F20BEB080100FB5E
:10E5C00005A01BF05DFD6368C6EB132262F31F23F9
:10E5D0006360A3683344A360062520E0BA46DCE705
:10E5E00008F07CFD2268029B524506461BD1B3F120
:10E5F000807F03DB2C492D48FDF746FD1020F1F705
:10E6000037FE054694E80F0085E80F00029A02EBFA
:10E61000112363F31F216960039B9B1AAB6028469B
:10E6200009B0BDE8F08F03992079C91AFFF762FE9F
:10E63000DDE90232E168D21A0546724306FB031196
:10E64000C0681BF0EDFCEAE700232A46014620687B
:10E65000FFF794FC23685345024620790ED1636886
:10E66000042E02EB13220BD003067FF5F8AEE1680F
:10E67000334600F07F0008F0E1FFADE7042EF6D14D
:10E68000E16800F07F0009B0BDE8F04F08F09ABDE6
:10E690002C2E0608B2CF050851E40208D6CF050893
:10E6A00004310608F1CF05080CD0050890230608B0
:10E6B0002C1D06082DE9F043012885B007460E46BB
:10E6C00008D08B0724D10B68254A934202D0254AF3
:10E6D00093421DD1012201A93046FFF79DFDB8B13B
:10E6E00000223946402008F0F9FC029EB6FBF0F605
:10E6F000054631463846FFF7FDFD0199044606FB05
:10E7000005F2C0681BF08CFC204605B0BDE8F08324
:10E710003046FFF77BFC054600B1451029463846D8
:10E72000FFF7E8FD002104463046FDF76DFF4FF08E
:10E73000000806463046FDF7DBFF03460028E3D01D
:10E7400025B919462046FFF70DFEF3E74246E1687A
:10E7500008F10109384608F071FFC846EAE700BF32
:10E76000043106086C1D060838B50C4620461146D3
:10E7700006221D46FEF728FF2CB92146BDE8384089
:10E780000120FFF7B7BD2968CA0705D48B0708D158
:10E790000B680C4A93420DD10846FFF711FB014666
:10E7A000ECE701F00703022B07D1012C05D1064845
:10E7B000FEF72AFC054A9342F6E7BDE838400120FF
:10E7C000FFF778BF4427060821D005083431060832
:10E7D00038B50D461C4611462846094AFEF7F4FE98
:10E7E000206805F07DFC012D007804D1BDE838409B
:10E7F0000021FFF77FBD6168BDE83840FFF75ABFD1
:10E8000004000200F0B50F4685B001A904460122BC
:10E810003846FFF701FD014678B93846FDF7F4FEAA
:10E8200005462846FDF764FF014610B9062005B0ED
:10E83000F0BD2046FFF796FDF3E700222179402046
:10E8400008F04CFC6368029DB5FBF0F5B5EB132FA7
:10E850000646C3F317221ED9A16829444143E06844
:10E86000F1F721FD6368E06003F0FF03BC426360E1
:10E8700004D1052201A92046FFF7CEFCD4E902030A
:10E88000019900FB063005FB06F21BF0C9FBA368EB
:10E890002B44A360CAE7521B62F31F236360EDE7BA
:10E8A000F0B51B288DB006460C46154626D005D877
:10E8B00004286BD90E2850D000244BE02428FBD12B
:10E8C000012203A92846FFF7A7FC00284ED0A10784
:10E8D0005AD12268474B9A4256D1012209A92046B3
:10E8E000FFF7DEFC01230093DDE90901DDE90323E5
:10E8F00004F0F8FE002847D01E242BE00A683E4BA7
:10E900009A42D9D0012206A92046FFF7C9FC052268
:10E9100009A92846FFF780FC9DF82070002239469F
:10E92000402008F0DBFBA1680A9EB6FBF0F6054626
:10E9300031443846FFF7DEFC079F069904463A4605
:10E94000C0681BF06DFBE068099906FB05F23844CE
:10E950001BF066FB20460DB0F0BD0A68264B9A42BC
:10E96000AAD029462046FFF74DFFF3E7EA0702D574
:10E970000020FEF76BFBAB0706D12B681F4A9342C2
:10E98000F6D01F4A9342F3D00E24E3E7012206A9F2
:10E990002046FFF785FC012209A92846FFF73CFC29
:10E9A0000028F1D0089A012A1DD05A2A1DDC2032F5
:10E9B00001460B9B012B1AD05A2B01DC2033014658
:10E9C0009342D5D123F00203642BD1D0022E01D083
:10E9D0000029CDD00A9B0093DDE90612099B304641
:10E9E00008F04FF886E74222E1E70021E1E7422301
:10E9F000E4E700BF6C1D06082C1D06084427060826
:10EA0000EC24060870B50646102014460D46F1F7B2
:10EA10002FFC054A067102604268C46002F0FF02E2
:10EA2000C0E9012570BD00BF2C1D06087FB51D463D
:10EA3000084611464FF00212FEF7C6FD052201A955
:10EA40002868FFF7E9FB9DF80C40029E2146002252
:10EA5000402008F043FB019AB6FBF0F12046FFF797
:10EA6000D1FF04462868FFF7CDF80D4B834209D14A
:10EA70002A6861685368C3F3172363F31F21616039
:10EA8000D368E3602868032201A9FFF7C5FB18B12A
:10EA9000237963F07F032371204604B070BD00BF6B
:10EAA0002C1D060870B505460E4601460120FFF7ED
:10EAB00021FC2A4604463146C0681BF0B1FA2046C4
:10EAC00070BD000038B505460C4610200349FFF71D
:10EAD0008DF80122C0E90125C46038BD6C1D06080F
:10EAE000136870B56BB94468A51C50F825509C425A
:10EAF00007D055F82360B14204D1023350F82330D7
:10EB0000136070BD0133F2E72DE9F0410F46124961
:10EB100016460446D4F77EFC06F104080025736807
:10EB2000AB4205D820460D49BDE8F041D4F772BC90
:10EB30001DB10B492046D4F76DFC57F82520094933
:10EB40002046D5F721F858F8041F01222046FFF788
:10EB50006DF80135E3E700BF36D2050893EC0508F0
:10EB6000AFCF050835D005084B6802330A4651F887
:10EB70002310FFF7C9BF0E3918BF0121490041F02A
:10EB80000101FEF79DB8052807D00E3918BF0121F5
:10EB9000490041F00101FDF7D1BA002070470000A3
:10EBA000032A05D10E2914BF04490549D4F732BC04
:10EBB0000E2914BF03490449F8E700BF99C70508A7
:10EBC0009EC7050809C8050803C8050838B50C46DE
:10EBD0002046114602221D46FEF7F6FC1CB12868AD
:10EBE000FFF732FA08B90E2038BD1E20FCE70628D0
:10EBF00001BFD1E901305840400040F0010018BF8A
:10EC00000020704702280AD188689368984208D18A
:10EC10004868536898420CBF1E200E2070470020A1
:10EC200070470E207047136813B94068FDF7C8B9E4
:10EC300070472DE9F84F984602EB43035D1C042B07
:10EC400000AF82468B4616464FEA85051FD8EB1D5E
:10EC500023F00703ADEB030D6C464FF0000920468F
:10EC6000B96A40F804BB2A1F1BF0DAF92346424672
:10EC7000711C5046FDF7F8FA0446B9F1000F02D0B6
:10EC80004846F1F71DFB2046BD46BDE8F88F2846F3
:10EC9000F1F7F9FA04460028D9D08146DFE707B535
:10ECA000009313460A46D0E90101FFF7C2FF03B003
:10ECB0005DF804FB38B505460C460C200249FEF70A
:10ECC00095FFC0E9015438BDF01D060810B5034991
:10ECD00004460820FEF78AFF446010BD141E060893
:10ECE0002DE9F04F866806EB010A04460AEB420064
:10ECF00001EB4209052887B00F46154698464FEAB2
:10ED0000890904F10C0B16D801AFB60032465946FA
:10ED100038461BF085F94A464146B8191BF080F980
:10ED200060683B462A465146FDF79EFA0446204657
:10ED300007B0BDE8F08F8000F1F79AFAA268594653
:10ED4000920006461BF06CF9A0684A46414606EB65
:10ED500080001BF065F9A168606833462A46394493
:10ED6000FDF782FA04463046F1F7AAFADFE7406879
:10ED7000FDF726B92DE9F041CD1CAD0080460E46C9
:10ED8000284608491746FEF731FFA5F10C02C0E9F5
:10ED90000186044639460C301BF042F92046BDE896
:10EDA000F08100BF281E0608D1ED017AF5EE407A09
:10EDB000F1EE10FA73B504460D4624D01349144EF3
:10EDC000D4F728FB4FF0FF336320CDE90030002358
:10EDD0001A4695ED010A67212046D4F7B3FC0222BA
:10EDE0004FF0FF336321CDE90031204695ED020A53
:10EDF00000236721D4F7A6FC3146204602B0BDE8C7
:10EE00007040D4F707BB034E0022E9E736D205086D
:10EE100039D005083CD00508136810B5144643B92D
:10EE200040F24543994205D190ED010A01F00AFAFA
:10EE3000206010BD40F295339942FAD190ED020A5C
:10EE4000F4E7000008B508492DED028B0C20F0EE28
:10EE5000408AB0EE608AFEF7C9FEC0ED018A80EDFF
:10EE6000028ABDEC028B08BD581E060808B50728AB
:10EE700041D8DFE800F01326404004401532D1EDC0
:10EE8000017AF5EE407AF1EE10FA36D1D1ED027A40
:10EE9000F5EE407AF1EE10FA2FD10E21084608BDAA
:10EEA000D1ED027AFDEEE77A17EE903AD1ED017AD4
:10EEB000FDEEE77A17EE902A53405B0043F0010124
:10EEC000ECE7D1ED020A91ED010ABDE80840F1EE50
:10EED000600AB1EE400AFFF7B5BF91ED020AD1ED2D
:10EEE000017A20EE000AA7EEA70A1BF095F8BDE80C
:10EEF000084001F0A7B90021D0E71E21CEE70000AD
:10EF000030B52DED028B0C4685B01146204604220B
:10EF10001D46FEF759FBF4B1012C286826D0820764
:10EF20004DD102682C4B9A4249D190ED018AD0ED27
:10EF3000028A6868830749D10268274B9A4245D103
:10EF4000D0ED027A38EE678AD0ED017A78EEA70A22
:10EF5000B0EE480A03E0DFED210AB0EE600A05B02A
:10EF6000BDEC028BBDE83040FFF76CBF00F007023C
:10EF7000022A034605D0810716D1026818498A4241
:10EF80000FD103A905F01AF9002300930123039977
:10EF90001A46D4F763F90346184605B0BDEC028B58
:10EFA00030BD0D498A42F7D003AA02A9FEF79EFFA1
:10EFB000DDED030A9DED020AFFF744FFEBE7FEF7E4
:10EFC00055FFDFED068AB0EE408AB2E7FEF74EFF4E
:10EFD00070EE280ABCE700BF581E060800000000BB
:10EFE0003431060843680B60836813607047000083
:10EFF00010B52DED048B82B0044601AA084669467F
:10F00000B0EE409AB0EE608AFEF746FF002800F0AE
:10F01000CC80A01E202800F2CC80DFE800F0B6CA29
:10F02000CACACACACACACACACACA11205BCA292C51
:10F03000CA68CACACACACA11205BCA292CCA6800CF
:10F04000DDED008ADDED017A79EE288A38EE278A37
:10F05000F0EE480AB0EE680AFFF7F4FEA5E0DDED39
:10F06000008ADDED017A79EE688A38EE678AEFE78B
:10F070005248FDF7C9FFDDED017A9DED007AF5EE0E
:10F08000407AF1EE10FAB5EE407A0BD1F1EE10FABB
:10F0900003D14B494B48FCF7F7FFC9EE078A88EECE
:10F0A000078AD5E7F1EE10FA06D1B1EE499AC8EE1B
:10F0B000278A89EE278ACBE767EEA76AF1EE677A9F
:10F0C000E7EE076A87EE266A87EEA67A8DED006A7C
:10F0D0008DED017A9DED007ADDED017A68EE678AAB
:10F0E00027EE088AE7EE098AA7EE898AB0E728EEBC
:10F0F000080AA9EE090A1AF08FFFB5EE400AF1EEF0
:10F1000010FADDED019A19D1F5EE409AF1EE10FA00
:10F1100012D1DDED007AF5EEC07AF1EE10FA0BDBDC
:10F12000F5EE407ADFED287AF1EE10FAF7EE008A7C
:10F1300018BFF0EE678A8BE72449ABE71AF0D2F8E4
:10F14000F0EE490AF0EE408AB0EE480A18F072F983
:10F15000DDED007AB0EE408A27EE888A29EEC00AFB
:10F16000A8EEA98AA7EEA80A19F0ECFEB0EE409A24
:10F17000B0EE480A1AF074FA60EE098AB0EE480A56
:10F180001AF0BCFE20EE098A62E7DDED007AF4EEAB
:10F19000497AF1EE10FA0ED1DDED017AF4EE487AFB
:10F1A000F1EE10FA0CBF1E200E2002B0BDEC048B55
:10F1B00010BD0020F9E70E20F7E700BF3ED005089C
:10F1C00053D005086C2306080000000060D0050835
:10F1D0000B46D3ED020A93ED010A1146FFF708BF73
:10F1E000D0E902120346C86882420AD00869496819
:10F1F00050F8220001328A42DA6003D10022DA603C
:10F2000070470020704700000346084603499A688B
:10F2100001600349C260C0E901137047942A0608DF
:10F22000E1F1020870B5C5684268466984686B1CE4
:10F230009A4208BF0023F60705D5A34203D1084927
:10F240000848FCF721FF0669A34246F82510C36071
:10F2500004D101339A4208BF00238360062070BDA9
:10F2600007D7050894220608836810B55BB1446986
:10F27000C268E40703F1FF3307D5934205D109497A
:10F280000948FCF701FF4368F1E704698360934292
:10F2900044F8231003D103B94368013BC36006203F
:10F2A00010BD00BF07D705089422060830B585B009
:10F2B000054608466946FDF7A7F904462046FDF7CE
:10F2C00017FA014610B9062005B030BD2846FFF7F1
:10F2D000A9FFF3E770B504460E461546CAB1D4E956
:10F2E0000223991A48BF6368006848BFC9183246AC
:10F2F0000023FEF743FEA36818446368834298BF67
:10F30000C01A2369042D0EBF53F8205043F8205033
:10F310000625284670BD0000F8B51E460F46044677
:10F3200011463846124AFEF74FF97068FEF748FD5D
:10F33000051E02DA0020FDF7BBFC21461820FEF76F
:10F3400055FC04460023681C6060C4E90233800059
:10F35000F0F7A7FF022F206103D9B068FEF730FD58
:10F36000606131682046FFF7A1FF2046F8BD00BF6D
:10F370000600040008B5D0E902239A4203D10749E8
:10F380000748FCF781FE03B943680269013B00218D
:10F39000C36052F8230042F8231008BD6DD0050861
:10F3A00094220608042803D0052808D000207047BE
:10F3B000D1E9020398420CBF0E201E207047D1E90C
:10F3C0000230C01A44BF4B68C018400040F0010032
:10F3D00070470000D0E902318B4210B5024603D1DC
:10F3E00008490948FCF750FE0169002451F8230040
:10F3F00041F82340516801338B4208BF2346936094
:10F4000010BD00BF6DD0050894220608042803D063
:10F41000052807D0002070474B68082B34BF0E200A
:10F420001E2070474868C0F3DC00400040F0010037
:10F43000704700000346054A0A601A7A0A715B6841
:10F440008B6000230846CB60704700BFAC1F0608E6
:10F45000062802D10B7A022B02D04968FFF7D6BFEB
:10F46000490041F001007047044B0B6001230B7110
:10F4700000238860CB600846704700BFAC1F0608B9
:10F4800010B5044904460C20FEF7B0FB02220272BC
:10F49000446010BDC41F060808B503799B0702D558
:10F4A0000020FDF7B1FD08BDF8B50F6806460D4612
:10F4B000144612B13846FFF7EFFF69682246381D3F
:10F4C000FEF770F9034608B1406870B9022E05D105
:10F4D000022C08D169680748FDF7C0FDA868012C17
:10F4E00000D15860F8BD0620F9E7022C04BF0022C5
:10F4F0005A60F7E7702206080122FFF7D5BF022203
:10F50000FFF7D2BF0022FFF7CFBF10B50446FFF7C9
:10F51000C3FF201DFEF733F9062010BD30B50B6880
:10F5200085680246AB4201D300200AE0D46804EBB0
:10F53000C30054F833400133002CF3D0042CF1D035
:10F540000B6030BD13B5044600F10C018068FFF775
:10F55000E5FF60B12379012B0BD0022B43680AD061
:10F56000026869460220CDE9002306F021F902B0C5
:10F5700010BD0068FBE71846F9E700007FB5174BA0
:10F580000A7A0D46044653F82210D3F743FF144974
:10F590002046D3F73FFF134B00932B7A8DF80430AE
:10F5A0006B6802930023039301266846FFF7CAFFA6
:10F5B000054630B90C49204604B0BDE87040D3F789
:10F5C00029BF1EB909492046D3F724FF0122294645
:10F5D0002046FEF72BFB0026E7E700BFA01F06082A
:10F5E00070D00508AC1F060873D00508AFCF05081A
:10F5F0001FB50446FFF750FF6368072B03D8124975
:10F600001248FCF741FD002201922279510744BFC4
:10F61000C3F3DC0303F1FF3301A9204648BF019384
:10F62000FFF77CFF6368083B6360036802934368ED
:10F63000039304220023C0E9002302A9022006F05C
:10F64000B7F804B010BD00BF76D0050870220608D8
:10F650002DE9F74F0B68DFF8F090032A0EBFD0E9D1
:10F6600002ABDFF8E8B0DFF8E8A0154618BF0125C7
:10F670004B450446884605D0032D03D0DA882C4933
:10F68000D4F782FA2B492046D3F7C4FE0023019316
:10F69000012701A94046FFF741FF064680B92649E8
:10F6A0002046D3F7B7FED8F800304B453CD0032DA9
:10F6B0003AD02249204603B0BDE8F04FD3F7AABEA6
:10F6C0001FB951462046D3F7A5FE032D2AD1336832
:10F6D00003F00702022A25D013F0030708D11B68A4
:10F6E0001A7B2AB103EB82031A69154B9A4204D0A4
:10F6F00014492046D3F78EFE012731682A4620465A
:10F70000FEF794FA1FB10F492046D3F783FE5946FE
:10F710002046D3F77FFE71682A462046FEF786FA18
:10F720000027B6E70027E8E703B0BDE8F08F00BF89
:10F730008FD0050893D005083ACC050893EC05084E
:10F740000142030895D005084420060823E3050874
:10F75000AFCF050810B5044904460C20FEF746FA61
:10F7600000220272446010BDC41F060810B504498F
:10F7700004460C20FEF73AFA01220272446010BDE2
:10F78000C41F060810F003030CD10268117A31B1CE
:10F7900002EB81021369044A9A1A5342534103F05F
:10F7A000010070470023FAE7D9F802082DE9F34772
:10F7B0000C681646074620460D46FFF76DFE316879
:10F7C000314AC9083846FDF7FFFE022F12D16F6893
:10F7D0003846FFF7D7FF0146E8B12B689F4209D0B2
:10F7E0000023019304F10408686801A9FFF796FE5D
:10F7F000074640B9002504347368AB4233D806206D
:10F8000002B0BDE8F087396801224046FDF7CAFF23
:10F810007B684360E8E73846FCF7F6FE04F1040A2B
:10F8200081464846FCF764FF0028E3D00021FCF73E
:10F83000EBFE8046FCF75CFF07464046FCF758FFAE
:10F8400005464046FCF754FF17B91048FDF730FA5B
:10F85000002DFAD00028F8D1012239465046FDF794
:10F86000A1FF4560DDE7B36853F8351003EBC5072A
:10F8700039B1042905D001222046FDF793FF7B68AA
:10F8800043600135B8E700BF0500020097D00508C6
:10F8900010B5002204300C46FDF784FF18B9034868
:10F8A0002146FDF7DBFB406810BD00BF7022060853
:10F8B000024B40F8043BFDF73FBF00BF4420060861
:10F8C00038B505461020F0F7D3FC29460446FFF76B
:10F8D000EFFF204638BD00002DE9F041804686B09C
:10F8E00000200D4616461F46FFF7EAFF0F4BC0F8F3
:10F8F0000080984502BF037943F00403037155EA81
:10F90000060304460DD03B68019007EB85023146A3
:10F9100003A80293FDF71DFF03AA01A9681CFFF7C6
:10F9200045FF204606B0BDE8F08100BF7420060800
:10F93000F8B50C46064600216068FCF765FE022E0D
:10F94000054660688CBFA6680626FEF75FFB50B9C7
:10F95000FFF7B6FF0446071D2846FCF7C9FE01461F
:10F9600018B92046F8BD4010F2E701223846FDF7ED
:10F9700019FF4660F0E738B504468068FFF7A0FF3E
:10F98000236862680360237922F0070203F005030D
:10F9900013434360A268E1680546D200C0681AF0CC
:10F9A0003FFB284638BD0000F0B5162885B00C4650
:10F9B000154663D005D8022810D0092862D000244B
:10F9C00009E02428FBD100222946201DFDF7EAFE8C
:10F9D00000282ED10E24204605B0F0BD02F003030E
:10F9E0008A0728D10A682B498A4224D1002BF1D1F9
:10F9F0002968914221D1CDE9013301A92046FFF7C1
:10FA00008DFD02A907462846FFF788FD064677B117
:10FA10000028DFD031683868FEF7B6FB0028D9D05F
:10FA200071687868FEF7B0FB0028E6D1D2E70028BD
:10FA3000D0D11E24CFE7002BCCD12A68164B9A4296
:10FA4000C8D163686A685340072BC3D80023029368
:10FA5000043502A92046FFF761FD06460028E8D0DC
:10FA6000316800222846FDF79DFE0028B2D041688B
:10FA70007068FEF789FB0028EBD1ABE70846FFF77B
:10FA80007AFF0446054A02A90220CDE90245FFF7A4
:10FA90008DFEA0E77420060844200608AC20060866
:10FAA00010B40C7A012C06D1242804D149685DF8E1
:10FAB000044BFFF779BF00205DF8044B70474068A6
:10FAC000C008704770B504460E461546FFF7E4FCC3
:10FAD00001223146201DFDF765FE4560204670BDC0
:10FAE00013B50222CDE90001044669461046FFF72E
:10FAF000DBFC204602B010BD38B50C461AB9FFF742
:10FB0000EFFF06200BE0042A0AD100220430FDF7A3
:10FB100049FE18B904482146FDF7A0FA406838BDEF
:10FB2000FFF7D0FFEDE700BF7022060813B50446CB
:10FB30004068FCF7DDFD58B1A3685A1C5B0043F038
:10FB40000103CDE90030A2606946022005F030FED5
:10FB500002B010BD1FB50446084611461A4602AB56
:10FB600001930A4B00930223FDF7B8FD21460C20B8
:10FB7000FEF73CF8002104460298FCF745FD039B84
:10FB800060602046A36004B010BD00BFB820060826
:10FB9000C3685A68012A70B506462AD19D68AB072A
:10FBA00027D12A68154B9A4223D1EC682378FF2B82
:10FBB00020D14A20F0F767FB044638B9104AD2F842
:10FBC0001032343B492B12D9946B3434E968204607
:10FBD000F1F7E6FAEC6020461AF0A4FA0023A860D8
:10FBE0006B60A9682046F1F737F9686001E0054BC2
:10FBF000F36070BD6B68002BFBD1F2E7343106086F
:10FC00003400002040320608F8B5164602F07F079F
:10FC1000320605460C460AD47B1E012B0DD80B6814
:10FC2000D888F1F748FA01462846D3F7F3FB022FAC
:10FC300003D123492846D3F7EDFB2046FFF7A8FF61
:10FC400016F07D0734D1E3680BB15A682AB928460B
:10FC50001C49BDE8F840D3F7DDBB20681A4988424B
:10FC60001FD1022A1DD89868C3071AD509F050FB86
:10FC70000346B0B1E2681549926828465210D3F79E
:10FC800083FFE3685B68012B19D90D492846D3F738
:10FC9000C1FBE368D9683A462846BDE8F840FDF75D
:10FCA000C5BFE3685A68012A02D199680022F3E7C8
:10FCB000E16832462846BDE8F84005F0FFBCF8BDD3
:10FCC00023E305083DE4050804220608C9D0050819
:10FCD0002DE9F8430D46044611462846194A1A4FA5
:10FCE0009846FDF771FC1020F0F7CDFA002814BFFC
:10FCF0008146B9460023C9F80040C9F808302DB93B
:10FD0000124CC9F80C404846BDE8F883AE1CB6005A
:10FD10003046F0F7B8FA044648B9D7F8E82106F1BA
:10FD200018039A42A7F12807EADBBC6B1834084B8A
:10FD3000A6F10802C4E90035414604F108001AF0B2
:10FD40006FF9DEE7FEFF01005C000020403206088C
:10FD50007C320608F8B51546D0E901320F46511934
:10FD6000994204460FD30178D9B105F110061E441B
:10FD7000C06801223146F0F7A1FA78B96568A36836
:10FD80002070013DED1AD4E902302A461844394664
:10FD90001AF046F9A3682B44A360F8BD6660E060E2
:10FDA000F1E7013B9D1AEEE7024B0022C3F8102257
:10FDB0009A6370473400002010B5FEF701F8041E66
:10FDC00011DDF0F755FA0346084A906BEFF3108106
:10FDD00072B6C2F81042936381F3108808B1F0F74D
:10FDE0006FFA062010BD0023EEE700BF34000020AC
:10FDF00038B50546FDF706FF007A70B12846FDF7D5
:10FE000001FF04462846FDF7FDFE037A04EB830458
:10FE1000024B2069C31A5842584138BDD1FC020830
:10FE200010B50446FFF7E4FF00B92469204610BD71
:10FE300010B5FFF7F5FFC3685B68044623B1FFF711
:10FE4000A7FEE368986810BD0620FCE738B5136884
:10FE50000546144653B140F2D523994205D1536863
:10FE6000062B02D10023C380236038BD3D2903D176
:10FE7000FFF78EFEEB68F7E7A22903D040F2573375
:10FE80009942F2D12846FFF7D3FF2060EDE7002327
:10FE90001A461946FFF71CBF73B5054610200E46DB
:10FEA000F0F7F1F9044630B9104BD3F81022332A99
:10FEB00012DD9C6B24340E4B236030461AF032F96D
:10FEC0000022C4E90206626001AB012128460194C8
:10FED000FFF7FEFE02B070BD03460246014628460B
:10FEE00002B0BDE87040FFF7F3BE00BF3400002051
:10FEF000343106082DE9F04306469BB010200D462C
:10FF00001746F0F7C0F9044628461AF00BF900F13D
:10FF1000010980464846F0F7B6F90CB1002848D1EF
:10FF20002549D1F81022432A29DD886BA2F1340932
:10FF300000F124040121343003AB01931F4B0293E1
:10FF40002B78CDF8109081F001010022FF2BCDE934
:10FF500005208DF80C1004D1294607A8F1F720F9E7
:10FF600007AD3A46294601A8D3F75EFCDDE9053224
:10FF70000021D154059BA360069BE3600CE044B9CB
:10FF800023462246214630461BB0BDE8F043FFF72A
:10FF90009FBE70B9C4E902850022094B23606260EC
:10FFA00007AB012130460794FFF792FE1BB0BDE876
:10FFB000F0830021C0E700BF3400002055FD020897
:10FFC000343106080EB403B503AA52F8041B01929B
:10FFD000FFF790FF02B05DF804EB03B0704700003C
:10FFE00083070BD10268084B9A4207D1037A2BB1E1
:10FFF00000EB83031A69054B9A4202D0044906F0CC
:020000040803EF
:10000000B7BB0120704700BF10330608D1FC0208BF
:10001000B024060810B50446FFF7EAFE50B92046A2
:10002000FDF7F0FDFFF7DCFF20B12069024BC01A9D
:1000300018BF012010BD00BF7433060838B5044650
:100040000D46FFF7E7FF18B12046FDF7DBFD04463C
:1000500029462046BDE8384006F08ABB2DE9F0412C
:10006000884617461E46FFF7DBFE04468068E0B967
:100070000C20F0F708F9A060A8B9164BD3F81022AD
:10008000172A0EDD986BA0600623A3800023E3806F
:10009000E38800EB8302D91CE18040F82380C2E9A9
:1000A0000176BDE8F0810323EFE7E388A5880233FA
:1000B000AB42EDDB074B9B6B9842F2D0033501223C
:1000C000A900F0F7FBF80028EBD0A388A060033369
:1000D000A380DDE73400002038B50D461446FFF755
:1000E0009FFE83681BB1C2882A60236038BD1A4610
:1000F000FAE737B50446A068FCF7FAFA019068B150
:100100006568062D05D001AB002201212846FCF7C9
:10011000ABF8FDF799FF0028EDD0019803B030BD92
:1001200038B50446084611464FF004121D46FDF747
:100130004BFA21460C20FDF759FD2B68436004461D
:1001400000216868FCF760FAA060204638BD13B54E
:100150004FF0FF336322CDE900320C4694ED010AE3
:1001600000234FF480726721D3F7ECFA02B010BD80
:1001700038B52DED048BD0ED009A91ED009AB0EEDC
:10018000690AF0EE490A05460C4617F0FFFE79EEC3
:10019000C07AB5EE400AF1EE10FAC7EE898AB0EEE9
:1001A000408A21D119EE103A9FED248ADFED247A9E
:1001B000002BB8BFB0EE678AF5EE408AF1EE10FA78
:1001C00029D1C9EE897A9FED1D0A17EE903ADFED2D
:1001D0001C7A002BB8BFB0EE670A85ED000A84EDEB
:1001E000008ABDEC048B38BDB5EEC00AF1EE10FA02
:1001F000B5EEC09A4CBF01220022F1EE10FA4CBFBE
:10020000012300239A421EBFF7EE007A30EE098ADE
:1002100078EEE78AD0E7B0EE680A19F0A5F978EE33
:10022000C08AF6EE007AF4EEE78AF1EE10FAC4BF67
:10023000F7EE007A30EE270ACFE700BF000000009B
:100240000000008008B508202DED028BB0EE408A3A
:10025000F0F70EF880ED018ABDEC028B014A0260D6
:1002600008BD00BFEC24060830B50D4687B0114626
:10027000284602221C46FDF7A7F935B99FED100A62
:1002800007B0BDE83040FFF7DDBF2068012203A9B9
:10029000FDF7C2FF40B10023DDE9030100931A46D8
:1002A000D2F7DCFF07B030BD2068830703D10268B6
:1002B000044B9A42F6D0FDF7D9FDFFF7C3FFF1E7F3
:1002C00000000000EC24060891ED010A07281DD863
:1002D000DFE800F00A181C1C041C0C14B5EE400AE0
:1002E000F1EE10FA14D01E2108467047BDEEC00A88
:1002F00010EE103A590041F00101F5E710EE103A06
:10030000002BF1DAB1EE400AFFF79CBF0021EBE7CA
:100310000E21E9E790ED010A7047000030B52DEDA0
:10032000028B0C4687B0054603A920468DED010AD5
:10033000FDF760FD002800F0C680232D00F2278124
:10034000DFE815F0E900F50001010D0119012501B3
:10035000250125012501250125012501250125016D
:1003600024002D00340025013B004F005D008F006C
:100370002501250125012501250124002D0034003A
:1003800025013B004F005D008F00CE00DDED017ABE
:100390009DED037A77EE877ACDED017A1CE0DDEDF5
:1003A000017A9DED037A77EEC77AF5E7DDED017A04
:1003B0009DED037A67EE877AEEE7DDED037AF5EEE1
:1003C000407AF1EE10FA03D172497348FBF75CFEF4
:1003D00003A901A8FFF7CCFE9DED010AFFF732FF4C
:1003E00071E0DDED037AF5EE407AF1EE10FAEBD034
:1003F000DDED016A86EEA77A8DED017AECE79DEDE1
:10040000038AB5EE408AF1EE10FADDD09DED010AC7
:10041000F0EE480A17F0BAFDB5EE400AF1EE10FA18
:100420000AD118EE103ADFED5D7A9FED5D7A002B70
:10043000B8BFF0EE477AAFE7B5EEC00AF1EE10FABA
:10044000B5EEC08A4CBF01220022F1EE10FA4CBF7B
:10045000012300239A4240D038EE008A8DED018AB4
:10046000BAE7DDED018A9DED038AF5EE408AF1EEF3
:1004700010FA0DD1B5EEC08AF1EE10FA08D59FED55
:10048000497AF0EEC87AF4EE477AF1EE10FA9BDD85
:10049000F5EEC08AF1EE10FA19D5B0EE480A19F05F
:1004A00063F8B4EE480AF1EE10FA10D0B4EE488AC0
:1004B000F1EE10FA0BD6DFED390A2146B0EE680AEC
:1004C0002220FEF795FD07B0BDEC028B30BDF0EEAB
:1004D000480AB0EE680A18F083FA8DED010A7BE74E
:1004E000DDED037AF5EE407AF1EE10FA3FF46CAFF1
:1004F00003A901A8FFF73CFE9DED010AFFF7A2FE4C
:100500009DED030A0490FFF79DFE04A905900220CB
:1005100005F04EF9D7E79DED017ADDED037AB4EEF3
:10052000E77AF1EE10FA4CBF1E200E20CBE79DEDCE
:10053000017ADDED037AB4EEE77AF1EE10FACCBF82
:100540001E200E20BFE79DED017ADDED037AB4EEAB
:10055000677AF1EE10FA0CBF1E200E20B3E79DED76
:10056000017ADDED037AB4EEE77AF1EE10FA94BF8A
:100570001E200E20A7E79DED017ADDED037AB4EE93
:10058000E77AF1EE10FAACBF1E200E209BE70020A8
:1005900099E700BF15CE05086C230608000000008F
:1005A00000000080FFFF7F7F10B40C4611468A07D1
:1005B00094ED010A034609D10C68074A944205D11B
:1005C000DFED060A5DF8044BFEF712BD5DF8044B43
:1005D0001846FFF7A3BE00BF581E06080000000023
:1005E00010B50446084611460022FCF7EDFF63688B
:1005F000BDE81040184770B51C4605460846114630
:100600004FF00212FCF7E0FF6B682068BDE8704015
:10061000184770B505461C46084611464FF00412AF
:10062000FCF7D2FFD4E900016B68BDE870401847C1
:1006300070B51C460546084611464FF00612FCF7F9
:10064000C3FFD4E901126B682068BDE87040184709
:100650002DE9F04105460E4617469846FCF7A4FFE3
:10066000EC68043444F0010443463A4631462846D7
:10067000A446BDE8F04160472DE9F04104460E462E
:1006800017469846FCF790FFE06840F001054346A6
:100690003A4631462046AC46BDE8F041604700008E
:1006A0002DE9F04F83B0064600AF914679609A4637
:1006B000FCF77AFFF26812F8013B0021C3F3C30B89
:1006C000C3F380041B0639D40BF1010B04EB440483
:1006D0005C44A4002C2C04F114083DD808F1070355
:1006E00023F00703ADEB030D6D460024DFF8848093
:1006F00079682E6053464A462846A5F80CB00AF0A1
:100700007FF8D8F810302B61736800215B68C8F857
:100710001030284608F02AFE2B69C8F8103006462B
:1007200008BBAB68D3F800801CB12846EFF7C8FDC2
:10073000EEB940460C37BD46BDE8F08F12F8013BDC
:100740004D0003F03000A8404BEA000B03F002001C
:10075000884004430131B5E74046EFF794FD054674
:100760000028C3D1BAE7D5F81480002CDDD140466B
:10077000EFF756FD340000201FB510F001030446CA
:1007800002D0401004B010BD06283ED00E283CD048
:100790001E283CD0830708D103681E4A93420DD11E
:1007A00004B0BDE8104000F040BE00F00703022B8B
:1007B00007D101A9204603F001FDE3E7164A934261
:1007C000F6E72046FDF71EFA144B984207D1204663
:1007D000FFF7A0FDFDEEC07A17EE900AD2E7104BAE
:1007E000984202D00F4B984206D1204601AA694692
:1007F000FDF78EFB0198C5E7012201A92046FDF710
:100800000BFD00B1019C2046BCE71846BAE7012069
:10081000B8E700BF4427060834310608EC24060870
:100820007C3206085C280608F0B505460C461746DB
:1008300085B04268394620461E46FCF7C5FE6B6807
:10084000DB0706D4AB683146204605B0BDE8F04072
:10085000184706EB8402394601A8FCF77AFFAB681B
:1008600001AA31462046984705B0F0BD2DE9F8436E
:100870001C46436805460F4611465A0042EA434269
:100880003846FCF7A1FEAE6846F00106032F29D8D2
:10089000DFE807F002080D18B047E968BDE8F84343
:1008A000FCF710BD2068FFF767FFB047F5E7206849
:1008B000FFF762FF07466068FFF75EFF01463846B4
:1008C000B047EAE72068FFF757FF07466068FFF781
:1008D00053FF8046A068FFF74FFF41460246384667
:1008E000B047DAE72068FFF747FF07466068FFF781
:1008F00043FF8046A068FFF73FFF8146E068FFF7AF
:100900003BFF4A46034641463846B047C5E700002C
:1009100002681049C3688A4210B5044602D00E49E5
:100920008A4204D11A68A3680AB153F8223013F836
:10093000012B51B20029184613F8012BF9DB10F9ED
:10094000013B002BFBDB09F09CFD63689B6833F8DF
:10095000100010BD682506089426060810B5144638
:10096000126803463AB9172906D1FFF7D1FFC00034
:1009700040F00200206010BD40F2CE22914202BF42
:1009800043685B682360F6E770B5054608460C4689
:10099000FFF7BEFF2346024602492846BDE87040E5
:1009A000D3F7F2B8D7D005082DE9F047884691462D
:1009B0009A460446F8B10768DFB17E686468ECB116
:1009C000701C04300E498000FDF710F9C0E9019A4F
:1009D0000546C0F80C802FB1B20007F108011030B5
:1009E00019F01EFB14B1043645F826402846BDE830
:1009F000F0873E46E2E707460646E2E73046E0E794
:100A0000882506082DE9F8431746C268984612F86B
:100A1000013B0E460546C3F3C309C3F3800400211E
:100A20001B0618D409F1010904EB44044C440734B3
:100A30001149A000FDF7DAF80623C0E90135A0F856
:100A40001490044643463A463146083009F0D8FE31
:100A50002046BDE8F88312F8013B4FEA410C03F051
:100A6000300000FA0CF049EA000903F00200884067
:100A700004430131D4E700BF202606082DE9F843DE
:100A80009946C36884681B6805460F4690460BB1BB
:100A900054F8234014F8013B0022C3F3C3061B069D
:100AA0001DD406F1080012498000FDF79FF80136B9
:100AB00006230446C0E9013586824B464246394644
:100AC000083009F0A7FE4FF6FF73E382EB685A681F
:100AD000134443F00103E3602046BDE8F88314F8B3
:100AE000013B03F0300191400E430232D7E700BFD3
:100AF0002026060808B50346406810B90248FCF7EE
:100B0000D7F8596008BD00BFEDD0050870B505469F
:100B100088680C46FFF7FCFE234602460249284639
:100B2000BDE87040D3F730B8FAD005082DE9F041A0
:100B300004460F4690461E46FCF736FDE56825B98B
:100B4000062333602846BDE8F081616811B9274863
:100B5000FCF7AEF82369E58A04F11802062908BFFC
:100B60004146934204D1062F03D02148FCF74CFAAA
:100B70001F60204F0023204663603B69A36150F84B
:100B8000083F5A6852683A614FF6FF72954213D196
:100B9000DB68083343F001039847C5B2A3693B61A2
:100BA000012D4FF0060363600AD00023022DE3609D
:100BB0000CD023691B68C4E708F0D8FB0546EDE7B5
:100BC00022691268326022691360BBE7E069306015
:100BD000FDF718F8084905F0CBFD0028B2D0074909
:100BE0000748FFF759F93060ACE700BFEDD00508C2
:100BF00018D1050834000020D823060831CD050897
:100C0000E021060813B51C4601ABFFF78FFF034632
:100C1000012B01980AD0022B0AD0062808BF002019
:100C20000CB1FCF725FA034B1862204602B010BD48
:100C3000EFF7F6FA34000020022810B40C4607D86B
:100C4000626820685DF8044B01230621FFF7DABFD4
:100C50008A68062AF5D1F3E701230022FFF7D2BF05
:100C600000231A460621FFF7CDBF000013B50E4A38
:100C700001AB0621FFF75AFF012804D0022806D055
:100C8000062002B010BD09490948FBF7FDF9019C97
:100C90002046FCF7B7FF074905F06AFD0028EFD1B1
:100CA0002046EFF7BDFA00BFCC26060838D105086C
:100CB000E02106084424060830B593B0054668468E
:100CC000EFF796FA014680B92A1D0120FBF72AFBAF
:100CD000EB6823F00103023343F00103EB600446A9
:100CE000EFF75CFA204613B030BD0198054A03685F
:100CF000934204D0044A934201D0EFF791FA0024C2
:100D0000F0E700BFD8230608942206080346054AE8
:100D10000A601A684A605B688B6001230846CB60F2
:100D2000704700BFDC2606082DE9F043012885B096
:100D300006460D4624D94868FDF742F8041E02DA3B
:100D40000020FBF7B5FF022E1BD0AE6840F26A33DD
:100D5000F61A18BF012621466846F0F795FA28686A
:100D6000DDF80880C10706F001090CD4434622468D
:100D7000494600F045FA00BB1F492048FBF784F9BB
:100D800001240126E7E74510002D1CDDB5FA85F3A7
:100D9000C3F12703B4EBD30F4FEAD307ECDB0021F9
:100DA0002246404619F080F906B1E61B2B4608EBB7
:100DB00006024946384606F028FB684602F020FE47
:100DC00005B0BDE8F0836A1C0BDAEB43B3FA83F39A
:100DD000C3F12803B4EBD30F4FEAD307CCDBFF21D9
:100DE000DEE76B42A342C7DC6B1C01D10127F6E7AB
:100DF00000273946D4E700BF50D1050890230608E4
:100E0000F0B50C4685B00546052201A96068FDF7DE
:100E100003FA022DDDE9012110D9A06840F26A33FE
:100E200098420BD14B1E134400204FF0FF360D4665
:100E300000243DB9204600F0D6FA0AE0012013460E
:100E40000646F4E7B4F5800F05F1FF3503D300F053
:100E5000C8F905B0F0BD1F78334447EA0424E8E739
:100E600010B510EE103AC3F30F4202F4FF42B2F590
:100E7000FF4F2DED028BB0EE408A09D1C3F316036C
:100E80001BB914491448FBF7FFF81448FBF710FF8F
:100E9000002B13DA33F0004213D003F1FF43B3F118
:100EA0009C4F0ED900F066F9B0EE480A04460430B3
:100EB000F0F73DFDBDEC028B204610BD6FF316032D
:100EC000EDE7FDEEC87A17EE900A400040F001040D
:100ED000F0E700BF59D105089023060862D1050844
:100EE0007FB50E463046114604221D46FCF76CFBCA
:100EF0009EB3012E23D129680820FBF71FF9044671
:100F0000C0B92868324601A9FDF786F930B1DDE99C
:100F1000010123460A22D2F769F80AE0286883070C
:100F20000BD102680E4B9A4207D1FFF7F3F9FFF796
:100F300097FF0446204604B070BDFCF7A3F801A952
:100F4000286803F03BF904466868019EFCF738FF07
:100F50000023024631462046DDE70124EAE700BFD0
:100F6000EC24060838B5054610460B4A0A441C46D0
:100F700012F8012CB5FBF2F53BB10A2905F1010489
:100F800012BFA4080323B4FBF3F408B119F0CAF8A4
:100F900003352544284438BD342706082DE9F04F91
:100FA00085B013F0010FDDE90E869DF840409DF8F5
:100FB0004490039207468B4640D05D1047D44FF0D3
:100FC000000AB8F10A0F14BF042303230293324628
:100FD0004B4641462020FFF7C5FFDBF80030834237
:100FE000024606D20190EFF743F9019A3860CBF838
:100FF0000020D7F800B00BEB0203002103F8011C1E
:101000004DBB30219C1E03F8021C002E52D03046EE
:10101000019219F087F8201A8345019A4AD2013EBD
:10102000014616F8013F002B41D10446BAF1000FEA
:1010300045D02D23601E04F8013C41E0CDE9104964
:10104000CDE90E8605B0BDE8F04F00F0A1B86D42C5
:101050004FF02D0AB5E7013B01931846A4F10A0CA5
:10106000B5FBF8FE08FB1E510929CCBF61443031A5
:101070007546441E00F8011CB9F1000F10D0BEF1F6
:10108000000FC2D0A345C0D2019B191B029B9942FD
:101090000BD1841EA34500F8029CB6D2019404E053
:1010A000A345B2D2BEF1000FAFD02046D8E701F879
:1010B000013BB6E7BAF1000F01D05C45B9D8204634
:1010C0003B6813441B1A039A013B136005B0BDE84B
:1010D000F08F30B58DB0102206920022CDE90222A9
:1010E00001920A220B46044608AD009206A907AAFF
:1010F00005A80595FFF752FF01462046D2F78AF969
:101100000598A84201D0EFF7DBF80DB030BD000024
:101110000E2A30B413460D4603D1012230BCFBF732
:10112000CFBD1E2A01D10322F8E71D2818D102F0F5
:101130000702022A10D09A0712D11868047B2CB13A
:1011400000EB8404084A2169914205D0074A904285
:1011500002D0074A904203D12A4619461D20DDE7F6
:10116000002030BC704700BF014203087C320608F3
:101170005C28060810B505491020FCF737FD044629
:101180000430F0F76DFB204610BD00BF4427060871
:101190002DE9F74FDDE90C9A9DF83CB005469868BB
:1011A0000E4690461C4652465B4649460001FFF7F4
:1011B000D9FE33688342074603D2EFF759F8286017
:1011C00037602D689DF83830CDE900B55246494664
:1011D000201DF1F7C9FAC8F80000284603B0BDE8A1
:1011E000F08FF8B50E4617460546FFF7C3FF3B469E
:1011F0000446324629460430F0F745FC2046F8BD47
:1012000013B510F8044F0093134604F00102F1F7F0
:1012100021FA02B010BDC207034605D540100DD417
:10122000003818BF01207047806848B11B7913F05F
:10123000010F0CBF01204FF0FF3070474FF0FF301F
:10124000704738B50C46082830D8DFE800F00A139C
:101250001C2F052F0C240A008B68002B0CBF0E24BA
:101260001E24204638BD081DF1F7C8F9440044F09B
:101270000104F6E7FFF77EFF211D05460430F0F775
:1012800056FC2C46EDE7FFF775FF211D054604309F
:10129000F0F75EFCF5E70B79DB07E2D5FFF76AFFB5
:1012A000211D05460430F0F737FCEAE70024D8E7B3
:1012B0002DE9F04F10F001098BB006460D4614469B
:1012C00005D1810715D102682E4B9A4211D115F034
:1012D000010805D1AA070CD12A682A4B9A4208D1E5
:1012E00014F0010B08D1A30703D12268254B9A42C1
:1012F00002D02548FBF788FE012C02D12348FBF7DA
:10130000D7FCFFF737FF0DF1040A0746B9F1000FCC
:1013100031D071105046F0F7CEFA56460DF1100953
:10132000B8F1000F29D069104846F0F7C4FA4D46CD
:101330000DF11C08BBF1000F21D061104046F0F701
:10134000BAFA444623462A463146381DF1F7F8F8E2
:10135000564502D13046F0F788FA4D4502D128466D
:10136000F0F783FA444502D12046F0F77EFA38467A
:101370000BB0BDE8F08F0436D0E70435D8E704346D
:10138000E0E700BF442706086BD1050815CE050825
:1013900073B50D460646FFF7EDFE012304460093A4
:1013A00032462B460430F0F79AFA204602B070BD60
:1013B00090EA40024FEA400302D5C117FFF7E8BFA9
:1013C00043F00100704773B50D460646FFF7D2FEA5
:1013D00000230446009332462B460430F0F77FFA90
:1013E000204602B070BDB0F1804F02D30021FFF75C
:1013F000EABF400040F0010070472DE9F341044688
:101400000E4617469846FFF7B5FECDF80080054614
:101410003B46216832460430F0F7EBFA2368034478
:101420002846236002B0BDE8F081C30702D404302F
:10143000F1F7E4B840107047C30707B503D5401073
:1014400003B05DF804FB01A90430F1F7EAF808B134
:101450000198F5E701490248FAF716FE7ED1050822
:10146000902306082DE9F0432DED028B9046CA0724
:1014700089B007460C4625D54B10022201A902A8C7
:10148000F0F720FA02AD18F0010F1DD04FEA680303
:10149000022201A902A8F0F715FA02AE202F01D00E
:1014A000132F40D17368002B7CD02846F1F73CF90C
:1014B0003046B0EE408AF1F737F988EE000AFEF7C1
:1014C000C1FE23E00D1DDEE718F0030F25D1D8F88B
:1014D0000030774A934202D108F10406DEE7754AEC
:1014E000934207D12846F1F71FF941463846FEF7E7
:1014F00015FF0BE0704A93420FD12846F1F714F91B
:10150000DFED6E0A41463846FDF772FD044620467F
:1015100009B0BDEC028BBDE8F08342462146384657
:10152000FFF7F6FDF2E7A7F109095FFA89F31A2B35
:1015300000F29880FFF71EFE0446B9F11A0F00F280
:10154000B580DFE809F051574B5D5D0E2127B32DC3
:10155000B3407251574B5D5D0E2127B32DB34072DE
:101560007C00324629460430F0F7E5FB05A9201D32
:10157000F1F757F80028CAD0059B5A0093EA4303B5
:10158000C5D442F00104C2E7324629460430F0F7E0
:1015900014FCEBE7324629460430F0F7C5FDE5E7D9
:1015A00073681BB946494748FAF76EFD05A8F0F77E
:1015B00057F933462A4605A9201DF0F775FE05A800
:1015C000F0F753F9D2E77368002BEBD005A8F0F7DA
:1015D00047F933462A46211D05A8EEE7324629463B
:1015E0000430F0F72EFCC1E7324629460430F0F70C
:1015F000B6FCBBE7324629460430F0F732FDB5E7CA
:101600004046FFF719FF021E02DA2F48FBF750FB96
:10161000192F294604F1040001D00C2F02D1F0F754
:10162000D0FAA3E7F0F72DFBA0E73378DB073FF50F
:1016300059AF324629460430F0F7F3FD96E7736858
:10164000002BAFD0FFF796FD211D074633462A46F3
:101650000430F0F729FE05A90220CDE9057404F055
:10166000A7F853E731462846F0F742FA042F1DD871
:10167000DFE807F00308170D12000028B4BF1E248E
:101680000E2444E70028CCBF1E240E243FE7002888
:10169000D4BF1E240E243AE70028ACBF1E240E241B
:1016A00035E700280CBF1E240E2430E700242EE767
:1016B00044270608EC240608581E0608000000000F
:1016C00015CE05086C230608EDCD05080430F1F7AA
:1016D0002BB8042803D0052807D0002070478B685A
:1016E000002B0CBF0E201E2070478868400040F081
:1016F00001007047044B0B60044BC1E9013000232B
:10170000CB600846704700BF942A06083F170308BD
:1017100070B5836803EBD37149109B00002291429E
:10172000A3F1040301DC062070BDC468E65854F838
:10173000225044F82260C4680132E550EFE7D0E956
:1017400002120346886882423FBFC96851F82200EE
:101750000132DA6028BF00207047000038B50C68FD
:101760000B46A168024619B919491A48FAF78CFCC8
:10177000012A18BF5A68206808BF4FF0FF320023C3
:10178000FCF7FCFBA268E368013A53F82050A26022
:1017900003EB8001121A9200043103EB800018F071
:1017A0006FFCD4E90232002142F823106168042959
:1017B0000BD9B1EB430F08D94908E0688900EEF76F
:1017C00072FD6368E0605B086360284638BD00BF57
:1017D0009ED105089422060810B40C6802460B46F8
:1017E000D4E902105DF8044B05F0C4B907B5CDE9A2
:1017F000000169460220FFF7EFFF694601900220D1
:10180000FFF7ACFF062003B05DF804FB38B50025F8
:10181000044685601021C068EEF745FD0423E060B2
:1018200063601022294618F03FFC062038BD38B509
:101830000D46D0E901138B42044611D3C900C0689C
:10184000EEF731FD6268A368E06052006260D21A70
:10185000013A01339200002100EB830018F024FCD0
:10186000D4E90232591CA160062042F8235038BD49
:1018700038B5044608460021FAF7C6FE0546284654
:10188000FAF736FF0146204601B938BDFFF7CFFF12
:10189000F5E7F8B54C1083680546174601D5E418FE
:1018A00011D49C42264601D91C461E4606212846D4
:1018B000FFF7BDFFAB68E968013B9C4206DB41F8DE
:1018C00026700620F8BD00263446EFE701EB8302C0
:1018D00052F8042C41F82320EDE70A46D0E9021023
:1018E00005F07CB92DE9F041032A0F4611490CBFE0
:1018F000D0F80880DFF844801646044618BF012659
:10190000D1F788FD0025BB68AB4205D820460A49BF
:10191000BDE8F041D1F77EBD1DB141462046D1F76B
:1019200079FDFB68324653F825102046FCF77EF916
:101930000135E8E7ADCF05088FE30508AFCF05080F
:101940002DE9F04780460E4617469946FBF72CFED8
:10195000A6EB0803042B01DCBDE8F087D6F800A055
:1019600027B151463846FAF7D3FC824635464446FD
:101970000434A54207D92168AFB952460020FBF7CD
:101980009FF98145F4D0043DAC4217D287B92A684B
:1019900051460020FBF794F98145F4D023682A686A
:1019A00022602B60E4E73846FAF7B2FC0146E4E730
:1019B00029683846FAF7ACFC0246E9E72368326842
:1019C00022603360321BA5EB0803934207DB2046FD
:1019D0004B463A463146FFF7B3FF444606E02946F8
:1019E0004B463A464046FFF7ABFF35462E46A046EB
:1019F000AEE700001FB502AB0C460193104B0093FD
:101A0000043102230138FBF70BFE23689968012992
:101A100013D9029AD8689DF80C30062A01F180414A
:101A200001F1FF3108BF0022002B00EB81010CBF48
:101A30001E230E230438FFF783FF062004B010BDD9
:101A40008027060870B511F0030604460D4629D11B
:101A50000A68174B9A4225D1AB68816819444368DC
:101A6000994210D904318900C068EEF71CFCAA68BD
:101A7000A368E06013441A1D62603146102200EB37
:101A8000830018F011FBD4E90203AA68E968920008
:101A900003EB800018F0C4FAA368AA681344A3609B
:101AA000062070BD29462046FFF7E2FEF8E700BF9A
:101AB0005C28060838B504290B4B03600446084629
:101AC00038BF0420C4E9010180000D46EEF7D0FBC9
:101AD0006268E060521B00EB85009200BDE8384070
:101AE000002118F0E1BA00BF5C28060838B50546A9
:101AF0001020EEF7BDFB29460446FFF7DBFF20462A
:101B000038BD0000F0B511F0030787B004460E465B
:101B100015467ED10A684C4B9A427AD1806803AA56
:101B200004F070FF042D18D138B9E06803A904F05F
:101B300086FF0546284607B0F0BDDDE90330C01A30
:101B4000FFF7D4FFE368826803990546920003EB30
:101B50008101C06818F064FAECE73C4A002D08BF28
:101B6000154608B9FBF772FA284602AA01A9FCF744
:101B7000CFF9DDE90335019AE068ED1A551B002D18
:101B800027DDA6686368A919994206D98900EEF78E
:101B90008AFBA668E060AB196360019A039BE0686A
:101BA00004991344EA1A324400EB8101920000EBDD
:101BB000830018F065FADDE90210E368019A03EB8F
:101BC0008000920018F05CFAA3682B44A3600625FD
:101BD000B0E70299920000EB830018F051FA0499E3
:101BE000A268039B019EE0683344521A920000EB06
:101BF000810100EB830018F043FAA068E3682844F1
:101C00006FF003026A43394603EB800018F04CFA88
:101C1000DAE735B903A90220CDE90346FFF79EFDB7
:101C2000D5E7042D2068A1684FF00003324605D1A6
:101C3000FCF7A4F9E36853F820507BE7FCF79EF922
:101C4000E36843F82050C2E72C2E0608403206080D
:101C50001B287FB503460E46154621D005D804281B
:101C600043D90E283BD0002436E01D28FBD103A920
:101C70001046FCF77FF80028F5D00398B3680028D9
:101C8000BCBF002003905843FFF730FFC3680093A8
:101C90000446039BB268F068042104F0A0FE1BE038
:101CA00012F00304DFD112681A4B9A4214D1AB68C8
:101CB00088681844FFF71AFFB268F168044692007A
:101CC000C06818F0ADF9B068E368AA68E9689200E6
:101CD00003EB800018F0A4F9204604B070BD114653
:101CE0003046FFF7AFFE3446F6E7AA0703D129686E
:101CF000084A914203D0022BB5D10E24ECE7AB6821
:101D00000093D6E90221EB6804F0EFFE0028F4D03E
:101D10001E24E1E75C28060838B50C46204611462B
:101D200002221D46FBF750FC24B92046BDE838408E
:101D3000FFF7DCBE0020FFF7D9FE2968BDE8384078
:101D4000FFF796BD38B50C460546FFF7CFFE4CB9F8
:101D500038BDC26854F8231042F823100133AB4257
:101D6000F7D1F5E70023FAE7D0E90201FFF7EABF70
:101D70002DE9F041044640688000EEF779FA04F15D
:101D80000808064600276168B94206D8A0683346AD
:101D90000022BDE8F041FAF767BA58F8040FFAF7E5
:101DA000A7FC054618B146F827000137EBE7304697
:101DB000EEF786FA2846BDE8F08100002DE9F041F3
:101DC0000C460546114620460F4A9846FBF7FCFB99
:101DD000A01C29468000FBF709FF0746D8F8003011
:101DE000013C446047F8083F05460026B44202D84B
:101DF0002846BDE8F0810136002158F82600FAF7A0
:101E000003FC47F8040FF1E7FEFF0500024B834295
:101E100001D107F073BA7047543F0608F8B515466C
:101E2000126806460C4640682ABBCF0047F00207FE
:101E300039460430FBF7B6FC024610B143682B600C
:101E400011E0B4F5337F01D17368F8E70E2C0BD0A5
:101E5000706872210430FBF7A5FC28B14068394650
:101E6000FAF756FA2860F8BD2A4621463046BDE802
:101E7000F840FFF7CBBF03799B0709D50A4B98427F
:101E8000F2D10A4EF06E18B90120FDF719FDF06687
:101E90006A68E10041F002011AB9FDF721FE002352
:101EA000CDE7FDF70FFEFAE7D8340608340000202E
:101EB00070B5054648680E460022BA210430FBF78B
:101EC00071FCB0B1406802F00BF904467068002262
:101ED00041F26A610430FBF765FC60B1406802F0D2
:101EE000FFF82246034607492846BDE87040D1F76F
:101EF0004BBE054CEAE7224628460449BDE870403F
:101F0000D1F742BEA6D105083DE40508BED10508BB
:101F100070B5C50045F002050C4801222946FBF7C3
:101F200041FC4468064674B91020EEF7A1F9084B4D
:101F3000036004460120FDF7C3FC2A466060BA2115
:101F4000FDF7C0FD7460204670BD00BF8400002016
:101F5000C8290608F7B51E4F0E1E4FEAC0010546F8
:101F60004FF000021B4841F0020118BF3846FBF752
:101F700019FC0446C8B940F2B4439D4223D01EBBAD
:101F800069462846EFF7A3F80378752B1CD1009912
:101F900001300139EEF77CFFC100224641F0020119
:101FA0003846FBF7FFFB78B1044660686A461121AA
:101FB000FAF706F8009B23B100216A460846FAF7B3
:101FC000B1F9646800E0044C204603B0F0BD00BFE6
:101FD000A82806083C290608543F060830B5002406
:101FE00032F8145035B185420AD10A681AB953F84B
:101FF00024300B6030BD4A6843F824200023F8E702
:102000000134EDE70620704770B5154606460C46CC
:10201000FBF7F8FD83889A0502D40B48FAF7F4FF22
:1020200004F00703022B07D0A30703D12268074B54
:102030009A4201D00020F1E701222146301DFBF732
:10204000B1FB4560062070BDCCD1050834310608CF
:1020500038B505460C46FBF7D5FD83889A0502D4B2
:102060000D48FAF7D1FF04F00703022B07D0A307AE
:1020700003D12268094B9A4201D00020F1E70222E5
:102080002146281DFBF78EFB18B905490548F9F7CD
:10209000FBFF062038BD00BFCCD10508343106084F
:1020A000DAD105082423060807B5820706D101689E
:1020B000074A914202D183889B0502D40548FAF76A
:1020C000A3FF01A904F070FA03B05DF804FB00BFA0
:1020D00010330608CCD1050810B504460846114651
:1020E0000022FBF771FA21460420BDE81040FBF7FF
:1020F0007DBD436818478368184770B505461020B2
:102100000E46EEF7B5F8044695E80F0084E80F0098
:10211000E660204670BD70B5054610200E46EEF70D
:10212000A7F8044695E80F0084E80F00A660204653
:1021300070BD70B5054610200E46EEF799F80446BE
:1021400095E80F0084E80F006660204670BD00002F
:1021500010B586B00446084611461A4602AB0193F4
:10216000084B00930423FBF7B9FA21461020FBF734
:102170003DFD029A4260039A8260049AC26006B0F2
:1021800010BD00BFAC2A060804307047032A0CBFFC
:1021900001490249D1F73EB9E2D10508CCAC0508A6
:1021A00038B50B680C46DA8805490546D1F7ECFCD2
:1021B0002168224628463831BDE83840FCF7A4BCE7
:1021C000D4D0050810B50346002053F8342F8242BE
:1021D00002D14FF0FF3010BD53F8044F8C42FAD0BB
:1021E0000130F4E738B51368054614464BB900686A
:1021F000FFF7E8FF431C03D0831C55F8233023600E
:1022000038BD02490248F9F73FFF00BFE7D1050892
:10221000242306082DE9F0471746426BCE19964253
:1022200080460C46994604D01E491F483346F9F7AC
:1022300034FFB01C41468000FBF7D8FC4FEA840A0B
:102240004660524605464946083017F0E9FE0AF155
:102250000800BA000021284417F026FF3E4409F187
:10226000040AA64202D82846BDE8F08759F824009F
:1022700001F01EFF01464046FFF7A4FF431C04D1B6
:102280000A460A490848F9F708FF05EB8007BB68CA
:1022900013B10A460649F5E75AF82430BB60023408
:1022A000DFE700BF38CE050850210608ECD105084D
:1022B000F2D105082DE9F04104460E308000884631
:1022C000EDF7EFFF0746054647F8344F0026A642D4
:1022D00002D12846BDE8F08158F8260001F0E8FE5A
:1022E000013647F8040FF2E71FB5019101F0E0FE57
:1022F0000446019800F00703022B05D0830708D19C
:102300000268174B9A4204D101A9012002F042FA57
:10231000019003AA02A9FBF7FBFDDDE90201FFF72B
:10232000C9FF1049416140F2012101810E498161DB
:102330000E49C1610E4901620E4941620E490F4AC0
:10234000816203210260C17208220D498280C1604E
:1023500082740C490C4AC480C162026304B010BD8F
:102360003431060815220308A12103085D5703082C
:1023700069580308E52103085D590308103306086E
:1023800004050607A15603087C32060810B503466B
:102390000846D3E90112034CDB68C0E90041C0E9FB
:1023A000022310BD742B0608C368002B024605DD0E
:1023B000D0E90101884206DB00207047FCD0D0E95B
:1023C00001018842F8DD03445360FEF7F1BFD1E913
:1023D000023249685B1A1344002ACCBF03F1FF3371
:1023E0000133042893FBF2F303D0052806D0002024
:1023F0007047002BD4BF0E201E20704723EAE370E5
:10240000FEF7D6BF70B50E46044611463046134A55
:102410001D46FBF7D9F821461020FBF7E7FB002308
:10242000436001239E420446C360286804D1FBF741
:10243000C7FCA060204670BDFBF7C2FC6060686806
:10244000FBF7BEFC032EA060F4D1A868FBF7B8FC34
:10245000E0600028EED10248FAF72AFC06000200EC
:10246000FDD10508136810B514462BB9922904D183
:102470004068FEF79DFF206010BD962901D180685D
:10248000F7E79529F8D1C068F3E7000038B50C46A6
:10249000D1E9012309490546D1F776FBE268012A13
:1024A00005D128460649BDE83840D0F7B3BF2846D5
:1024B0000449BDE83840D1F767BB00BF04D2050826
:1024C00093EC050811D20508042A1FB504460846F6
:1024D00038D1D4E9023162689B1A0B440029CCBF81
:1024E00003F1FF33013393FBF1F1830721EAE1713B
:1024F0001AD10268144B9A4216D101AA00F0A8FC26
:1025000012491020FBF772FBE2686368019901FB36
:10251000023343606368029901FB02338360039BCB
:102520005343C36004B010BD024600232068FBF78C
:1025300025FDE268636802FB003004B0BDE810408E
:10254000FEF736BF0020EDE72C2E0608482B0608C4
:102550000346806840B1411E9960490058680422D2
:1025600041F00101FBF72CBE704737B51D4604460C
:10257000084611464FF00212FBF726F828686A4613
:1025800040F2D221F9F71CFD009B43B100216A46BD
:102590000846F9F7C7FE0446204603B030BD214681
:1025A0000C20FBF723FB044628686060FBF7F6FD70
:1025B000FBF706FCA060EFE730B51C4685B005468A
:1025C000084611464FF00212FAF7FEFF002320687A
:1025D0000393032201A9CDE90133FBF71DFE38B9AE
:1025E0002068FBF7EDFB01300290EDF741FE019012
:1025F000029B4FF6FD72023B934202D90020FAF78C
:1026000057FB29461020FBF7F1FA019A4260029A23
:10261000028100228281428105B030BD032910B5BC
:10262000044606D0042923D016221A604FF0FF304A
:102630001DE012F001000BD02189A38960890B44B1
:102640001B1A93FBF1F001FB1033181E18BF012079
:1026500053070CD522896389A18913445B1A013B76
:1026600093FBF2F102FB11330BB140F0040010BDFB
:102670000020FCE72DE9F8434489858998460389C1
:102680001C44641B013C064694FBF3F003FB10441E
:10269000944228BF144604EB0509B9FBF3F203FB8F
:1026A00012994D450F4608D970685A1B284417F0F7
:1026B000B7FC33895B1B1F4400257068A9EB05023A
:1026C0003946284417F0ACFC0023A6F80C902046AD
:1026D000C8F80030BDE8F8832DE9F84384894589BE
:1026E000984603891C44641B0F4694FBF3F103FBDB
:1026F0001144944228BF144604EB0509B9FBF3F2D8
:1027000003FB12994D45064609D941685A1B2944D5
:10271000384617F085FC33895B1B1F440025716820
:10272000A9EB05022944384617F07AFC0023A6F8E5
:102730000A902046C8F80030BDE8F88302898389F2
:1027400041891344581A90FBF2F302FB1300400036
:1027500040F0010070470000820708D10068064B76
:10276000984206D0054BC31A584258417047002082
:1027700070470120704700BFD82D0608AC2D060811
:10278000044B0B60044BC1E901300023CB600846C9
:10279000704700BF942A0608812A030808B5012261
:1027A0000430FBF766F9062008BD08B502220430A4
:1027B000FBF75FF9062008BD38B50446084600213E
:1027C000F9F722FF043405462846F9F791FF014640
:1027D00000B938BD01222046FBF74BF9F4E770B58C
:1027E00006460D460124B44201D3062070BD55F8BB
:1027F00024102868FFF7E0FF0134F4E738B50446F9
:1028000008460021F9F700FF043405462846F9F789
:102810006FFF014608B9062038BD03222046FBF7AA
:1028200028F9F3E730B585B0044608466946F9F75C
:10283000EBFE043405462846F9F75AFF014610B965
:102840001E2005B030BD00222046FBF712F90028FB
:10285000F1D00E20F5E738B5016804461020FBF7EB
:10286000C5F9616805460430FBF7F9F86268A368AA
:10287000E168E868AB60920017F0D2FB284638BDEB
:1028800038B50D46FFF7E7FF29460446FFF794FFEA
:10289000204638BD38B50D46FFF7DDFF2946044612
:1028A000FFF7ACFF204638BD10B5022204300C46BD
:1028B000FBF7DFF818B903482146FAF7CFFB0620EB
:1028C00010BD00BF7022060808B50430FBF783F97D
:1028D000062008BD2DE9F8430C6807460E461AB9D4
:1028E0002046FFF7B8FF0446012504F10409BD4264
:1028F00002D32046BDE8F88356F82500844204D16F
:102900004846FBF768F90135F1E70021F9F77CFE4D
:1029100080464046F9F7ECFE01460028F3D002223B
:102920004846FBF7A6F8F4E708B50122FFF7D2FF07
:10293000062008BD0022FFF7CDBF000008B5043017
:10294000FBF72AF918B902490248F9F79DFB08BDBF
:1029500017D205087022060850F82100042818BF75
:10296000002814BF01200020704700008A07F8B536
:1029700004460D4611D10E681E4BF31A5E425E41AD
:10298000AB6863B91EB11C492046D0F743FD1B4913
:102990002046BDE8F840D0F73DBD0026F0E71EB167
:1029A00017492046D0F736FD16492046D0F732FDAC
:1029B000002701236A68BA4206D813492046D0F797
:1029C00029FDAEB11149E3E7E8683946FFF7C4FFD6
:1029D00060B11BB90E492046D0F71CFDEB680122FF
:1029E00053F827102046FBF721F900230137E1E7D0
:1029F000F8BD00BFAC2D0608FFA4050820D20508CD
:102A000026D2050893D005083ACC050893EC0508B2
:102A1000AFCF05080528F8B50D4609D006280CD01B
:102A2000042828D18B68002B0CBF0E201E20F8BD77
:102A30008868400040F00100F9E711F003001AD166
:102A40000E680E4B9E42F2D14F680446A74203D156
:102A5000760046F00100EAE7EB6821461846FFF7EA
:102A60007BFF30B153F824100620F9F767FB06EB23
:102A700060060134EAE70020D9E700BFAC2D060864
:102A80008268C16870B556680346B14201D3002020
:102A900008E0D5682846FFF75FFF4C1C18B155F8D1
:102AA0002100DC6070BD2146EFE700002DE9F04118
:102AB00005460F4610200C49FBF798F800F1040872
:102AC000044629464046FAF7CAFF0026AE4202D124
:102AD0002046BDE8F08157F8261001224046FAF75B
:102AE000C8FF0136F2E700BFD82D060888422DE95D
:102AF000F84305460E46174608D11AB1062420466B
:102B0000BDE8F883BDE8F843FFF7A5BE00210846FD
:102B1000FFF7CCFF002104463046F9F775FD05F1BB
:102B2000040980464046F9F7E3FD064658B9002FF0
:102B3000E5D0E868EDF7C4FB63686B60A368AB6041
:102B4000E368EB60DAE7002231464846FAF791FF86
:102B50000028E7D031462046FFF720FEE2E70122B9
:102B6000FFF7C4BF0022FFF7C1BF01220430FAF70C
:102B700080BF70B50C4605461146204602221E460F
:102B8000FAF722FD3CB921462046FFF78FFF0446A5
:102B90002560204670BD00210846FFF787FF002111
:102BA00004463068F9F730FD06463046F9F7A0FDD7
:102BB00001460028ECD02046FFF7D7FFF5E70000DC
:102BC0002DE9F04186B01646CDE900100446FFF726
:102BD000C3FD0246002835D1214801AB0121FFF792
:102BE000C8FF01270446009D2846FFF7B5FD0246B1
:102BF00050BB1B486B460121FFF7BBFF4FF001089C
:102C000005461EB1A268AB689A4226D0154B0293C6
:102C1000154BCDE90334002305932E1D02A8FFF7C1
:102C20002FFF014698B91E2617B1201DFAF7D3FFD2
:102C3000B8F1000F02D0281DFAF7CDFF304606B0DC
:102C4000BDE8F0810027CEE74FF00008D9E7002269
:102C50003046FAF70EFF0028E0D10E26E4E700BF69
:102C6000D82D0608942A0608812A03080B4600225C
:102C700001461846FFF7A4BF0022FFF7A1BF0000DE
:102C8000F7B51546CDE900128A0706460C460DD168
:102C90000968414BCB1A59425941242E0F4607D09F
:102CA0002846FFF759FD60B903B0F0BD0021F4E7F5
:102CB00000222946201DFAF7DCFE002868D10E20EC
:102CC000F2E71C2E66D8DFE806F0454D51555C65ED
:102CD0006565652230376565653F65656565656570
:102CE000290F166565651D002946204603B0BDE81D
:102CF000F040FFF7CFBD2946204603B0BDE8F040C5
:102D0000FFF730BF69460220FFF714FECCE729B178
:102D100069460220FFF763FD2046C5E729462046A5
:102D200003B0BDE8F040FFF7ABBD29462046002FB9
:102D3000DCD0FFF763FDEFE70A4620462946FFF7A0
:102D4000D5FE002FE8D1AFE70A4602206946FFF71B
:102D5000C1FDA9E701222946204603B0BDE8F040A5
:102D6000FFF72EBF012221462846F6E7A268AB688E
:102D70009A42A4D12946204603B0BDE8F040FFF7AF
:102D80007BBF2946204603B0BDE8F040FFF76EBF89
:102D90001E2089E7002087E7D82D06084A680149E8
:102DA000D0F7F2BED4D005080020704738B50D46E4
:102DB00004461049D0F72EFB696801222046FAF735
:102DC00035FF0D492046D0F725FBA9680122204692
:102DD000FAF72CFF08492046D0F71CFBE96820468B
:102DE0000122FAF723FF20460449BDE83840D0F716
:102DF00011BB00BF31D20508AFCF050893EC050821
:102E000013689BB9922902D14368136070479629D1
:102E100001D18368F9E7952901D1C368F5E740F24C
:102E20009733994204BF024BC2E90030704700BF9C
:102E30004C2E060870B506460D4610200349144670
:102E4000FAF7D4FEC0E90165C46070BD2C2E0608F7
:102E50002DE9F0418046C06806280F4614461BD075
:102E6000FAF7AEFF051E02D12548F9F721FF14DC61
:102E7000D8F80400062833D17E1ED8F808000628AA
:102E80003AD0FAF79DFF0028B8BFC01940EAE070B9
:102E9000B8421EDB781E1CE00125D8F80400062885
:102EA0001CD0FAF78DFF061EB8BFF61926EAE676A3
:102EB000BE42A8BF3E46D8F8080006281AD0FAF746
:102EC0007FFF0028B8BFC01920EAE070B842A8BF51
:102ED0003846C4E90060A560BDE8F0810026EAE755
:102EE000FAF76EFF061EB8BFF61946EAE676BE424E
:102EF000C2DAC2E73846ECE74FF0FF30E9E700BF3F
:102F000038D2050810B5044686B00846FAF758FFCF
:102F10006A4601462046FFF79BFF009B5B0043F09B
:102F200001030393019B5B0043F001030493029BA5
:102F30005B0043F0010303A90320059302F038FC72
:102F400006B010BD0E2803460CD01E280AD010F083
:102F5000010007D19A0706D11868034BC31A5842DB
:102F600058417047012070474427060808B50146BC
:102F7000FFF7E8FF38B98A0704D10868034BC31A82
:102F80005842584108BD0120FCE700BFEC24060868
:102F9000044B0B60044BC1E901300023CB600846B1
:102FA000704700BF942A0608AD2F030813B50446E6
:102FB000806800F00703022B11D101A9C008EEF7C9
:102FC00086F8E268019B9A423FBF835C5B0043F056
:102FD000010001322CBF0020E26002B010BD836806
:102FE0000193C068EDE70000F8B51D4B9842074615
:102FF0000D460FD1D1E90110EDF74AFF044648B163
:103000002846EEF75DF9E40000232B6044F002044B
:103010002046F8BD69682B68AE680131994203D03B
:103020003046EDF740F906466A680023B354AB60BA
:103030002B600C4B9F4205D168683146BDE8F840D3
:10304000FBF740BD39461020FAF7D0FD6968816072
:1030500004463046EDF700FFE6606060D8E700BF49
:10306000343106086C1D06082DE9F04101F0070314
:10307000022B86B007460C4617D101A9E008EEF7EF
:1030800026F80646019902A8EEF7FEF8DDF8108052
:103090000025019BAB420CD82046FAF7B3FD02A9EC
:1030A000FFF7A2FF06B0BDE8F0818B68CE68019300
:1030B000E8E7705DB84708F805000135E9E700006A
:1030C00001460148FFF7D0BF9115020801460148AB
:1030D000FFF7CABF9F15020808B5FAF793FDC2882B
:1030E00003490448972A14BF97234223F8F7D5FFD2
:1030F00047D205085021060838B5044608460D4653
:10310000FAF780FD084B984208D0084A9C4208BF55
:103110001446844206D02846FFF7DEFF844201D0E1
:103120000248F6E738BD00BF6C1D060804310608EA
:103130002DE9F0478AB004460191FAF763FD04F0E7
:103140000703022B054635D102A9E008EDF7BFFFC2
:1031500007460198830706D103683A4A934209D08B
:10316000394A934206D0374801AB00220121FEF7CD
:10317000D3FD019004AA03A9FAF7CAFEDFF8D480B0
:10318000324B00249D4214BFA946C1462646039BEC
:10319000A34213D8314606A8EEF776F8089C00261D
:1031A000039BB3422DD806A92846FFF71DFF0AB09E
:1031B000BDE8F087A368E7680293CAE7049B53F869
:1031C0002400FAF71FFD214B834214BF03464346F8
:1031D00099454FEA840A02D01D48F9F715FF0CB152
:1031E000029B1E44049B53F80A0000F00703022BC5
:1031F00005D1C008EDF754FF06440134C7E78068E5
:10320000FAE736B12046029A394616F009FF029BCA
:103210001C44049B53F8260000F00703022B0CD13A
:1032200005A9C008EDF753FF01462046059A16F0A0
:10323000F7FE059B01361C44B2E78368C16805931D
:10324000F3E700BF5C2806087C3206086C1D060800
:1032500050D205080431060870B500F00703022BB0
:1032600086B004460D4626D101A9C008EDF72FFF10
:1032700006462846FAF7A4FD019B8342054617D26D
:10328000014602A8EEF700F82A462021049816F01D
:103290000BFF019A0498AD1A314600EB550016F069
:1032A000BFFE2046FAF7AEFC02A9FFF79DFE0446DA
:1032B000204606B070BD8368C6680193D9E7000058
:1032C0002DE9FF47824608680E46FAF79BFC7168B5
:1032D0008046FFF711FF306800F00703022B39D159
:1032E00002A9C008EDF7F3FE0446706800F007037A
:1032F000022B33D103A9C008EDF7E9FE8146029AFB
:10330000BAF1020F04EB02072FD9B368062B2AD0BB
:10331000012100914046214601F0C0FF0546BAF167
:10332000030F0AD0F368062B07D001220092214632
:10333000029A404601F0B2FF0746039B6BBB791B24
:103340002846EEF7C7F80130400040F0010004B015
:10335000BDE8F0878368C4680293C6E78368D0F845
:103360000C900393CBE72546D9E72546E5E7494688
:10337000284616F0C5FE38B901343546039AAE1812
:10338000BE42F4D96000E0E7D04504D12846EEF70C
:103390008BF80646F1E76E1CEFE7DFF808A0002483
:1033A000ECE700BF3431060801F00703022BF7B544
:1033B0000646084609D101A9C008EDF788FE044673
:1033C000019B33B90E2003B0F0BD8B68CC6801932C
:1033D000F6E7144B9E4202D0134B9E420DD1274676
:1033E000002517E015F8010BB0470028EAD0019A34
:1033F0002B1B9A42F6D81E20E5E72546F7E717F87B
:10340000010BEEF781F828B117F8010CB04705461B
:103410000028D7D0019A3B1B9A42F0D8002DEAD160
:10342000D0E700BF691502087D1502080146014872
:10343000FFF7BABFF514020801460148FFF7B4BF11
:103440000915020801460148FFF7AEBF1D15020825
:1034500001460148FFF7A8BF691502080146014867
:10346000FFF7A2BF7D1502082DE9F04788B00522BD
:103470008046084601A9FAF7CFFE029904A8490838
:10348000EDF702FF019C029E069D2644B44209D33B
:10349000069B04A9ED1A40460595FFF7A5FD08B067
:1034A000BDE8F087274617F8019B4846EEF722F85B
:1034B000E0B9BE4202D10E48F9F7FAFB4846EEF7F2
:1034C00037F80028F7D094F801A05046A71CEEF773
:1034D0002FF80028EFD04846EEF76AF80446504629
:1034E000EEF766F840EA041005F8010B3C46CDE71C
:1034F0007CD20508884230B512D20378303B092BC4
:103500000ED8002313600A2510F8014B303C05FB50
:1035100003438142136003D00478303C092CF3D973
:1035200030BD012A13B50C4613D100F00703022B5E
:103530000BD101A9C008EDF7CAFD019B63604223CE
:103540002060A360002002B010BD83680193C068B2
:10355000F3E70120F7E700002DE9F04198468F18C6
:1035600004460D460B4600229F4206D8002A14BF8F
:103570002226272632461E490FE013F8011B272971
:1035800003D02229F0D12726F4E70122ECE715F831
:10359000012BB24205D1174932462046D0F7F4FA42
:1035A00005E05C2A0CD114492046CFF733FFAF4227
:1035B000EDD8324620460E49BDE8F041D0F7E4BAD6
:1035C0001F2A08D97F2A04D0B8F1000FD3D01306E0
:1035D000D1D50A49E1E70A2A01D10949E4E70D2AD0
:1035E00001D10849E0E7092AF3D10749DCE700BF28
:1035F0008BD205088AD205088ED205089AD2050812
:1036000091D2050894D2050897D2050870B50D46E9
:10361000164916460446CFF7FDFE2E44AE4205D8A5
:1036200020461249BDE87040CFF7F4BE15F8012BD3
:10363000222A01D05C2A04D10D492046D0F7A4FAF1
:10364000ECE71F2A01D90B49F7E70A2A04D10A49F6
:103650002046CFF7DFFEE1E70D2A01D10749F7E762
:10366000092A01D10649F3E70649E6E795D005089E
:103670008AD205088BD2050891D2050894D2050894
:1036800097D20508A1D2050801F00703022B73B5F4
:103690000446164608460DD101A9C008EDF717FDEE
:1036A0000546032E0AD1019A29462046FFF7AEFFB0
:1036B00002B070BD8B68CD680193F2E7042ED4E9A7
:1036C000000303D1019A29469847F1E704490122F2
:1036D0009847019A012329462046FFF73DFFE7E777
:1036E0009ECF05082DE9F0479942DDF820A08046DD
:1036F00091461E4613D3BAF1000FA1EB0304D6BFC7
:1037000025460025002408EB050732464946384681
:1037100016F0F6FC20B1A54201D05544F3E700278E
:103720003846BDE8F08700002DE9F04F87B08246AB
:10373000086803930D469346FAF764FA69680746EA
:10374000FFF7DAFC286800F00703022B3ED104A93A
:10375000C008EDF7BCFC0446686800F00703022BC4
:1037600038D105A9C008EDF7B2FC8146049ABAF138
:10377000020F04EB020834D9AB68062B2FD00121CD
:1037800000913846214601F089FD0646BAF1030F43
:103790000AD0EB68062B07D0012200922146049A3A
:1037A000384601F07BFD804646450AD8A8EB060165
:1037B000059BCDF800B04A463046FFF793FF01461F
:1037C00088B9039BEBB11048F9F772FA8368C468B3
:1037D0000493C1E78368D0F80C900593C6E72646AA
:1037E000D4E72646E0E7094B9F4208D12046EDF793
:1037F00064FE400040F0010007B0BDE8F08F001B00
:10380000F7E74FF0FF30F7E7A8D205083431060894
:1038100000230122FFF788BF00234FF0FF32FFF79C
:1038200083BF01231A46FFF77FBF01234FF0FF320A
:10383000FFF77ABF2DE9F04F042891B00C4635D13F
:10384000C868FAF7BDFA78B340EAE07320680493D9
:10385000FAF7D8F961680690FFF74EFC0698A16860
:10386000FFF74AFC206800F00703022B21D109A9C9
:10387000C008EDF72CFC8346606800F00703022BBC
:103880001CD10AA9C008EDF722FC0590A06800F041
:103890000703022B17D10BA9C008EDF718FC039002
:1038A000DDE909329A4213D9206866E04FF0FF3310
:1038B000CCE78368D0F80CB00993DDE783680A93FE
:1038C000C3680593E2E783680B93C3680393E7E754
:1038D0000026DDE90973002B42D126B10B9A03992A
:1038E000304616F09DFB0B9D4FF0010AD8461CE0B8
:1038F0000BB909F10109A9EB080726B13A4641467F
:10390000701916F08DFB2F4426B10B9A0399F0190C
:1039100016F086FB0B9D0A9B3D44099F09EB0308AB
:103920005F44A7EB08070AF1010A049B9A450DD0F2
:1039300067B101220A9B00923946059A07934046D7
:10394000FFF7D0FE079B81460028D1D166B9E9195F
:10395000BAF1000FA8D00CA8EDF796FC0E9EB8E7C0
:103960004FF0000A5546C1E741463A46701916F035
:1039700057FB06980CA9FFF737FB11B0BDE8F08F95
:10398000F8B50E46014610201446FAF72FF9054601
:1039900084607EB121463046EDF75EFA6860601CB7
:1039A000ECF766FC22460746E860314616F038FB25
:1039B00000233B552846F8BD08B5EDF7B7FAC0001F
:1039C00040F0020008BD000010B50446D0E9011027
:1039D000EDF7F5FD014610B90448F8F755FB21460F
:1039E0000348BDE81040FFF7FFBA00BFE420060817
:1039F0003431060801460148FFF7F6BA34310608AB
:103A000001460148FFF7F0BA0431060838B50D4603
:103A10000446EDF7D4FD014610B90948F8F734FB28
:103A200029462046EDF734FA30B92A4621460548A2
:103A3000BDE83840FFF7A4BFC00040F0020038BD29
:103A4000E420060834310608F0B5074687B00D4675
:103A50001E4614460AB1F9F757FE062221462846AB
:103A6000F9F7B2FD002D44D0012D0FD16A46102187
:103A700002A8EDF719FC316868462246FAF7D6F835
:103A800002A93846FFF7B0FA07B0F0BD30688307E7
:103A900026D10268184B9A4222D14468D0E90265C7
:103AA00024B931462846EDF7D7F904463146284671
:103AB000EDF785FD014610B91048F8F7E5FA3146F3
:103AC0002846EDF7E5F918B1C00040F00200DBE749
:103AD00039461020FAF78AF8C0E902654460D3E756
:103AE00002A90522FAF798FBDDE90201FFF78EFF34
:103AF000CAE70A20C8E700BF04310608E420060828
:103B0000012807B50B4606D10B68009340F20A5313
:103B1000019302206B46014600220348FFF794FF01
:103B200003B05DF804FB00BF3431060810B504464D
:103B300016F0F8FA01462046BDE81040FFF766BFD0
:103B40000A4601460148FFF71BBF00BF04310608C3
:103B500070B5024608680C4681078CB00ED1036828
:103B60003A498B4230D03A498B420BD100F00703DF
:103B7000023A012A0AD93748F9F746FA00F0070352
:103B8000022BF5D0012A27D03348F5E7022B1DD1AF
:103B900008A9C008EDF79BFA0546206800F0070366
:103BA000022B17D1C008EDF76FFA044624B9089923
:103BB0002846EDF751F904462449089E1020FAF7EB
:103BC00015F8C0E9026544600CB070BD8368C56833
:103BD0000893E2E74468E9E7C3070BD5411002D533
:103BE0000020F9F765F808A8EDF74EFB08A8FFF7E5
:103BF00007FFE9E701A9FAF70FFB20B1DDE90101B1
:103C0000FFF79EFFE0E72068FAF700FA78B9102185
:103C10000DEB0100EDF72AFB206808A9F8F7F4FC8A
:103C200004462046F8F764FD20B904A8DFE74110F8
:103C300004A8EFE7FAF7C4F8FF2801D90748D0E74E
:103C4000C1B204A8EDF790FBEBE700BF0431060812
:103C50003431060821D00508B5D20508BBD20508C5
:103C6000084608B519460AB1F9F74EFD18B1BDE886
:103C70000840FFF76DBF014808BD00BF642E06086D
:103C8000012807B50BD10B68009340F20A5301934A
:103C900069460220FFF75CFF03B05DF804FB0028D3
:103CA000F8D10148F8E700BF642E060810B40B4CA9
:103CB0000346A342084604D15DF8044B1146FFF7C2
:103CC000A5BE074CA34204D15DF8044B1046FAF799
:103CD000E9BE5DF8044B1146FFF732BF34310608E8
:103CE0006C1D0608F0B585B005460C461746F9F779
:103CF00089FF05F00703022B064615D1E80869463F
:103D0000EDF7E5F90546042F26D1A307009818D151
:103D10002268124B9A4214D101AA214602F072FE87
:103D200030B90F48F9F792F9AB680093ED68EAE70C
:103D3000DDE901123046521A2944FFF7B7FF05B0FA
:103D4000F0BD0146002322463046FAF717F9285CF9
:103D5000400040F00100F2E70020F0E72C2E0608BA
:103D6000B2CF05082DE9FF4102AB0C460193244B6D
:103D70000093043101230138F9F752FC2068F9F768
:103D800041FF002180460846FDF7DCFF054620681C
:103D900000F00703022B0ED103A9C008EDF797F935
:103DA0000146039E0E44B14225D20B46B3421C4647
:103DB00005D100270FE08368C1680393F1E71A7803
:103DC0000A2A04F1010314D00D2AEFD163780A2BDB
:103DD0000CBF022701279DF80820631A07FB023257
:103DE0004046FFF763FF01462846FDF720FDE11935
:103DF000D9E70127EFE7284604B0BDE8F08100BF0E
:103E00005C2E06082DE9F04F81468BB010680C46F9
:103E10001646F9F7F7FE012C07903FD07168FFF7BF
:103E20006BF9706800F00703022B32D109A9C008B2
:103E3000EDF74DF90390099B0593306800F00703F7
:103E4000022B30D109A9C008EDF741F98046B9F13C
:103E5000010FDDF824A0CDF810A04FF0000409BF39
:103E60004FF0FF3301230AF1FF3506931CBF069381
:103E70000025A3462746049BD3B9BBF1000F29D1E7
:103E8000234B2448079A9A4208BF0A200BB0BDE88A
:103E9000F08F83680993C3680393CCE706230593E7
:103EA0001D4B0393C9E78368D0F80C800993CEE7D4
:103EB000012305990398009308EB0502FFF712FC14
:103EC000A8B9BBF1000F18D1B9F1000F08D10AF160
:103ED000FF342F46621CD21B524512D13068D5E701
:103EE000B9F1010F2C460AD02F464FF0010B069B6B
:103EF0001D44049B013B0493BDE72C46F7E75F4656
:103F0000E8E7079808EB0701FFF7D0FEBEE700BF20
:103F100034310608642E0608542E06080A46014667
:103F20000220FFF76FBF0A4601460020FFF76ABF75
:103F30000A4601460120FFF765BF00002DE9F04366
:103F400089B005460C469146F9F75CFE21460646C7
:103F5000FFF7D2F805F00703022B12D103A9E808F6
:103F6000EDF7B5F8074604F00703022B0DD104A9BD
:103F7000E008EDF7ACF88046049B5BB92248F8F7FF
:103F800097FEAB68EF680393EDE7A368D4F80C8065
:103F90000493F1E71D4A1E4B2046964208BF0A23B0
:103FA000B9F1010FCDE9053307930CBF05950795CE
:103FB000F9F728FE864205D0049A41463046FFF7BD
:103FC00075FE0446049B0399CDF80090424638469E
:103FD000FFF788FB88B1C51B2A4639463046FFF7F4
:103FE00065FEDDE90321521A2944CDE90504521B7F
:103FF00039443046FFF75AFE079005A9032001F027
:10400000D7FB09B0BDE8F083C6D2050834310608F5
:10401000642E06080122FFF791BF4FF0FF32FFF731
:104020008DBF2DE9F34100F00708B8F1020F0446F7
:104030000D4601F007070DD1022F05D1431A584252
:10404000584102B0BDE8F081C008EDF71DF8064602
:10405000686805E0022F4668FAD1C808EDF714F841
:1040600026B118B1B04201D00020EAE7B8F1020F42
:1040700016D1E0086946EDF72AF80446022F13D15D
:1040800001A9E808EDF723F80146DDE900239A428B
:10409000EAD1204616F034F8B0FA80F04009D0E7B3
:1040A000A3680093E468E9E7AB68E9680193ECE78B
:1040B00008B500F00703022B0DD0830709D1026871
:1040C000064B9A4205D1BDE80840D0E90210ECF752
:1040D0002DBFFFF701F8C00808BD00BF3431060846
:1040E00000F00703022B07B50CD0830708D1036843
:1040F0001A7B2AB103EB82031A69074B9A4208D054
:10410000FEF7EAFF01A9C008ECF7E1FF03B05DF894
:1041100004FBC068FAE700BF01420308F0B50C4693
:1041200089B0074615462068052201A9FAF774F8F8
:10413000029B33B91C4B1D489D4208BF0A2009B0A1
:10414000F0BD012F4FEA430613D96068013B1E44BE
:10415000FFF7C6FF0446314604A8EDF795F801982D
:104160000699029A013A06D204A92846FEF73CFFB6
:10417000E5E70024EFE7067833099F2E88BF273351
:1041800030330B7010F8013B03F00F03092B88BF8D
:10419000273330338E1C4B701CB112B123788B70D7
:1041A000CE1C3146DEE700BF34310608642E060817
:1041B000014AFFF7B3BF00BF3431060800F0070320
:1041C000022B13B50C460CD0830708D103681A7B69
:1041D0002AB103EB82031A69084B9A4209D0FEF711
:1041E0007BFF01A9C008ECF772FF019B236002B0BE
:1041F00010BD83680193C068F7E700BF0142030860
:104200002DE9F04F9BB0212806460D460992144631
:1042100001F0070840F018821046F9F7F3FCC37B61
:104220009BB12046F9F7EEFC06462046F9F7EAFC7A
:10423000C37B06EB8306AB4B32699A4205D1D4F8B7
:1042400004B004F1080A00240AE014F003032DD19D
:104250002168A54A91424FF0010B0DF1240AF2D1D9
:10426000B8F1020F27D10BA9E808ECF730FF059051
:10427000AF0725D19D4B2A68D61A734273410EAA07
:10428000102112A80693EDF70FF8059A0B9B15461F
:1042900002EB03094FF00008A94513D8002C40F0A9
:1042A000C881C34500F0C581914822E04FF0010B61
:1042B0000DF1240AC7E7AB680B93EB680593D7E7CA
:1042C0000023DCE72978252904D012A8EDF74CF863
:1042D0000135E1E76F1C4F4527D26978252904D1C4
:1042E00012A8EDF741F83D46F2E7282926D114B986
:1042F0008048F8F789FEA81C01460F4617F8013BD5
:10430000292B14D1091AFFF757FB01462046FBF76A
:10431000BFFA4FF0010806460022079220223B46D2
:104320000492002799451D460AD8734802E0894542
:1043300002D17248F8F7BCFC3946DEE70026EBE70D
:1043400013F8012B2B2A18D00CD8202A18D0232A96
:1043500019D000230C932B782A2B54D1C34515D8A0
:104360006748C6E72D2A05D0302AF2D147F010075A
:104370000492D7E747F00107D4E747F00207D1E7F7
:1043800047F00407CEE708220792CBE708F10103C4
:104390005AF828000893F9F713FD089B0C90013593
:1043A00098464FF0FF33A9450D93BED92B782E2B9D
:1043B00014D1681C8145B8D96B782A2B2AD1C34502
:1043C000CED908F101035AF828000893F9F7F8FC50
:1043D000089B0D9002359846A945A6D92EB9D84517
:1043E000BED25AF8286008F101082B78472B19D85B
:1043F000442B00F2C580059A42494348AD1A009506
:104400001A46F7F74AFE28460CAA4946FFF772F803
:104410000546C6E700230DAA49460D93FFF76AF843
:104420000546D9E7A3F15802D1B22029E3D8202AC2
:10443000E1D801A151F822F01B460308F743030815
:10444000F7430308F7430308F7430308F743030858
:10445000F7430308F7430308F7430308F743030848
:10446000F7430308BD4403084D450308814503088D
:104470008145030881450308F74303084D450308B8
:10448000F7430308F7430308F7430308F743030818
:10449000F74303089D450308F7430308F743030860
:1044A000B9450308B9450308F74303084D45030818
:1044B000F7430308F74303081B46030806F0070306
:1044C000022B05D0B0072ED13368104A93422AD16F
:1044D00016A93046FFF772FE169A012A014619D036
:1044E0000B4806E7A15603084420060804310608D5
:1044F00020D30508D2D20508ECD20508DBD2050886
:10450000E2D2050804D3050808210608343106085C
:10451000F0D205080C9B0193202300933B460EA884
:10452000CEF788FFD4E63046FEF70CFD60B130468A
:10453000F9F746FC0C9B0193202300938DF858005B
:104540003B46012216A9EAE78D48D2E6B10709D118
:1045500033688C4A934205D13046FBF7DBFEFCF70B
:104560007FFC06460D9B03930C9B0293049B0A223F
:10457000CDE90073612331460EA8CEF7D5FFA7E63B
:104580003046F9F773FC0D9B297801930C9B00933F
:104590003A46049B0EA8CFF7D5F899E6079B0BB1D6
:1045A00047F088070D9B03930C9B0293049B082202
:1045B000CDE900736123DEE710AA102116A8ECF7FD
:1045C00073FE2B78722B24D0069B23B3B20722D123
:1045D00032686D4BD31A5A425A419200314610A8A4
:1045E000F9F724FB17990D9A0C9B019332EA2202EA
:1045F00028BF0A468A424FF02003009328BF0A468C
:104600003B4618990EA8CEF715FF16A8ECF758FEF2
:104610005EE60122E2E70022E0E70D9A03920C9A9F
:104620000292049A0192079A17430097173B1022AF
:10463000A1E75548554B069A12A9002A08BF18460B
:10464000FEF7D2FC04461BE00846F9F7DBFAB8F1A6
:10465000020F074618D110A9E808ECF738FD80468C
:104660001D2E26D1204612A9F9F784FB044638B145
:10467000129B002B0DDC454B454C9F4208BF0A2482
:1046800020461BB0BDE8F08FAB68D5F80C801093C6
:10469000E6E7109916A85943ECF7F6FD189B00932E
:1046A000109A129B0121404602F099F916A938464A
:1046B000C6E72046F9F7A6FA874218D104F00703A7
:1046C000022B0FD116A9E008ECF701FD8146DDF8B9
:1046D00058A01B2E2AD01CD8042E48D90E2E25D027
:1046E0000024CDE7A368D4F80C901693EFE7264B8F
:1046F0009F4209D1012216A92046F9F78DFD002815
:10470000EED0DDE9169AE4E7242EE9D12046FEF743
:10471000E3FC242EE4D101230093109953464A462A
:104720004046FEF7DFFF00BB0E24A9E7109BA3B1B4
:10473000BAF1000F17D0109916A85144ECF7A4FD58
:10474000109A1898414615F06BFC1898109B524629
:104750004946184415F064FCA8E72046F9F752FAD8
:104760008742E5D18CE72C468AE71E2488E7109A19
:10477000CDF800A04B464146304602F082F9D2E720
:10478000FBD20508EC24060804310608343106087B
:10479000642E06082DE9F74F054608680C46F9F720
:1047A00031FA012D814628D9022D676826D0A068EC
:1047B000F9F706FB064600210846FDF7C3FA8046D6
:1047C000206800F00703022B1BD16946C008ECF7F4
:1047D0007EFC0446009D062F25443AD1AC42274674
:1047E00027D238780134ECF785FE0028F6D1AF42A5
:1047F0001FD2002E5ED03C460EE006274FF0FF365B
:10480000D9E78368C4680093E4E7A2461AF8010B6D
:10481000ECF770FE10B95446AC42F6D1E21B3946B3
:104820004846FFF743FA01464046FDF700F8AC4220
:1048300008D3404603B0BDE8F08F38780134ECF778
:1048400059FE10B1AC422746F7D1002ECFDD013E14
:10485000CDE739464846FEF74FFC384601A9FFF739
:10486000ADFC019F8346A7B91748F8F721FAAA467D
:10487000AAEB040221464846FFF718FA01464046D3
:10488000FCF7D5FFAA45D4D2002E0AEB070400DDC1
:10489000013E002EEBD0A2460AEB07039D42E6D371
:1048A0003A465946504615F02BFC0028E0D00AF154
:1048B000010AF1E73946EA1B4846FFF7F7F90146D6
:1048C0004046FCF7B4FFB4E7C6D205082DE9F04F27
:1048D000022885B006460D4604D805B0BDE8F04F65
:1048E000FFF758BF0868F9F78DF98346D5E9000747
:1048F00000F00703022B12D102A9C008ECF7E7FB76
:104900008046A868F9F75CFA041E0DDA294630469D
:10491000FFF740FF0546284605B0BDE8F08F8368E5
:10492000D0F80C800293ECE704F10109002148461D
:10493000FDF708FA062F054602D12848F8F786FB4E
:1049400003A93846FFF73AFCDDF80CA00090BAF155
:10495000000F02D12248F8F7ABF9029E4644A6EBBD
:104960000A074CB147450BD300995246384615F01B
:10497000C7FB08B1013FF5E74745EB6800D3F4B941
:10498000A6EB080241465846D5F80CA0FFF78EF971
:10499000A7004AF82400002CBDD0A9EB0404E86865
:1049A000A6003246C11915F06BFB6A68E868121B55
:1049B00092000021304415F077FBAC60ABE7F21BAE
:1049C000A2EB0A0207EB0A0158460193FFF76EF9C2
:1049D000019B3E4643F82400013CC0E72FD3050865
:1049E000C6D205082DE9F0430D6805F00703022B38
:1049F00085B00E461746A0F102083ED103A9E8088B
:104A0000ECF765FB0446B8F1000F21D02846F9F712
:104A1000F9F8039AB8F1010F814604EB020508D0BA
:104A2000F368062B05D001210091214600F036FCE9
:104A30000546B368062B07D0012200922146039A4F
:104A4000484600F02BFC04462D1B25EAE57503952E
:104A50007368DDF80C909A0706F1040811D1196803
:104A6000144A91420DD15E6803F108080025B54251
:104A700009D10E2005B0BDE8F083AB68EC68039364
:104A8000C1E70126F2E703A958F82500FFF796FBD6
:104A9000039A01464FB1A9EB0200914503D320448C
:104AA00015F02EFB18B10135E1E73846F5E71E2079
:104AB000E0E700BF7C3206080022FFF793BF012227
:104AC000FFF790BF2DE9F04F2DED028B95B00D460D
:104AD00005909146102108AA0CA89A46ECF7E4FB31
:104AE0009FED738A4D450AD30CAB0FCB059C84E830
:104AF0000F00204615B0BDEC028BBDE8F08F2F46AD
:104B000017F8011B7D290DD1B94508D969787D2990
:104B100005D10CA8ECF728FC3D460135E2E76548D5
:104B2000F8F7C6F87B2903D00CA8ECF71DFCF4E7D6
:104B3000B94532D969787B29EBD07D2933D0212939
:104B400010D03A292FD03A469145154625D01378F2
:104B50007D2B02F1010203D0212B20D03A2BF3D17F
:104B6000A84623E03D460027B8466B1C994518D956
:104B70006E78A6F17203012B13D80235A9450CD922
:104B80002B783A2B26D16B787D2B05F101041ED0B2
:104B9000224601234A4515460AD34748C0E7A8469E
:104BA000E3E74648BCE73D460027B8460026E7E76E
:104BB00012F8011B7B2901D10133EBE77D29E9D1F3
:104BC000013BE7D12B787D2B06D03D48A8E7A145D6
:104BD000E3D925460024F5E7002F43D00023387899
:104BE0001093ECF79BFCC8B93B4643459B4605D266
:104BF00013F8012B2E2A01D05B2AF6D1ABEB07016B
:104C00003846FEF7D9FE0022074601462298F8F7FB
:104C1000C9FD28BB2B483946F8F720FADAF80030EE
:104C2000002B01DD28487BE710AA41463846FEF7F5
:104C300061FC209A109B013A9A42834603D823498B
:104C40002348F7F721FA0133219A52F823704FF0E5
:104C5000FF33CAF80030C34514D21E48F8F7F6F9FE
:104C60004768F8E7DAF80030002B01DA1A4857E70E
:104C7000209A013A9342E2D20133219A52F82370EA
:104C8000CAF8003064BB16B1733E18BF01260AAAE9
:104C9000102110A8ECF708FB394632460AA8F8F7AD
:104CA000C5FF0E4810A9FEF79FF907461AE000BF9E
:104CB0000000C8423ED305085ED3050859D3050855
:104CC0006FD305087022060878D305089ED305081F
:104CD00094220608A5D30508B3D305083431060885
:104CE000002ED1D14FF0FF3307930A93002C00F030
:104CF000AD80F8F759FC229B0293219B0193209BE6
:104D000000932A465346214610A8FFF7DBFE10A861
:104D1000ECF71BFB119A90F80080831883460493EC
:104D2000B8F1000F70D0B848414615F04DFA002890
:104D300059D00BF1010B00269BF80020A2F12001B5
:104D4000C9B20D2964D842F60104CC4014F0010424
:104D500008D02B2A5AD0A2F120014A424A4194009D
:104D60000BF1010B9BF80020232A04BF0BF1010B70
:104D700044F008049BF80020302A0CD1B8F1000F51
:104D800006D13846FEF7F2F8002818BF4FF03D086C
:104D9000002E08BF302607AA04995846FEF7AAFB42
:104DA00002782C2A034601D05F2A02D144EA422429
:104DB00001331A782E2A05D1581C04990AAAFEF745
:104DC00099FB034693F800B0BBF1000F07D08F4862
:104DD0000493594615F0F8F9049BD8B101331B78B8
:104DE000D3B18B489CE69BF8016056B186483146AA
:104DF00015F0EAF938B132460BF1020B46469046FF
:104E00009AE7B04698E78046464695E70224A7E72A
:104E10000024A7E78346E2E710A8ECF751FAB8F1BF
:104E2000000F08D13846FEF7A1F800280CBF4FF05C
:104E30003C084FF03E08002E08BF202614F0060F55
:104E40000CD0BBF1730F04D1724869E6A346264625
:104E5000E8E7BBF1630F01D16F4861E6B8F13D0FA0
:104E60002AD0B8F15E0F2AD0B8F13C0F01D144F03E
:104E700001043846FEF766F8002800F09980BBF17F
:104E8000780F10D8BBF1610F1CD8BBF1470F4FD87A
:104E9000BBF1440F00F28C80BBF1000F71D0BBF16D
:104EA000250F00F085803846F8F7B8FE5B490346C9
:104EB0005A465B48F7F7F1F844F01004D9E744F09C
:104EC0002004D6E7ABF16203162BECD801A252F80E
:104ED00023F000BF4B4F0308654F0308834F0308BF
:104EE000B14F0308B14F0308B14F0308A74E0308A1
:104EF000A74E0308A74E0308A74E0308A74E0308B2
:104F0000A74E0308834F0308954F0308A74E0308D5
:104F1000A74E0308A74E0308A74E0308A74E030891
:104F2000A74E0308A74E0308A74E0308374F0308F0
:104F3000BBF1580FB7D100230393079B0094CDE931
:104F400001631022ABF1170307E000230393079BD3
:104F50000094CDE9016302226123394608A8CEF707
:104F6000E3FADAE53846F8F72BFF079B8DF84000A7
:104F7000CDE900630122234610A908A8CEF75AFA0A
:104F8000CBE500230393079B0094CDE901630A223C
:104F90006123E2E723074FF000030393079B48BF19
:104FA00044F08004CDE90163009461230822D4E732
:104FB0003846FDF7DBFF002845D0BBF1000F31D0AC
:104FC000BBF16E0F2ED0BBF1250F2ED0BBF1240FFD
:104FD0007FF669AFBBF1470F11D8BBF1440F7FF6E5
:104FE00062AF3846F8F742FF0A9B0193079B009394
:104FF00022463346594608A8CEF7A4FB8DE5ABF10F
:105000006503022BEDD94EE7D9D30508DED3050899
:10501000EED30508F3D30508FFD305080ED4050821
:10502000082106084FF0670BDBE73846F8F71EFF4C
:105030000A9B0193079B009320EE080A334644F035
:1050400040026621D7E7B8F13D0F01D10D4867E571
:10505000BBF1000F03D0BBF1730F7FF424AF10A995
:105060003846FFF7ABF8109F0A9A079B32EA2202F4
:1050700028BF3A46BA42CDE900630146234628BF1D
:105080003A467AE71CD4050870B505460868164606
:1050900000F00702022A8AB00C4617D104A9C00802
:1050A000ECF715F80146049A009500230A4405938D
:1050B00006A805ABCDE90146FFF704FD2068F8F727
:1050C000A1FD06A9FDF790FF0AB070BD8268C16816
:1050D0000492E8E707B501A9FFF770F8019903B05A
:1050E0005DF804EBFEF768BC044B0B60044BC1E9B0
:1050F00001300023CB600846704700BF942A0608A1
:105100000551030873B50546806800F00703022BBC
:1051100015D101A9C008EBF7DAFFEC68019A9442B7
:1051200011D204442046ECF7BFF9061B3146204655
:10513000FEF742FCEB683344EB6002B070BD83685D
:105140000193C068E9E70020F7E701F00702022AAF
:1051500013B5044608460AD101A9C008EBF7B7FF0A
:10516000042C08D0052C0CD0002002B010BD8A6899
:10517000C8680192F4E7019B002B0CBF0E201E2093
:10518000F3E70199ECF7A6F9400040F00100ECE7E5
:1051900001F00703022B2DE9F341044615460846AA
:1051A0000ED101A9C008EBF792FF0646032D019A24
:1051B0000AD131462046FEF729FA02B0BDE8F08157
:1051C0008B68CE680193F1E725B9636820683146A2
:1051D0009847F2E706EB020833460022434504D322
:1051E000002A14BF2227272706E013F8011B2729CE
:1051F00005D02229F2D127273A461F490DE0012286
:10520000ECE73046ECF735F905463046ECF74CF95B
:10521000AF42064605D119493A462046CEF7B4FCBE
:1052200005E05C2D0BD116492046CEF7F3F8B045CA
:10523000E7D811493A462046CEF7A6FCBDE7A5F1CE
:1052400020035E2B01D82A46D7E70A2D01D10D494C
:10525000EAE70D2D01D10C49E6E7092D01D10B49F3
:10526000E2E7FF2D2A4601D80949D6E7B5F5803F88
:1052700034BF08490849D0E78BD205088AD205080F
:105280008ED2050891D2050894D2050897D2050858
:105290009AD20508A1D2050831D40508F7B51E46F3
:1052A0002C4B9DF8207098420D46144602D02A4B94
:1052B000984208D13B4632462146F8F75FFE054446
:1052C000284603B0F0BDF3070CD57610019601997E
:1052D000002905EB040228DA013A00201346B9B987
:1052E000551CEDE701A93046F8F744FD0028EED142
:1052F0003046F8F793FC194902461948F6F7CDFEF7
:105300001B7803F0C003802B02F1FF320AD1134651
:105310009542F5D900B10191002FD1D11149124820
:10532000F6F7B2FE01310120D8E70024954205D3FB
:1053300004B10191002FF1D01546C1E70139BFD367
:10534000681C0124054601302B7803F0C003802B34
:10535000F8D0EBE7043106086C1D060838D40508C0
:10536000502106084FD4050894220608F0B585B0F0
:1053700004460D461746F8F745FC04F00703022BD8
:10538000064616D1E00803A9EBF7A1FE0446042F58
:105390004DD1AB0732D12A68274B9A422ED1EA6809
:1053A000062AD5E9013708D0032A06D02348F7F7A3
:1053B0004DFEA3680393E468E9E7062B1AD00122A7
:1053C00000922146039A3046FFF768FF0546062FF4
:1053D000039A11D00123009321463B463046FFF744
:1053E0005DFF854225D8421B29463046FEF75EFC0C
:1053F00005B0F0BD2546EAE7A018F2E70023039ABE
:10540000009321462B463046FFF748FF90F90030C5
:105410000278002B08DB0121FEF7CEFAE8E7013124
:105420005B081A42FBD1F7E740230121F9E700208E
:10543000DEE70A20DCE700BF2C2E0608B2CF050805
:105440000229F8B5044605D0042923D001291CD12E
:105450000020F8BD5668012E10D0022E10D000207A
:10546000156829182CBF0127002766B1002D0ADA1C
:10547000884238BF0021A1601160E9E78068EFE74A
:1054800041684868ECE7002FF5D016221A604FF00B
:10549000FF30DEE74068EBF728FF00236360D7E7C3
:1054A00030B4064B064D074C0A460968A94208BFAE
:1054B0001C46214630BCCEF767BB00BF56D405085A
:1054C0009C31060869D4050808B510B90148F7F7FA
:1054D000EFFB08BD7BD405082DE9F8434568044679
:1054E000284698460F461646FFF7EEFF2B7B6BB11A
:1054F000D5E90109EAF7BCFE6368A86000221A73C7
:105500009868E26049465A6814F08AFDA568AD19AA
:1055100022D26068D0E90018A94203D24160691A1A
:10552000EBF708FFA268424507D963689868A2EBC9
:1055300008020021404414F0B7FD63689868A3682E
:1055400032461844394614F06BFD6368A5605A680A
:10555000AA4238BF5D6004E01B23C8F800304FF05A
:10556000FF363046BDE8F8837FB50D460146102072
:105570001E46F8F73BFB0023C0E902330446002D2A
:105580003FD03068C50705D4810713D102681E4B90
:105590009A420FD1F8F714FC0025EBF79BFE6060F0
:1055A0004DB30023DDE901122046FFF795FF0023EC
:1055B000A36020E0052201A9F8F72EFE336803F06E
:1055C0000702022A0AD09A0718D11B681A7BAAB1CF
:1055D00003EB82031A690D4B9A420FD11020EAF7B0
:1055E00047FEDDE901216060EBF756FE6368029A31
:1055F0005A603368E360204604B070BD029801250C
:10560000CBE71020C9E700BF442706080142030882
:105610002DE9F0414768054638460E469046FFF7AB
:1056200053FF7C68AB689C420FD9E41AB9684445C3
:1056300028BF444619442246304614F0F1FCAB68BA
:105640002344AB602046BDE8F0810024FAE7000067
:1056500038B5456804462846FFF736FF2068064BF4
:10566000064CD5E90121064DA84208BF1C4620463C
:10567000BDE83840FEF71ABB34310608043106088D
:105680009C310608D0E902120346486882423FBFB7
:10569000901C013251F82000DA6028BF00207047CA
:1056A000044B0B60044BC1E901300023CB6008467A
:1056B000704700BF942A060885560308032A2DE97F
:1056C000F84304460F46154612D11749CDF7A2FEFE
:1056D000D4F8088007F1040900267B68B3420ED88D
:1056E000032D19D111492046BDE8F843CDF792BEEC
:1056F0000F49DFF84880CDF78DFE0125EAE71EB19E
:1057000041462046CDF786FE59F8041F2A4620461A
:10571000F8F78CFA0136E0E7012B03D10549204662
:10572000CDF778FE0449DEE7ADCF05088FE3050825
:1057300036D205088FD4050893EC0508AFCF0508CD
:10574000024608680B46083050F8041C01F012BAF3
:105750000A46083050F8041C01F040BA052870B51C
:105760000D461DD0062807D004281CD14B68002BFD
:105770000CBF0E201E2070BD0C4C01236A685E1CFD
:10578000013B9A4203D8600040F00100F3E755F86E
:1057900026100620F6F7D2FC334604EB6004EDE752
:1057A00048684000F0E70020E5E700BF4032060807
:1057B00070B50C46064690B1851CAD0009492846D7
:1057C000F8F714FA46604CB1083D2146031D254404
:1057D00051F8042B43F8042FA942F9D170BD0248B7
:1057E000FCE700BF7C320608403206082DE9F04194
:1057F0000C462046114602221E46F7F7E5FE6CB322
:105800003568AB0703D12A68154B9A4217D0102090
:10581000EAF72EFD002104463068F6F7F5FE002574
:10582000804604274046F6F763FF064650B92846EF
:105830002146FFF7BDFF05462046EAF741FD284611
:10584000BDE8F081BD4205D3F9002046EAF72BFD03
:105850007F00044644F825600135E3E7014DEEE79B
:105860007C3206084032060810287FB504460E46F2
:1058700015460CD007D8042848D90E2821D000247A
:10588000204604B070BD1B281BD01D28F7D103A9EA
:105890002846F8F76FFA0028F1D0039B002B33DD80
:1058A000706800215843FFF783FF00F1080300935D
:1058B0000446039B7268042106F1080001F08FF88A
:1058C000DEE72846F8F79EF9214900F051FF00284D
:1058D000D5D06B68706800211844FFF769FF7268C3
:1058E00000F1080306F1080104469200184614F07E
:1058F00097FB6A6803467068920005F1080103EBA4
:10590000800014F08DFBBBE7124CB9E71046F8F7A6
:1059100079F9C37B2BB100EB83000F4B02699A42EC
:1059200006D028460A4900F0C8FF05460028A6D040
:105930006B6800932046726805F1080306F10801C0
:1059400001F0D3F800280CBF0E241E2498E700BFF6
:105950007C32060840320608A1560308042A7FB5A7
:1059600004460D462BD111F0030640681DD10A688C
:10597000144B9A4219D101AA01F044F810B9124807
:10598000F7F764FBDDE901303146C01AFFF710FF7D
:105990000199426808340546920004EB8101083001
:1059A00014F03EFB284604B070BD2A460146002391
:1059B0002068F8F7E3FA023054F82050F2E70025A7
:1059C000F0E700BF2C2E0608B2CF0508F8B50E464A
:1059D000124B134988421ED08288920503D430604E
:1059E00001242046F8BD847C002CFAD000EB840012
:1059F000006902689A42EDD1476800F1080505EB9D
:105A000087070024BD42ECD255F8040B3146FFF75E
:105A1000DDFF0444F6E70024E3E700BF7C3206081C
:105A2000E4290608F7B50C46054654F8047B002324
:105A300001A9386801931646FFF7C8FF019832683C
:105A4000037A00EB8303D2081E69691E2346B04720
:105A50003861062003B0F0BD2DE9F047DFF8F08093
:105A6000DFF8FC9005460C46AB6873B1A288900540
:105A70000BD4E15C21B90F2B07D112F4C07F04D005
:105A8000EB6804221A60BDE8F087E37C53B304EBB3
:105A9000830369681869C900002241F002010430DB
:105AA000F7F780FE0246E8B12B7C28683BB1EB6833
:105AB000526801460020BDE8F047F6F741BA68B1E8
:105AC000A38899050AD4224B9C4207D00069214B38
:105AD000984203D120492148F6F7D6FAEB6852687C
:105AE0002146E8E72B68ABB9A37C002BCBD004EBB5
:105AF00083031C6923684B4509D1264656F8047F69
:105B000004EB8707043756F8044FB74214D84445CE
:105B1000AAD1B8E72A7C002AE6D1A2889205E3D46C
:105B20004445E1D01869EA686968F6F749FAEB6814
:105B30001B68002BD8D0A6E74445E4D02146284670
:105B4000FFF78AFFEB681B68002BDCD09BE700BFE8
:105B5000E42906087433060891D4050824230608AE
:105B60007C3206082DE9F043166887B007461546D3
:105B7000002E30D1D0E90132CDE90121A1F111028D
:105B8000514251419A7C0495C9008DF814600391EB
:105B9000CAB103EB82031969174B0A689A421DD1F7
:105BA0000C46DFF85C9054F8048F46450BD054F84F
:105BB000041F494501D10136F7E701A8FFF74CFF63
:105BC0002B68002BF7D02B687BB1042B03D10B4B38
:105BD0002B60BB686B6007B0BDE8F083084B99424F
:105BE000F1D001A8FFF738FFEDE70549039301A8BD
:105BF000FFF732FFEFE700BF7C3206087433060878
:105C0000E4290608F0B589B001AF002603901322FD
:105C10000F2304460D460168019603A8CDE904232D
:105C20007E6006978DF81C60FFF716FF019848B15B
:105C3000042816D12069F7F7E5FF83881B0606467E
:105C400002D5206909B0F0BD1DB91020EAF710FB9C
:105C50000546F37B206906EB83062946336998479E
:105C6000F0E73A4631463046F6F75CFBEAE70000DB
:105C700041F2A263984273B50C4602D1012002B0F2
:105C800070BD41F25A639842F8D08B070FD00A4E8C
:105C90000025204616F8011B01236A46F6F7D2F9C3
:105CA00000980028EAD10135032DF2D1E7E70A6810
:105CB000024B9A42EBD1E1E7AC320608CC2A060847
:105CC0002DE9F041136886B004461646002B49D1F1
:105CD000172905D1C388DB0043F00203336019E0C4
:105CE000B1F5337F19D1C37C5BB100EB8303186935
:105CF000384B002808BF184603799D0703D530604C
:105D000008E03448F8E7F9F736FE3060037943F0ED
:105D10000203037106B0BDE8F081B1F5327F15D101
:105D20002D48844210D0A37C13B104EB830318697F
:105D30000190840703D10268284B9A42DFD001A961
:105D40000120FFF735FDDAE72548D8E7CDE9010165
:105D5000CDE903320146012301A88DF81430FFF785
:105D60007BFED7E7C37C002BD4D000EB83031F69F5
:105D70003B799807CED4D2F80480C900043741F0AB
:105D80000205B8F1000F09D1022229463846F7F77B
:105D900009FD0028BED0C6F80080BBE7A38899079C
:105DA0000ED441462846FFF763FF48B1A388DA07BF
:105DB00003D50C490C48F6F767F943F00203A380BA
:105DC000012229463846F7F7EDFC7368436000234B
:105DD00084E700BFA8200608E42906087C320608EC
:105DE00040320608AFD4050824230608CA880149B2
:105DF000CDF7CABED8D4050838B5044608461146C2
:105E00004FF002121D46F7F7DFFB0820EAF730FAE1
:105E10002B68C0E9004338BDF0B505468BB00E468F
:105E20001446EAB1042A0CBF0F221C220023CDE93C
:105E30000133099305A80E232968059501AFCDE923
:105E40000364079308970692FFF706FE019804285B
:105E500008D1286922463146F8F7B2F90BB0F0BDF7
:105E60000B22E3E70028F9D05CB1042C0CBF012021
:105E700002203A460021F6F755FA042C18BF0620F6
:105E8000ECE70120F5E700002DE9F0411646126825
:105E90008CB005460C46002A78D1CF0047F00207A7
:105EA00000F10408019039464046F7F77BFC10B139
:105EB0004368336011E0B4F5337F11D198E80700EF
:105EC000704B079308AB83E8070007A8F9F753FD69
:105ED0003060037943F0020303710CB0BDE8F08138
:105EE000CDE909068DF82C00296807A8CDE90754EB
:105EF000FFF7B2FD306860B32B689B889A07ECD53A
:105F000010F0030413D102685F4B9A420FD1FCF7E3
:105F10003BF90068062803D15C495D48F6F7B4F800
:105F200001AB22460121F6F79FF93060D5E703AABD
:105F3000B721F6F745F8039B002BCED001980590CA
:105F4000F7F760FE03AA069000210220F6F7EAF9AF
:105F5000EBE70E2CC1D0B72CBFD0D52CBDD0B12CC7
:105F6000BBD0A4F2D323012BB7D940F2CB239C4260
:105F7000B3D0019803AA0E21F6F722F8039B002B59
:105F8000ABD0059703AA00210120DFE701687768FD
:105F90008B889B0761D50023CDE9070401AA07A8D8
:105FA000CDE90133CDE909328DF82C30FFF754FDEE
:105FB0000198002836D010F003081AD10268324B3D
:105FC0009A4216D1FCF7E0F8CDE903574FB9806843
:105FD000062882D003AB3A460121F6F745F90023A3
:105FE00067E7406806283FF478AF03AB42460221DA
:105FF000F3E703AA5FB9B121F5F7E2FF039B93B181
:10600000059503AA00210120F6F78CF9E7E7D521D1
:10601000F5F7D6FF039B9BB10595069703AA0021D0
:106020000220F1E767B903AA40F2CB212846F5F731
:10603000C7FF039B93B1E40044F002040594E0E73A
:1060400003AA4FF435712846F5F7BAFF039B7BB1DD
:10605000E40044F002040594DFE74FB9E1000222B6
:106060001143281DF7F79EFB00283FF436AFB6E733
:10607000E100012241F00201281DF7F793FB476080
:10608000ADE700BF44200608CC2A0608E5D4050881
:10609000242306082DE9F0411D4B1B5C88B0CDE997
:1060A00003130C23002504460E460DEB030009687C
:1060B00000956F46CDE90537CDE9015590468DF83D
:1060C0001C50FFF7C9FC009B042B0DD131694246DF
:1060D0002046F6F7F5FD03460E4A934200D1002311
:1060E000184608B0BDE8F081002BF8D06A46294672
:1060F0000120CDF80880F6F715F9242C0346EBD1E2
:10610000F7F7A2FF00280CBF0E231E23E4E700BF11
:1061100034330608042E060870B5244B0D46195C6E
:1061200088B0CDE9035101AA0B210023CDE9051266
:10613000064629688DF81C3003A8CDE90133FFF726
:106140008BFC019C042C07D129693046F5F7F6FF3A
:106150000446204608B070BDCCB120462946F6F76B
:10616000D7F8062E04460CD0082EF2D1C207F0D480
:10617000830703D102680E4B9A42EAD00020F6F75B
:1061800043FFF7F729FE400040F00104E1E7062E47
:10619000DFD1B3232968049303A8FFF75DFC019BBB
:1061A000002BD6D16D0045F00104D2E76633060816
:1061B0004427060870B5151E88B00C4614BF1B2175
:1061C0001D21CDE9034101AA09210023CDE90512D2
:1061D000064621688DF81C3003A8CDE90133FFF78E
:1061E0003BFC019B3BB935B91B23216803A8CDE9D2
:1061F0000435FFF731FC0198042816D12069F9F71E
:10620000F7FD80B13DB12368D888EAF754FF014615
:106210003046CDF7FFF845F0800221693046F7F7A8
:1062200005FD08B070BD2A46F7E728B12146F6F70C
:106230006FF800220146F1E72046F7F7EFFC03492B
:10624000024623463046CDF79FFCEAE7F2D4050824
:1062500038B50D4604460B49CDF7DCF869680022D5
:106260002046F7F7E3FC08492046CDF7D3F8A968A4
:1062700020460022F7F7DAFC20460449BDE8384002
:10628000CDF7C8B804D50508AFCF0508E3D4050895
:1062900070B5057A25B9C28805490648F5F7FDFEAF
:1062A00000EB85042469A446BDE87040604700BF48
:1062B0000DD5050850210608F0B589B00E46012419
:1062C00010210023CDE90441039001688DF81C30B2
:1062D0000546174603A801AACDE901330692FFF748
:1062E000BBFB019B042B0CD12869F7F78BFC037CCB
:1062F00000EB83003A46036928693146984709B0A4
:10630000F0BD2046FBE700002DE9F04F0D4687B0B9
:1063100011462846774A1C46F7F756F9012D03D057
:10632000032D07D0744813E0206807B0BDE8F04F94
:10633000F7F768BC2068FDF7BBFED4E9017817F0D9
:106340000306814603D13A686C4B9A4202D0002082
:10635000F6F75AFE4046F9F715FA0028F7D0394605
:10636000DFF8D4B151F8040F4FF4077AB04208D1E6
:106370000EB3BB685D7C15B103EB85031D690B2370
:106380001BE051F8043F9D07E1D11A685A45DED160
:106390001A7A22B9DA885A495A48F5F77EFE9A885D
:1063A000940541BF42F0010402F002029C804AEAD7
:1063B000020A0136DAE735460A23002D18BF0133F9
:1063C00005339800E9F76DFF4F4B43614F4B8361F5
:1063D0004F4BC3614F4B03624F4B43624F4B836242
:1063E0004F4BC3624F4B03634F4B836003F1043346
:1063F000C360092303744D4B43630A230446C0F86A
:1064000000B0A0F804A0A0F80690C374C0F83880CB
:106410004EB10B23012E837408BFBF68C76315B14B
:106420000C23437405641022002102A813F03CFEE3
:10643000002502AEA946D8F808309D4207D301A92D
:106440002046FFF7C3FA01282DD9394880E7D8F84C
:106450000C7057F835004FEAC50B07EBC50A00B3BF
:1064600004281ED0A3889B0708D4DAF80410FFF78D
:10647000FFFB18B1A38843F00203A380DAF80400FD
:1064800057F80B70324640F2D321F5F799FD736847
:106490003BB11020E9F7ECFEB060C0F80890F7605F
:1064A000B6680135C7E70022C22108F10400F7F7FA
:1064B00079F9054678B1436813F003020BD11B68E4
:1064C000D98840F27233994205D1031D0121194840
:1064D000FFF792FC686002AA95681DB9204607B0D4
:1064E000BDE8F08F946000210220F5F71BFF2A46DB
:1064F000F2E700BF0600020058D505087C32060806
:1065000020D5050850210608D5650308B5610308A4
:106510003D6503081961030895600308895E030857
:10652000195E0308055C030801020304B96203084D
:1065300036D50508C832060810330608F0B58BB00A
:106540000D46164609210A22CDE90612059001687A
:1065500003AA04461F4605A80023CDE90333089289
:106560008DF82430FFF778FA039838B92046F7F70A
:1065700055FB0B4902460B48F5F78FFD042807D160
:1065800020693B4632462946F5F76EFE0BB0F0BD5A
:106590000499009733462A46F8F74BFBF6E700BF0D
:1065A000F9CC05085021060838B50446FFF70EFA65
:1065B0000546043021468000F7F718FB0021044609
:1065C0000430F7F7B9F80DB1014B2361204638BD0F
:1065D000743306082DE9F0478AB00DF10C09002448
:1065E00007460D4616460146182205A89846082378
:1065F000CDE906230394C9F804400594CDF8209012
:106600008DF82440FFF728FA0398019408B1042874
:1066100024D101A93846FFF7C7FF04460023112201
:10662000394605A8CDE90333CDE906230594FFF7E4
:1066300013FA039B002B58D055EA060139D14A467C
:106640000846F5F76FFE0746062F4ED03846F7F797
:10665000E5FA2E4902462E48F5F71FFD55EA0602D7
:106660000ED102AB01210297F5F7FEFD044620464C
:10667000F7F7C8FA8742D1D020460AB0BDE8F087C4
:1066800005EB46040134A4002046E9F7F1FD221F82
:106690008246414640F8047B13F0C2FC03985346FF
:1066A0003246691CF5F7E0FD04465046E9F708FE5E
:1066B000DDE705EB46070237BF003846E9F7D8FDAE
:1066C000039B0360049B43608146A7F10802414697
:1066D000083013F0A5FC4A4631462846F5F722FE5D
:1066E00007464846E9F7ECFDAEE701980028C3D01D
:1066F0002269084B9A42BFD1037A00EB83033246EA
:106700001F6929464346B8472061B5E765D50508A6
:10671000502106087433060800B589B009210A2201
:10672000CDE9041200230168039001AA03A8CDE972
:10673000013306928DF81C30FFF78EF9019800386E
:1067400018BF012009B05DF804FB00001FB5074B1E
:1067500001934B6802930A468B680393014601A894
:10676000F5F732FE05B05DF804FB00BFF032060815
:106770002DE9F041154D164E0F46B8421FD010F0CE
:1067800003031ED10268AA421BD1837CDBB100EB5C
:10679000830000690368B342EFD1044654F8043F14
:1067A00000EB830000F1040854F8040FA045E4D97D
:1067B0003946FFF7DDFF0028F6D0BDE8F081012063
:1067C000FBE70020F9E71846F7E700BF103306089B
:1067D0007C3206082DE9F3418B070646019112D160
:1067E0000B68124A934211D0114A93420BD14F6861
:1067F00001F10804DFF840800025BD4209D10E20D8
:1068000002B0BDE8F0810B48F6F7FEFB01AC0127B2
:10681000F0E754F82510414505D03046FFF7A8FFB2
:1068200008B90135E9E71E20EAE700BF1033060882
:106830007C32060880D50508E429060838B51C46D0
:106840000546084611464FF00412F6F7BDFE606893
:10685000F7F7D8F90A4B2168984208BF6068FFF73C
:10686000B9FF0E2802D10020F6F7CEFB0C20E9F785
:10687000FFFCD4E90012C0E90051826038BD00BFBE
:1068800010330608820708B503D10268044B9A4208
:1068900002D00448F6F7B8FBBDE80840FFF79ABFFE
:1068A0001033060894D5050810B50C46F7F7AAF979
:1068B0002146BDE81040FFF78DBF38B50D460446B0
:1068C000F7F7A0F9854204D02946FFF751FF10B130
:1068D0002469204638BD0446FBE72DE9F041002637
:1068E000074600F1040834467B68B34202D82046CC
:1068F000BDE8F08158F8040FF5F7FAFE054650B1EF
:1069000024B921467868FEF753FF0446B31C0136CC
:1069100044F82350E8E70446E9E700002DE9F04198
:106920000C460546114620460D4A9846F6F74CFEA1
:10693000A01C29468000F7F759F90746054647F895
:10694000044F0026A64202D12846BDE8F08158F83F
:1069500026000021F5F758FE013647F8040FF1E74D
:10696000FEFF010070B504460D46F7F74BF9837B37
:1069700000EB8303294620461B69BDE870400422D2
:10698000184770B504460D461646F7F73BF9837B6A
:1069900000EB83033246294620461B69BDE8704060
:1069A000184770B504460D46F7F72CF9837B00EBCA
:1069B0008303294620461B69BDE870400022184722
:1069C00070B50D460446F7F71DF9037B00EB830015
:1069D0002A46036921462420BDE870401847F8B5CF
:1069E0001D46069B074602FB01F40026AE4200D17D
:1069F000F8BD18462246394613F012FB03462344DD
:106A00000136F3E70B4610B5144601461846FCF76D
:106A10001FFAA068002809DA6268236801329A42E6
:106A200062600ADC431E5842584110BDFAD0D4E9D6
:106A300000329342F6DD6360F4E70133FBE72DE9B2
:106A4000F0418F68D1E90048002106460846FBF76F
:106A500079F9002F054611DA444502DA2846BDE8E7
:106A6000F08156F824102846FAF7E1FE3C44F3E79B
:106A700056F824102846FAF7DAFE3C444445F7DB82
:106A8000ECE770B50446022C049E1546184610D15A
:106A9000B24226D1034608461946AE42324628BFC6
:106AA0002A4613F02DFB022C0ED1B0FA80F04009DB
:106AB00070BD2CB1032C05D033461D461646E9E7C0
:106AC0000124EAE70424E8E700280ADB0BD1AE4200
:106AD00003D02CBF01200020EAE7601E18BF012070
:106AE000E6E70020E4E70120E2E72DE9F04702288D
:106AF000DDF820800446174604D1424508D0002026
:106B0000BDE8F087B8B1032817D04246B84617460B
:106B10001A460B461146B845C2461D4628BFBA461E
:106B20000E464FF00009D14509D1B8451DD02CBF04
:106B300001200020E4E70124EDE70424EBE73168BD
:106B40002868F7F721FB20B10435043609F1010963
:106B5000E9E7022CD3D032682968E0B2F6F7B0F842
:106B6000A0F11E0358425841CAE7601E18BF012019
:106B7000C6E700002DE9F0478046186816461D4616
:106B80000F46F7F73FF8022ED5F804A0814613D937
:106B9000AA6801233946F7F7F1F9032E044606D017
:106BA0003946EA6801234846F7F7E8F90746A7425D
:106BB00004D80948F6F77CF80024F8E758F82400D0
:106BC0005146F7F7E1FA08B90134F0E7600040F008
:106BD0000100BDE8F08700BF9DD505082DE9F04113
:106BE000002507460E4690462C46B54204D160006B
:106BF00040F00100BDE8F08157F825004146F7F765
:106C0000C3FA01350444F0E703685A7C03EB8203BE
:106C10001869704707B50546FFF7F6FF86680C460A
:106C200026B10A4601AB0C212846B0472046F6F7AC
:106C300035FA2DE9F041044686B00868FFF7E4FF15
:106C4000012C0D4606462AD94C686410601C26D0DB
:106C5000214602A8EAF70AFB621C02D0631EBCB1FF
:106C60001C46012102A8EAF765FB37680146804609
:106C700001AB28680122B847411C21D101990B2999
:106C80001BD1039B012B11D0012102A8EAF7D4FBF1
:106C9000337BDB0702A81AD5FCF796FE0AE0102129
:106CA00002A8EAF7E3FA4FF0FF34D5E702A8EAF7C3
:106CB00007FB062006B0BDE8F0812868FFF7AAFFB1
:106CC0000028E1D098F800300A2BC5D1E0E7FCF7A6
:106CD00097FEEFE737B50446FFF796FF0421856876
:106CE00001AB00222046A847013003D1019920467C
:106CF000FFF790FF062003B030BD08B50868FFF726
:106D0000E9FF062008BD37B50446FFF77DFF0121E6
:106D1000856801AB00222046A847013003D10199C4
:106D20002046FFF777FF062003B030BD37B50021BE
:106D300001900846FBF706F8044601A90120FFF779
:106D400078FF0546F7F780F920B129462046FAF783
:106D50006EFDF2E7204603B030BD2DE9F0471E4638
:106D600081461546FFF750FF9DF82070D0E900835B
:106D700017F0020F4FF000048A4618BF984634609F
:106D800007F001072DB133462A4651464846C04711
:106D900010B92046BDE8F087431C07D133680B2BA0
:106DA000F7D1002CF5D000233360F2E7002FF1D1AA
:106DB00082442D1A0444E5E72DE9F043012889B007
:106DC0000E4690461DD137683846FFF71DFF4FF439
:106DD0008071054604A8EAF749FADDF818804FF4F7
:106DE0008079002641462C6803AB4A463846A047C6
:106DF000411C3BD103990B2935D1002E47D10620E8
:106E000076E04868F6F7DCFF0546681CDBD03068A2
:106E1000FFF7FAFE037BDA0707462C46294604A84B
:106E200074D5EAF723FA0027002C5ED0214604A887
:106E3000EAF780FA00230093014603AB306822464C
:106E4000FFF78BFF039B80464BB3214604A8EAF76C
:106E5000F3FA03990B296CD1059B002B45D104A8AB
:106E6000EAF72EFACBE73846FFF7D4FE78B1814532
:106E7000064403D9A9EB00098044B3E74FF48071BD
:106E800004A8EAF741FA4FF480798046AAE72B7B01
:106E90000596DB0704A829D4FCF7B2FD28E084425C
:106EA0001CD8DDE90541C857CB5D00283A4622DAF7
:106EB00003F0E000C02820D003F0F000E0281ED04E
:106EC00003F0F803F02B14BF052304231F44A7424B
:106ED00017D805F1FF35E6D12C46A5E7211A04A8FD
:106EE000EAF7AAFAB8F1000FDBD104A8FCF76CFDB1
:106EF00009B0BDE8F0830123E8E70223E6E70323B6
:106F0000E4E72C1B013C3C4417468DE7EAF7BCF94B
:106F1000CDF8008003AB069930682A46FFF71DFFC5
:106F2000039B43B104A8EAF7CBF903990B293FF47B
:106F300066AF306898E73B7B0590AAE70022FFF731
:106F40003BBF0122FFF738BF73B50446CDE90012FD
:106F50001D46FFF759FE022186682B466A462046E9
:106F6000B047431C18BF009802B070BD73B5064609
:106F700048680C46F6F724FF032E05460DD0002D79
:106F800012DB002201AB20682946FFF7DDFF431C1E
:106F90000DD101992068FFF73DFEA068F6F710FFBC
:106FA00002460028EBD0EDE71620F6F777F8FAF75F
:106FB0001AFA02B070BD1FB50123019001A9032088
:106FC000CDE90230FFF7D2FF05B05DF804FB000009
:106FD00010B50C46F6F716FE437C73B100EB830048
:106FE000E107006901D503683BB1A20701D54368F9
:106FF0001BB1630705D583681BB902490248F5F741
:1070000043F810BDA3D50508042206081FB5009358
:1070100003AB0446FFF7A1FE039921B10B2907D06A
:107020002046FFF7F7FD400040F0010004B010BD1E
:107030000620FBE77FB512F0020F0D4616460CBF87
:1070400002220122044642F00402686801A9F7F70F
:10705000E3F8032C11D1A868F6F7BEFE0024029ACB
:107060000199121B82420292334628BF02462144F4
:107070002868FFF7CBFF04B070BD042C0BD1A868C3
:10708000F6F7AAFE0446E868F6F7A6FE029B9C42C5
:1070900028BF1C46E3E700244FF0FF30DFE7022261
:1070A000FFF7C8BF0322FFF7C5BF0022FFF7C2BF2B
:1070B0000122FFF7BFBF0223FFF7A8BF13B501905E
:1070C00001A90120FFF7B5FD0446F6F7BDFF002832
:1070D00014BF2046002002B010BD0000402810B5AB
:1070E0000B4633D00DD800F0FD003C2809D16229B1
:1070F00018D848294FF0010106D8422B31D0482B2F
:1071000054D02F48F5F7D4FDA3F14900C0B201FADD
:1071100000F040F2C94420424DD1622B21D0512BC6
:10712000EFD111E0A1F16403DBB20D2BE9D801210D
:1071300001FA03F313F4927F3DD113F0120F35D10E
:1071400042F201000342DCD0082030E062291AD864
:10715000482908D8422903D0482925D00129D0D16F
:107160000121084623E0A1F14900C0B2012101FA42
:1071700000F040F2C94420421FD1622BF1D0512BC4
:10718000BFD10821EDE7A1F16403D9B20D29B8D828
:1071900001238B4013F4927F0CD142F201010B4288
:1071A000EFD113F0120FACD00221DAE7022002B1C6
:1071B000116010BD04210420F9E70421D1E700BFCC
:1071C000AED50508512808B52CD8412803D8012888
:1071D00057D0002051E042380F28FAD801A353F8C5
:1071E00020F000BF83720308D3710308D371030832
:1071F000D3710308D3710308D37103088D72030898
:1072000093720308D3710308D371030893720308C0
:10721000D3710308D3710308E1720308E77203080E
:10722000AF7203086238C3B20F2BD2D80F28D0D860
:1072300001A353F820F000BF79720308D37103084B
:10724000CF720308D3710308BF720308D371030818
:1072500087720308E7720308D3710308D371030828
:10726000E7720308D3710308D3710308D3710308CD
:10727000D37103089F7203088856400040F0010054
:1072800030E0885CF9E731F91200F6E731F81200D6
:10729000F3E7BDE8084051F82200FAF7A4B801EB83
:1072A000C201BDE80840D1E90001FAF771B801EB6D
:1072B000C201BDE80840D1E90001FAF784B801EB4A
:1072C000820191ED000ABDE80840F8F7BBBF01EB71
:1072D000C201D1E9000122F035FD00EE100AF2E70B
:1072E00051F8220008BDBDE8084051F82200FAF725
:1072F0005FB800BF70B50446084652B9621E134419
:107300004FF0FF3510B193F90010C8170146002265
:1073100009E00125F6E71E78090241EA10612B44D5
:1073200046EA00200132A242F5D170BD2DE9F347B3
:107330008246904601AA1E680F469946FFF7CEFE88
:10734000BAF1400F09D1019BA6EB08065A1E16445C
:107350005B421E4046444FF03C0AAAF13E046242A2
:1073600006EB000362415A2FC9F8003094BF002198
:1073700001213346FFF7BEFF4F2F0D4642D0532F5A
:1073800004D102B0BDE8F047FCF7D0BB652F08D1AF
:1073900000EE100AB2EE400A02B0BDE8F047F8F77E
:1073A00051BF662F02D100EE100AF5E7642F04D119
:1073B00022F0C8FC00EE100AEEE75A2F12D910F1A5
:1073C000804441F10005B4F1004F75F1000504D28D
:1073D00002B0BDE8F047F9F7EBBF02B0BDE8F047F7
:1073E000F9F7D6BFB0F1804F75F1000104D202B0B9
:1073F000BDE8F047F9F7F7BF294602B0BDE8F0470E
:10740000F9F7E1BF02B0BDE8F08713B50446019378
:10741000104601AB29B92246194612F001FE02B00E
:1074200010BD23441444A242F9D013F8011D02F800
:10743000011BF8E72DE9F04786B01446DDF83890D7
:1074400003AA0646D9F8005088469A46FFF746FE3A
:10745000402E074608D1039BA5EB0A055A1E15448A
:107460005B421D4055443C26A6F13E02EB19C9F88B
:107470000030D2F1000949EB0209B8F1650F1FD0C5
:1074800014D8B8F14F0F23D0B8F1640F2AD0A30756
:1074900045D122682B4B9A4241D12B463A46494668
:1074A0002046F9F7ADFE06B0BDE8F087B8F1660FEB
:1074B000EDD12046F6F7DAFC8DED010A019C07E0DC
:1074C0002046F6F7D3FCB3EE400A10EE103A9CB219
:1074D000042F384623462A46494628BF0420FFF792
:1074E00094FFE0E72046F6F7C1FC10EE100A22F008
:1074F000D1FB06ABCDE9040103EB89032A4653F81F
:10750000083C49460420FFF780FF3E3E18BF012695
:1075100006AB03EB8606043556F8084CD8E7204640
:10752000F6F74EFC042F0446D2D90028B4BFFF2141
:1075300000212846082212F0B7FD3E2E08BF043570
:10754000C6E700BF4427060810B50446712C18464C
:1075500007D8612C06D8012C50D0423CE3B20F2B47
:1075600026D910BD623C0F2CFBD801A353F824F0A0
:10757000FD75030863750308277603086375030820
:10758000157603086375030801760308357603084A
:10759000637503086375030835760308637503088C
:1075A00063750308637503086375030807760308AA
:1075B0000F2CD6D801A353F824F000BFFD750308A3
:1075C000637503086375030863750308637503082F
:1075D00063750308017603083576030863750308AD
:1075E000637503083576030863750308637503083C
:1075F0006375030835760308077603088854B0E7F7
:1076000021F81200ADE701EBC203C41741F83200C4
:107610005C60A6E707EE900AF8EEE77A01EB8202DB
:10762000C2ED007A9DE701EBC20422F021FBC4E920
:10763000000196E741F8220093E700BF64282DE996
:10764000F04106460F4614461D4621D0662816D046
:107650004F2829D013F0030829D11A68194B9A42F0
:1076600025D1424601464020FFF738FD414600FB48
:10767000047302462846BDE8F041F9F7C1BD18463B
:1076800001EB8204F6F7F2FB84ED000ABDE8F0811D
:10769000184601EBC204F6F7E9FB10EE100A22F0DF
:1076A000F9FAC4E90001F1E741F82230EEE7284693
:1076B000F6F786FB2246034639463046BDE8F041E0
:1076C000FFF742BF4427060881680348C900022229
:1076D0001143F6F767B800BF840000202DE9F04F92
:1076E00085B0044600AF18460E46BA2198461546A6
:1076F000F8F7CEF80022814641F2826108F10400D9
:10770000F6F750F807F10C0180464846FCF756FDA5
:10771000FB6801460344B8F1000F00D0013C4CB9AE
:1077200099420AD11C491D48F4F7AEFC13F8012D0B
:107730002E2AF3D09942F9D3F2E7D5F800905A1ADD
:1077400002EB090404F1080323F00703ADEB030D7A
:107750006B4668467A604FEAD30B04F1010A12F0D7
:107760005FFCE8467A68B9F1000F09D02E23501C5F
:1077700002F83B3031684A46684412F051FC5446E6
:1077800021464046E9F7D2FBE9F795FC1437306013
:107790002C60BD46BDE8F08FB9D50508DC2206088F
:1077A00010B5E9F7D2FD08220849044612F0E0FCC2
:1077B000024630B9014604F10800BDE8104003F06C
:1077C00089BA2046BDE810400BF046B8CDD5050873
:1077D00030B5D20085B00D4642F0020240F2CD2114
:1077E0000446F4F7EDFE0C4B626819690291D96802
:1077F000039168460949C3E90322E8F7D7FC002250
:1078000021462846F4F700F8F4F750FD0120E8F788
:10781000D5FC05B030BD00BF34000020C5BD020856
:107820000A6870B5D20005460C4642F0020240F2EA
:10783000CD21F4F7C5FE6B6820461A46BDE87040BE
:107840000121F4F739BD0000F0B5044685B00846C3
:107850000E46E9F77AFD1F490822054612F088FC1A
:1078600008BB05F108076A4601A9384603F032FA59
:10787000019B012B04D100992046FFF7D1FF10E0B6
:10788000022B10D1009D95E8030004F1080383E862
:1078900003003846E9F7EEFBA96802462046FFF7E9
:1078A00097FF05B0F0BD2846E9F7E4FB73681D4477
:1078B000074615F8033C6D2B07D102A90294F4F793
:1078C00075FADDE902013A46E9E7EBF791FC01467A
:1078D000D2E700BFCDD5050810B50446FFF760FF1D
:1078E00002280ED06168012202392046E9F78CFD9A
:1078F0006D2303702046FFF753FF831E5842584103
:10790000400010BD10B50446FFF74AFF012808D01B
:1079100020460449E9F76BFD2046BDE81040FFF71B
:10792000DBBF10BD37D905082DE9F04F0646032E01
:107930000868B1B00D4609D9042ED1F80CA01DD0AD
:107940000C69641005D50020F5F7B2F900244FF05A
:10795000060A03A9FCF732FC0490BCB1784B012E57
:107960001B690ED96A68062A0BD0930703D11168E8
:10797000744B994204D00020F5F746FB0024E8E759
:10798000134603AA04A92046FFF7A8FE039B002B79
:10799000D9D00023DFF8A8B101251C469846039AE8
:1079A000AA4207D2BAF1060F0CBF4046204631B0BA
:1079B000BDE8F08F049E02D0725D2E2A23D12946A5
:1079C00030460193E9F7B2FA019B0746E91AF0182D
:1079D000E9F7ACFA06AA064605A9DBF84401F6F772
:1079E00097FA059B8BB1F9005748002241F002013C
:1079F000F5F7D8FE48B1D0F80490B8F1000F08BFF1
:107A0000C8466B1C4C460135C9E710AA80210CA85A
:107A1000E9F742FC002C3DD121463046FAF79AFAAC
:107A200081460028E9D1DBF8440108AA07A9F6F746
:107A30006FFAA146079B99450BD301213046FAF70F
:107A400089FA81460028D8D1404941483A46F4F79E
:107A500024FB00230D93089B09A953F82900FCF788
:107A6000ADFB099A014632B10CA8E9F7EDFB2F21D5
:107A70000CA8E9F780FC3046E9F71DFB01460CA88D
:107A8000E9F7B5FC0CA8FFF73DFF034610BB09F171
:107A90000109CFE7204609AA4FF43471F4F790FAB0
:107AA00009980028D0D0FCF71BFB01460CA8E9F789
:107AB0009EFC2F210CA8E9F75EFC3046E9F7FBFAA3
:107AC00001460CA8E9F793FC0CA8FFF71BFF03463F
:107AD0000028B9D038460193FAF71AFA1D490B97D6
:107AE000814609A8E8F762FB019B012B22D1DDE961
:107AF0000D10FBF78BFF4FF4347102464846F4F744
:107B00005FFD15490D9F0CA8E9F771FC0CA8FFF764
:107B1000E3FE022803D10CA94846FFF795FE0D9716
:107B200024B14A4631462046F4F74AFD0020E8F7E2
:107B300045FB62E70CA94846FFF786FEF0E700BF69
:107B4000340000204420060884000020D6D5050813
:107B5000DC220608C97603082ED9050837B50C467D
:107B600001A92068FCF72AFB05466068FCF7A0FA2B
:107B70002946019A0023EBF72DFB0546A068FCF788
:107B800097FA512808D040F26F43984212D05028FB
:107B900012D00A48F5F78CF8012100231A4628462E
:107BA000F4F78AFB064904460820F6F71FF84460FC
:107BB00003B030BD0021F0E70221EEE7E6D505086D
:107BC000441E0608F0B5324B0128D3E903CE85B038
:107BD00015461AD94C68062C14D0A6070FD1226876
:107BE0002C4EB2420BD12646022810D08A68062AB3
:107BF0000DD0900703D11068264EB0422BD0002044
:107C0000F5F702FA66467446EEE7664674460F6874
:107C1000BA0722D13A6820498A421ED168461F49D4
:107C2000C3E90364CDE902ECE8F7C0FA786883079A
:107C300008D103681A4A934202D01A4A934201D1EA
:107C400043685C60F4F732FB04460120E8F7B6FABB
:107C5000204605B0F0BD1646D9E76DB93846FCF7A9
:107C600027FAEBF7C5FA012533462246294605B027
:107C7000BDE8F040F4F720BB694605223846F6F728
:107C8000CBFADDE900120023E220EBF7A3FAEBE7E1
:107C90003400002044200608441E0608C5BD020822
:107CA00088250608682506080222FFF78BBF0122F7
:107CB000FFF788BF0022FFF785BF70B506460D4667
:107CC00000246B68A34200D870BDAB6853F8341031
:107CD00021B1042902D03046F9F7A9FD0134F0E7BB
:107CE0002DE9F74338B94F494F48CBF793FB0620AE
:107CF00003B0BDE8F0830C6841F642739C424CD15E
:107D000000210846FAF71EF848490190FFF7D5FF11
:107D100047490198474EFFF7D0FF019F35786DB96D
:107D2000454A01A90120F9F765FE019BD3E90278D4
:107D3000FE1CB608AE4210D14049D5E7304612F0DD
:107D4000F1F9C11E04463046FBF760FE01340146DE
:107D50003846F9F76CFD2644E0E7A94658F82900B3
:107D6000FCF7BEF9B14401462F48CBF753FB4F4512
:107D70000DD9C0F11200002807DD044630492A4819
:107D8000CBF748FB013CF9D1E8E71230F3E72D4986
:107D90002548CBF73FFB0135CCE72046F5F732FF0E
:107DA000294905462048CBF735FB00212046F5F749
:107DB0005BFFEA8825491C48CBF7E6FE244B9D4231
:107DC00024D164680434002563689D428FD2A3687F
:107DD00053F8356003EBC502B6B1042E14D01D492B
:107DE00011485768CBF716FB00213046F5F73CFFEA
:107DF00019490D48CBF70EFB00213846F5F734FF43
:107E000010490948CBF706FB0135DDE7134B9D42CE
:107E100018BF2C46E37C002B3FF469AF04EB8304CE
:107E20002469CFE764B006089C4006083C29060890
:107E3000A828060868460608AC200608F5D50508F7
:107E4000C3E305088DE4050819D6050821D6050801
:107E5000C8290608C2E3050831D60508103306080C
:107E6000014B1869704700BF34000020014BD868EF
:107E7000704700BF340000202DE9F043174E85B055
:107E8000804600200C46D6F80C90F7F719FDF060FC
:107E900007462068F4F70AFAB8F1020F0546C6F85B
:107EA0000C9019D0A068F5F7ADFE06466368019303
:107EB00004F10801A8F10200FDF77AFC01ABCDE95D
:107EC0000207002203213046F4F7CEF9062D18BF31
:107ED000686005B0BDE8F083014EE7E7340000209C
:107EE0001033060801460720F4F728B9014606209A
:107EF000F4F724B90021F4F787BB1FB56946F4F7FE
:107F000083FB04462046F4F7F3FB10B91E2004B0AF
:107F100010BDF6F799F80028F4D10E20F7E71FB549
:107F20006946F4F771FB04462046F4F7E1FB10B90B
:107F30000E2004B010BDF6F787F80028F4D01E20FC
:107F4000F7E707B542F27263CDE9003000226946D7
:107F50000220FDF799F803B05DF804FB08B5F5F7CA
:107F6000CFFE00280CBF0E201E2008BD10B586B025
:107F7000F5F726FFB0F5881F044602D30848F4F74A
:107F800097FE01AA02A80421E9F786F9214602A872
:107F9000E9F7F1F9DDE90310FBF70EFD06B010BDBE
:107FA00036D605080A4601462320F4F789BE024664
:107FB00040F2D2612120F4F783BE024640F2CA614A
:107FC0002120F4F77DBE30B50B46012885B004466C
:107FD00018BF4C6818686946F4F716FB0546284632
:107FE000F4F786FB024610B9204605B030BD2146A5
:107FF0001B20F4F765FE0446F1E7000001281FB5D9
:108000000B4603D118680021F5F72EFE10216846B3
:10801000E9F72CF90A49684612F010FC032803D14D
:1080200008480021F4F730F8019919B9042801D162
:108030000548F7E76846FBF7C7FC05B05DF804FBA9
:108040003DE4050868240608002306082DE9F04FE2
:10805000924685B081468846002240F24A31504619
:108060001F46F5F79FFB054600B14568B9F1010FC2
:1080700049D1D8F800006946F4F7C6FA00248146D1
:10808000A346FFB24846F4F733FB064660B93CB955
:10809000224641F69A115046F5F784FBC0B1446878
:1080A000204605B0BDE8F08F45B131462846F4F7CB
:1080B0002FF9804624B93446C346E3E7B046F9E7D2
:1080C0005A4641463846F4F7FBFD1E28DAD1F2E75E
:1080D0000F48F4F7EDFD58F826B025B1594628466B
:1080E000F4F716F9834634B958F82640DA460136D3
:1080F0004E45F0D1D4E7524659463846F4F7E0FDF4
:108100001E28F4D1F0E700263446B246FFB2EFE76E
:108110004FD605080123FFF799BF0023FFF796BF4D
:1081200037B501A90546FCF749F805F00703022B0E
:10813000044605D0AB0712D12A680F4B9A420ED1E4
:1081400001992046E9F7C6F90128024601900ED1AF
:108150002046E9F78EF9F9F72BF903B030BD019A03
:10816000012A04D12078400040F00100F5E70349DE
:108170000348F3F792FF00BF3431060856D60508CE
:10818000502106082DE9F04188B005AC1B4B019445
:10819000884600210093064603230846F5F740FA77
:1081A00002210798FEF714FF079B03932146144B07
:1081B0000598069D0493FCF701F806A90746284692
:1081C000FBF7FCFF00240546B44208D10398069A49
:1081D0002946FEF770FF062008B0BDE8F08124B103
:1081E000059A03983946FEF766FF58F824100022D6
:1081F00003A8F5F71BFD0134E6E700BFB834060815
:10820000B770030810B586B004466A4602A810216C
:10821000E9F74AF8012221466846F5F707FD02A86A
:10822000FBF7E8FB06B010BD2DE9F0410C68E20752
:108230002DED028B06460D4605D4A30752D12268C8
:108240003C4B9A424ED1012E45D96868F5F7B8FDEE
:10825000021E40DA5242520042F001021521222051
:10826000F4F72EFD0522014605461F20F4F728FDF0
:108270002A46804621462120F4F722FD2146024667
:1082800007461C20F4F71CFD3A46064641460120ED
:10829000F4F716FDF5F7D8FEE0B94246394601205D
:1082A000F4F70EFDF5F7D0FE2A4638B1BDEC028B8F
:1082B00031461B20BDE8F041F4F702BD21461F20E6
:1082C000F4F7FEFC032201461820F4F7F9FCF5F759
:1082D000BBFE28B93446BDEC028B2046BDE8F081D8
:1082E0002A46E3E72046F5F7C1FD012EF0EE408A6D
:1082F00018D96868F5F764FD00EE900AB2EE040A3A
:10830000F8EEE00A10F06CFBB0EE408A28EE800A2E
:1083100011F080F980EE080ABDEC028BBDE8F04157
:10832000F7F790BF11F076F9BDEC028BBDE8F04194
:10833000F8F796BD44270608012813B50B461446E6
:1083400002D90848F4F760FE002201210648F9F737
:10835000E3FC2246019001A90120F9F74BFB0198AB
:1083600002B010BD6FD605085C28060813B5044698
:108370000846FBF79DFE002301466A462046F3F7B8
:1083800061FE009B002B0CBF0E201E2002B010BD12
:1083900037B50228D1E900508CBF8C680024FBF768
:1083A00087FE01466CB96A462846F4F70DF8009836
:1083B00020B1019909B1F6F77DFC0446204603B0CF
:1083C00030BD00236A462846F3F73CFEEFE738B598
:1083D000044608461546FBF76BFE2A460146204632
:1083E000F4F7EEF8062038BD08B50022FFF7EFFFDE
:1083F000062008BD0346012B10B508680C4606D1BF
:10840000F4F746F938B9044B186AF4F731FEF4F77B
:108410006FF900B9606810BD340000200246022ADE
:108420000B46D1E9000104D10A4601462220F4F7A7
:1084300047BC9A68F8F73CBF062813B5044614D029
:10844000012201460A48F5F7F1FB0A490848CAF734
:10845000E1FF0423CDE90034074B08485A7B03EBC6
:10846000820308211B696A469847062002B010BDA6
:108470009C4006088DE40508C8290608D034060883
:10848000F7B50F46002105460846F9F75BFC1C4B83
:1084900004468DB9DE68B368AB4202D8204603B00B
:1084A000F0BDF36853F8351021B1042902D02046FD
:1084B000F9F7BDF90135EEE75B6A5E68DB68C6F384
:1084C0001E061E440225B542E8D2002338686A46DB
:1084D0002946F3F7B7FD009B83B1022D08D1019B1C
:1084E00033B100216A460846F3F71CFF0446D5E77E
:1084F000E90041F002012046F9F799F90135E2E778
:1085000034000020024B0022A3F8442306207047C9
:1085100034000020024B0122A3F8442306207047B8
:1085200034000020034BB3F84433002B0CBF0E2063
:108530001E2070473400002008B51FF089F906207E
:1085400008BD00B589B001A8E8F7E2F8039840003B
:1085500040F0010009B05DF804FB00B589B001A846
:10856000E8F7D6F80298400040F0010009B05DF845
:1085700004FB000010B50C4C40B9D4F84C03431C6C
:1085800011D0BDE810400001F8F712BF0868F5F7F8
:1085900017FC0028ABBF00094FF0FF33C4F84C03B1
:1085A000C4F84C33062010BD34000020004870474A
:1085B000543A06087FB50E46154640F2A1316A4688
:1085C0001C46F3F701FF3046F8F70DFF02902846EE
:1085D000F8F709FF6A46039000210220F3F7A2FE94
:1085E000F5F7EEFB0028BEBF404220604FF0FF30A1
:1085F00004B070BD70B588B00D4616460C9901AA3E
:108600001C46F3F7E1FE0D4B0493012004AB01AAD5
:108610000021CDE9050607950393F3F783FE0628AD
:1086200005D10B2323604FF0FF3008B070BDF5F784
:10863000C7FB0028F9DA40422060F4E76C1D060809
:1086400013B5A4240094FFF7D5FF02B010BD13B5F5
:108650007E240094FFF7CEFF02B010BDB0EEC00A3A
:108660007047000008B510F03DFEDFED027A20EE05
:10867000270A08BD3BAAB83F08B5F5F7F7FBB4EEEB
:10868000400AF1EE10FA74BF0E201E2008BD000053
:1086900008B5F5F7EBFBDFED067AB0EEC00AB4EEF5
:1086A000670AF1EE10FA8CBF0E201E2008BD00BF35
:1086B000FFFF7F7F08B5F5F7D9FBDFED067AB0EE57
:1086C000C00AB4EE670AF1EE10FAD4BF0E201E20E5
:1086D00008BD00BFFFFF7F7F08B50148F4F7E8FA47
:1086E0007AD6050810B52DED048B84B002AB0C468C
:1086F00001932D4B0093083102230238F4F790FFC9
:108700002068F5F7B3FB6068F0EE408AF5F7AEFB42
:108710000298B0EE409A90B1F5F7A8FBB0EE408A0F
:108720000398F5F7A3FBB5EEC08AF1EE10FA04D476
:10873000B5EEC00AF1EE10FA04D5FFF7CDFF9FEDBC
:108740001B8AEDE7F4EE498AF1EE10FA29D078EEB3
:10875000C97A9FED177AF0EEE77AF4EE477AF1EEF8
:1087600010FA1CDCB4EEE70AF1EE10FA19DA68EE42
:10877000288AF0EEE88AF4EEE78AF1EE10FA10DAD1
:1087800028EE098AB0EEC88AB4EEE78AF1EE10FA54
:10879000ACBF1E200E2004B0BDEC048B10BD0E201B
:1087A000F9E71E20F7E700BF743A06085F708930CA
:1087B000FFFF7F7F10B52DED028B0C46F5F756FBC2
:1087C000B0EE408AA047B4EE400AF1EE10FA06D7A8
:1087D000B4EE488AF1EE10FA11D6FFF77DFF9FED57
:1087E0000B7AF0EEC07AF4EE477AF1EE10FA06DD7D
:1087F000B0EEC88AB4EE478AF1EE10FAEDDDBDECBA
:10880000028BBDE81040F7F71DBD00BFFFFF7F7F63
:108810000149FFF7CFBF00BFC99F04080149FFF717
:10882000C9BF00BFD99F04080149FFF7C3BF00BFFC
:10883000719A04080149FFF7BDBF00BFD196040833
:108840000149FFF7B7BF00BF5D8603080149FFF785
:10885000B1BF00BF657504080149FFF7ABBF00BF9A
:10886000C17104080149FFF7A5BF00BF7D7204086C
:108870000149FFF79FBF00BF719F04080149FFF73F
:1088800099BF00BFFD9E04080149FFF793BF00BFD9
:10889000619604080149FFF78DBF00BFB97604084F
:1088A0000149FFF787BF00BF857304080149FFF73F
:1088B00081BF00BFFD7004080149FFF77BBF00BF07
:1088C000859204080149FFF775BF00BF8194040831
:1088D0000149FFF76FBF00BFF99304080149FFF793
:1088E00069BF00BFE59304080149FFF763BF00BFFC
:1088F000658603080149FFF75DBF00BF7D9004084E
:108900000149FFF757BF00BF458F04080149FFF732
:1089100051BF00BF19A0040808B5F5F7A7FADFEDAD
:10892000047ABDE8084020EE270AF7F78BBC00BFA9
:10893000E02E654208B5F5F799FADFED047ABDE857
:10894000084020EE270AF7F77DBC00BF35FA8E3CC1
:1089500038B52DED028B0D461446F5F787FA2846FB
:10896000F0EE408AF5F782FAF0EE400AB0EE408A67
:10897000B0EE680AA047B4EE400AF1EE10FA0BD749
:10898000F4EE688AF1EE10FA1DD6B4EE488AF1EEE4
:1089900010FA18D6FFF7A0FEDFED0E7AB0EEC07A1F
:1089A000B4EE677AF1EE10FA0DDDF0EEE88AF4EE3F
:1089B000678AF1EE10FA06DCB0EEC88AB4EE678A78
:1089C000F1EE10FAE6DDBDEC028BBDE83840F7F7BA
:1089D00039BC00BFFFFF7F7F014AFFF7B9BF00BF6F
:1089E0008D7F0408014AFFF7B3BF00BF3D8B03082A
:1089F000014AFFF7ADBF00BF35740408014AFFF715
:108A0000A7BF00BFE1890408884270B50D4603D1B5
:108A1000BDE87040F8F7CCBC0A1A012A0AD14A0016
:108A2000430042F0010243F00101BDE870401D2007
:108A3000F4F746B9022A0ED1421C4300520042F01C
:108A4000010243F001011D20F4F73AF96A000146E2
:108A500042F00102E9E700EB52042146FFF7D4FFA0
:108A600029460646601CFFF7CFFF31460246DCE789
:108A700008B5F5F7A5F9011E02DA0548F4F718F96B
:108A800004D0BDE808400120FFF7BEBF032008BDA9
:108A900088D6050808B5F5F7E9F910F09BFDBDE8A3
:108AA0000840F8F7DDB91FB500230193F5F7DEF9AB
:108AB00001A811F0FDF9F7F7C5FB9DED010A029041
:108AC000F7F7C0FB02A903900220FCF771FE05B086
:108AD0005DF804FB10B52DED028B0C46F5F7C6F9D9
:108AE0002046B0EE408AF5F76BF9B0EE480A11F077
:108AF000C7F9BDEC028BBDE81040F7F7A3BB1FB56B
:108B000000230193F5F7B2F901A811F08FF9F7F7F7
:108B100099FB02900198F8F74BFC02A90390022000
:108B2000FCF746FE05B05DF804FB08B5F5F79EF9C5
:108B300010F01AFDBDE80840F8F792B910EE903A2F
:108B4000B0EEC00A002BB8BFB1EE400A704708B5BE
:108B5000F5F78CF910F0D4FCBDE80840F8F780B9BF
:108B600038B505462DED028B08680C46F5F77EF901
:108B7000B5EEC00AF1EE10FA01D8FFF7ADFD10F026
:108B8000B1FB012DB0EE408A05D1BDEC028BBDE8F2
:108B90003840F7F757BB6068F5F768F9B5EEC00ADB
:108BA000F1EE10FAE9D9B7EE007AB4EE470AF1EE29
:108BB00010FA03D104490548F3F766FA10F092FB66
:108BC00088EE000AE1E700BF15CE05086C23060811
:108BD00000B52DED048B83B001AA6946F5F786F93F
:108BE0009DED009AB0EE490A11F088F9DDED019A89
:108BF000F0EE408AB0EE690A10F0FEFBB0EE408A5B
:108C0000B0EE490A10F02CFDB0EE409AB0EE690AC1
:108C100010F036FC69EE000A28EE880AF6F712F921
:108C200003B0BDEC048B5DF804FB00B52DED048BA7
:108C300083B001AA6946F5F759F99DED009AB0EEA7
:108C4000490A10F00DFDDDED019AF0EE408AB0EE1C
:108C5000690A10F0D1FBB0EE408AB0EE490A11F07B
:108C60004DF9B0EE409AB0EE690A10F009FC69EED9
:108C7000400A28EE880AF6F7E5F803B0BDEC048B4D
:108C80005DF804FB00B52DED048B83B001AA6946A5
:108C9000F5F72CF9DDED018A9DED009A28EEA80A82
:108CA000F5EE000AA9EE090A0FF09AFEF0EE490A65
:108CB000B0EE408AB0EE680A0EF0BCFBF6EE007A29
:108CC00060EE278AB0EE680A10F0CAFCB0EE409A57
:108CD000B0EE680A11F012F960EE080A29EE080AEF
:108CE000F6F7B0F803B0BDEC048B5DF804FB0000B0
:108CF00000B52DED048B83B001AA6946F5F7F6F8AF
:108D0000DDED018A9DED009A28EEA80AA9EE090A78
:108D100010F068FBF0EE490AB0EE408AB0EE680A47
:108D20000EF088FBDFED070A60EE200AB6EE000ABF
:108D300028EE000AF6F786F803B0BDEC048B5DF868
:108D400004FB00BFD95BDE3E00B52DED048B83B084
:108D500001AA6946F5F7CAF8DDED018A9DED009A92
:108D600028EEA80AA9EE090A10F0BCFAF0EE490AAA
:108D7000B0EE408AB0EE680A0EF05CFBF0EE400AFE
:108D8000B6EE000A28EE000AF6F75CF803B0BDEC78
:108D9000048B5DF804FB00B52DED048B83B001AAB4
:108DA0006946F5F7A3F89DED000A10F0CBF89DEDAC
:108DB000019AB0EE408AB0EE490A10F051FCF0EE94
:108DC000408AB0EE490A11F099F860EE080A28EEE0
:108DD000880AF6F737F803B0BDEC048B5DF804FBA6
:108DE00010B52DED048B0C46F5F740F82046B0EE9B
:108DF000408AF5F73BF8B0EE409A10F031FCF0EE07
:108E0000408AB0EE490A11F079F860EE080A28EEBF
:108E1000880ABDEC048BBDE81040F6F713B807B51F
:108E200001AA6946F5F762F8DDED000A9DED010A39
:108E30000EF000FBF7F706FA03B05DF804FB1FB570
:108E400001AA6946F5F752F89DED010ADDED007AB9
:108E500020EE000AA7EEA70A11F0DEF8F7F7F2F904
:108E6000DDED000A9DED010A02900EF0E3FAF7F73E
:108E7000E9F902A903900220FCF79AFC05B05DF81D
:108E800004FB08B5F4F786FB400040F0010008BD84
:108E900010B50446F4F77EFB084B09495B680246AF
:108EA0000848CAF771FE0748E7F7F4FE012C02D123
:108EB0000448E7F70DFF062010BD00BF3400002076
:108EC0009BD605084C10060808B5F4F779FF11F099
:108ED000CFFC062008BD000008B5E7F7C3FA034B36
:108EE00018894008400040F0010008BD340000200F
:108EF00008B5E7F7AFFA062008BD000010B586B048
:108F0000044605AB04AA03A902A8E8F7EFF8059BFD
:108F10000193049B009306490648DDE90223CAF742
:108F200033FE012C01D1E8F71BF9062006B010BD75
:108F3000B0D605084C10060808B5F4F725F918B99D
:108F400002490348F3F7A0F8062008BDF8D6050843
:108F5000E021060810B5074C28B9D4F808024000F3
:108F600040F0010010BD0868F4F72AFFC4F80802B9
:108F70000620F7E7340000200268034610783E28F8
:108F800005D83B2805D8212806D040207047402826
:108F9000FBD101321A6070473E20FAE7F8B5066847
:108FA000044635462F4615F8010FE8F7B7FA034691
:108FB0000028F7D1C6F1010620680A22B919CAF7BC
:108FC00015F825604010F8BD2DE9F04385B0002468
:108FD000019001A8FFF7D0FF884681462646019BF5
:108FE000187828B93046C8F8004005B0BDE8F083CD
:108FF000E8F794FA58B101A8FFF7D0FF0546019FA2
:109000003978782905D12C4401370197E7E7012504
:10901000F5E7732901D10136F5E703AA4846FEF7C3
:109020005DF8039B2E445A1E5B42013DECD3144471
:109030001C400444F9E707B5FBF752F801A9FFF714
:10904000C3FF0198400040F0010003B05DF804FB4D
:109050002DE9F04F804689B008680C46FBF740F8D0
:1090600003A90290FFF7B0FF824602A8FFF784FF32
:10907000002101905046FCF79BFB0522074605A9FD
:109080006068F5F7C9F8059D069E0495B8F1020FD2
:109090002E440DD9A068F4F793FE002805DA069B4C
:1090A000C01802D52648F3F703FE049D0544049535
:1090B000039B2B449E42F5D30024544503D33846EA
:1090C00009B0BDE8F08F029B1878E8F727FA80B165
:1090D00002A8FFF763FF0646DDF8088098F8003025
:1090E000782B08D1049B3344049308F101030293C5
:1090F000E3E70126F0E7732B04F1010907D007EB42
:109100008909B346BBF1000F0DD13444EDE7049853
:109110003146FAF715FD049B0234334447F8240026
:1091200004934C46E1E798F80010019804AB2A46F6
:10913000FEF7FCF80BF1FF3B49F8040FE2E700BF34
:1091400050D105082DE9F04F89B099461646039194
:10915000FAF7C6FF049004A8FFF70EFF039B0293E3
:10916000824600240DF10C0BB44202D309B0BDE8D5
:10917000F08F049B18780028F8D0E8F7CFF9B8B141
:1091800004A8FFF70BFF0546DDF8108098F80030C3
:10919000782B0FD103982A46002110F085FF039BFE
:1091A0002B440393274608F1010304933C46DBE775
:1091B0000125E9E7732B06D06719BC42F3D0A6421C
:1091C0001CD13746EFE759F82400052205A9F5F729
:1091D00023F8069B05990398AB4228BF2B461A46F5
:1091E000671C1C4610F01CFF03982A1B002120441A
:1091F00010F05AFF039B2B440393D4E798F8001018
:10920000CDF800B059F82420029B5046FEF712F921
:109210000134D2E72DE9FF410F46064657F8040B0B
:109220000C46FFF708FF451029466846E8F72CF87A
:10923000DDF808802A460021404610F035FF2068FE
:109240003B46721E4146FFF77DFF6846FAF7D8FBA2
:1092500004B0BDE8F0810000F0B50C4685B00622F0
:1092600001A907466068F4F7D7FFA068F4F7A8FDE6
:10927000031E029E04DA9B1902D50B48F3F718FD72
:10928000019D20682E441D44FFF7D5FE05EB6000CC
:109290008642F2D3206804F10C03FA1E2946FFF738
:1092A00051FF062005B0F0BD50D1050808B50B46AA
:1092B000014610B90348F2F7E7FE19680148F3F7D1
:1092C000CDFE00BF8C240608012813B50C460ED92C
:1092D00060680221FDF77CFE636800936846054BD9
:1092E00021680193F4F7C8FC062002B010BD024BC0
:1092F000F3E700BFB7700308049006080846024B66
:109300001146024AF8F76ABE78010020DC3F0608E1
:1093100008B5014600220348F4F744FA08B1406852
:10932000C00808BD8041060810B584B00C46039201
:10933000D1E901230C4902935528CDE90012236895
:1093400009D054F8042C69461846F4F739FFA4F103
:10935000080004B010BD042269461846F4F730FF37
:109360002060204604B010BD2C2E06082DE9F04FD9
:10937000B0F80C90C389DFF83C8309F1040900EBD5
:109380008907043703EB430399B007EB83030C3BD6
:1093900000EB8902039106460192049306A8E6F7C2
:1093A00027FF024600284ED1336803995868D6E952
:1093B0000195D0F808A0002958D099F80010682924
:1093C00054D003980392F2F7BDFF0446E6F7E6FE99
:1093D0000794B2492068FDF7CBF928B173681A7871
:1093E0004B2A70D0682A7BD0079CAD4B9C4205D09D
:1093F00075682B785D2B01D0642B7AD1049B9F423A
:109400000BD8726805E0049B0C3B0493049BBB42A1
:1094100003D3049B1B689342F5D9049BBB42C0F065
:109420002B81049A049B04995B681268726023F094
:1094300003038C6043F8044F06A8B360E6F7D8FE38
:1094400002460028B0D0079CC3E7234613F8012B3F
:10945000110600F1D586403A03EB0209914BB3F8AF
:10946000142212B212B90120F3F7B4FE4C46C6F82A
:10947000049014F8013B58F8233043F001031847D7
:10948000224612F8013B190600F1BD8004990C3107
:109490000491049913440B60736804991B78A3F139
:1094A0004903B3FA83F35B0945EA43034B60049B2A
:1094B000002114469960726014F8013B58F823307B
:1094C00043F00103184793F901105A780029C0F2BC
:1094D0009380023313447360B368103BB3605DE75D
:1094E0000798B468F6F7A4FC2060736801337360D2
:1094F00054E73368D3F80CC0644614F8013B1806EF
:1095000003F0030B13D50020A4EB0C0314F8012B7C
:10951000013B02F0040199404BEA010BC2F3C00188
:1095200001FA03F3110640EA0300EDD4834414F872
:10953000013B1A0603F0010CC3F3450A12D50620BD
:10954000002114F8013B013103F001028A404CEA8A
:10955000020CC3F3450282401B064AEA020A00F1EC
:109560000600EED4D444A4442046A5EB0C0500F03C
:1095700088FFBBF1FF3FA2440DD003464FF0000926
:1095800020461C4600F085FFD94509F10109F9D1B3
:1095900023460446184633685B689A68A24532F849
:1095A000103011884FF001020DD820E00CF01F0E92
:1095B000AE4504F101044FEA5C1018D8A245A5EBB2
:1095C0000E05024413D994F9000094F800C0002855
:1095D000ECDA94F801E04FEA0C1000F4E06040EAA5
:1095E0000E000CF00F0EAE4504F10204E6D9079808
:1095F000F6F734FD079C01E7997802F07F0242EA12
:10960000C112033366E7627803F07F0343EAC213B3
:10961000A21C3BE7062345F8043F7460237858F802
:10962000233043F0010301341847059B2B60013CB4
:10963000E6F7B4FD049B1C4A74600C33DB1B9B10E3
:1096400002FB03F3B560F381012019B0BDE8F08F90
:1096500014F8010C29683030C0B2F2F76FFD2860B1
:10966000DBE71E2345F8043FD7E710491048F6F71B
:1096700013FC0446E6F792FD0220746119B0BDE8C0
:10968000F08F14F8010CAB4629305BE90112C0B22F
:10969000043DF3F715FB4BF8040CBEE7D82306088E
:1096A000CC26060834000020ABAAAAAA68EE05085A
:1096B000BC2106083C42060814F8013C01992A68BE
:1096C000C3F1C003043D41F82320A6E714F8013C90
:1096D000019AC3F1B00352F823302246002B00F068
:1096E000758645F8043F7460137858F8233043F0CA
:1096F00001030134184714F8013C803B5B0043F040
:10970000010345F8043F88E72868043DF2F710FF9D
:1097100083E70022237803F07F011B06A34601EBB9
:10972000C21204F10104F5D43AF812102868F3F7D4
:109730004BFA45F8040F7460237858F8233043F04F
:1097400001030BF1020418470022237803F07F0184
:1097500001EBC2121906A34604F10104F5D4A9468F
:109760003AF8120059E90121F2F708FE49F8040C11
:109770007460237858F8233043F00103043D0BF163
:1097800002041847AB46039A5BF80419C6F808B000
:1097900055F8040C002A00F0F385DDF80C90002148
:1097A00005AB4A460391F2F73FFE01283FF43DAF77
:1097B000002840F01B86059B45F8043CB9F1000FDA
:1097C00006D0C4494846F6F739FC002840F0F58534
:1097D0007460237858F8233043F001035D46013468
:1097E000184755F8040CF2F7ADFD0446E6F7D6FC31
:1097F0000794EEE52868F2F7A5FD0446E6F7CEFCEF
:109800000794E6E5049B9F4205D900F0CFBD0C3BD1
:109810009F4200F2CB859C68002CF8D0E6F7BEFC96
:109820000794D6E50021237803F07F021806A346AB
:1098300002EBC11104F10104F5D4C8B2CA096FF0FA
:10984000404302F4FF721B1A9B1A05EB8305C1F318
:1098500007212A46F2F766FD28607460237858F8DD
:10986000233043F001030BF1020418470021237851
:1098700003F07F021B06A34602EBC11104F10104B1
:10988000F5D4CAB26FF040439B1ACA0902F4FF72C2
:109890009B1A05EB83052A460020F2F775FFDBE7EC
:1098A0000022237803F07F0101EBC2121906A346C0
:1098B00004F10104F5D4D309D1B203F4FF730B44CE
:1098C000A5EB83052B46C2F3072253F8040BF2F7EE
:1098D000CBFCC1E70021237803F07F021806A346E2
:1098E00002EBC11104F10104F5D4336822789868C1
:1098F00050F821005968D34305EB830542F4807288
:109900002B46F1F7DBFF0BF10203286073606378ED
:1099100058F8233043F001030BF1030418470021EA
:10992000237803F07F021B06A34602EBC11104F16A
:109930000104F5D433682278986850F821005968FA
:10994000C2F1010305EB8305DAE70021237803F078
:109950007F0202EBC1111A06A34604F10104F5D4FB
:1099600033689868043D50F8210059682A46F1F799
:109970004BFF71E74FF00009237803F07F021B06CD
:10998000A34602EBC91904F10104F5D42A4628685C
:109990004946F3F797F87460237858F82330C9F3F1
:1099A000072252FA89F143F001030BF1020405EB9F
:1099B000810518470021237803F07F021806A3468B
:1099C00002EBC11104F10104F5D433689868002258
:1099D00050F821005968F1F717FFAAE60021237813
:1099E00003F07F0202EBC1111A06A34604F1010441
:1099F000F5D4394BCAB29B1ACA0902F4FF729B1AFA
:109A000005EB83052A46012047E74FF0000923783C
:109A100003F07F0202EBC9191A06A34604F1010400
:109A2000F5D428682A464946F3F700F8746023788D
:109A300058F8233009F18041013943F0010305EB67
:109A400081050BF1020418470022237803F07F01FF
:109A500001EBC2121906A34604F10104F5D49308E0
:109A6000C3EB8373A94612F0030255F8230059F89B
:109A7000041900F07A84012A00F03884F9F775F8A7
:109A80004D4658E6A3461BF8013B032B0ABF2B4665
:109A90004FF00609D3F800906378A3F1550308BF8F
:109AA000043D012B40F2EA832C4655F8040C54F88F
:109AB00004194A46F9F7BEF945F8040C25465C46F8
:109AC000C6F804B014F8013B58F8233043F0010302
:109AD000184700BF44240608FEFFFF3F00202378FC
:109AE00003F07F021B06A34602EBC01004F1010441
:109AF000F5D4C0F1010305EB83052946F8F7D6FF3D
:109B0000AAE6083DD5E901212868F5F7DBFF84E5E1
:109B10000020237803F07F0202EBC0101A06A34650
:109B200004F10104F5D4F5F7CBFE02E6002023781A
:109B300003F07F021B06A34602EBC01004F10104F0
:109B4000F5D4C0F1010305EB83052946FBF730FE90
:109B500082E6049A23460C3A049213F8012B11066C
:109B60007FF57AAC637802F07F0242EAC312A31C4D
:109B700072E4A14619F801BB1BF0800F40F09083FE
:109B8000B56055F80C2CA5F10C00002A00F0F58307
:109B9000F2F77EFD002800F0ED8345F8040F4C46F7
:109BA000C6F8049014F8013B58F8233043F0010341
:109BB00018470020237803F07F021906A34602EB22
:109BC000C01004F10104F5D4C0F1010305EB8305D5
:109BD0002946F8F7B7F83FE628682946F2F714FD5A
:109BE000AB46834505F10C053FF417AD002345F85E
:109BF000080C45F80C3C10E528680021F2F704FD3C
:109C000028600AE5049B0C3B04932B68062B40F06C
:109C1000F1837460237858F8233043F00103043D46
:109C2000013418472A46A5F1080952F804BBBBF1D4
:109C3000060F00F0B1831BF0010140F00D83C2F864
:109C400000B058460291F3F7DDFF06220299286022
:109C5000AA6003204A46F2F765FBF4F7F5F90028FD
:109C600040F0A183D9F80CB0C9F800B07460237833
:109C700058F8233043F001034D460134184720467D
:109C800010F8013B1A0600F12883403B03446B6047
:109C9000291D02784A6015E0049B5B689B0702F16E
:109CA000FF320CD5049B1B68834280F0548351E93A
:109CB0000134DD074CBF41F8084D41F8044D049BC9
:109CC0000C3B04935406E7D1D1F80090002A40F0F1
:109CD0003E830D1FFFF7C2BBD5F800B02A46584699
:109CE0000D21F2F771FB584605F1080B5A460C217D
:109CF000F2F76AFB00215A460846F2F713FB2246A8
:109D0000291D12F8013B1D0600F1E082049C0C3471
:109D10000494049C13442360049C049B41F0020CB3
:109D2000C4F804C000249C6014464860726014F8B3
:109D3000013B58F8233043F001035D461847A14624
:109D400019F801BB1BF0800F40F0B2822868F4F7CD
:109D50007BF990B1043DFFF781BBA14619F801BB27
:109D60001BF0800F40F06082ABF1400B2868043D8F
:109D7000F4F76AF900287FF471ABD944FFF76EBBA2
:109D8000A14619F801BB1BF0800F40F057822868EC
:109D9000F4F75AF90028DDD0D944FFF75FBBA1469C
:109DA00019F801BB1BF0800F40F03482ABF1400B7F
:109DB0002868043DF4F748F900283FF44FABD94434
:109DC000FFF74CBB2B4655F8042C53F8041945F803
:109DD000041C5A6021E41CE755F8083B2B6055F839
:109DE0000C3C45F8043C18E42B4655F8082C53F875
:109DF000081945F8081C55F8041CC3E901210CE4B6
:109E00002B6845F8043F08E40022237803F07F0123
:109E10001806A34601EBC21204F10104F5D43AF886
:109E20001200F2F783F87460237858F8233043F077
:109E300001030BF1020418470022237803F07F018D
:109E40001B06A34601EBC21204F10104F5D43AF853
:109E50001200F2F757F87460237858F8233043F073
:109E600001030BF1020418470022237803F07F015D
:109E700001EBC2121906204604F10104F5D4C2EB2D
:109E80008272019B53F822305A68002A00F09E82A9
:109E900000225A607460237858F8233043F001039D
:109EA000841C184755E9010155F8082CF4F788F986
:109EB0007460237858F8233043F001030C3D0134DB
:109EC00018470022237803F07F011B06204601EB90
:109ED000C21204F10104F5D40199C2EB827251F867
:109EE0002230002B00F07282002341F8223074608F
:109EF000237858F8233043F00103841C18470022CC
:109F0000237803F07F0101EBC2121906A34604F186
:109F10000104F5D43AF8121055F8042C55F8080944
:109F2000F2F74EFB7460237858F8233043F00103B6
:109F30000BF1020418470022237803F07F01180672
:109F4000A34601EBC21204F10104F5D429683AF8E2
:109F50001200F1F7E1FF7460237858F8233043F0E2
:109F60000103043D0BF1020418470022237803F09B
:109F70007F011B06A34601EBC21204F10104F5D4D4
:109F800029683AF81200F1F7B3FF7460237858F8A3
:109F9000233043F00103043D0BF102041847002273
:109FA000237803F07F0101EBC2121906204604F169
:109FB0000104F5D4019BC2EB8272043D53F82220C8
:109FC0006B6853607460237858F8233043F00103C2
:109FD000841C18470022237803F07F011B062046CB
:109FE00001EBC21204F10104F5D42B680199C2EB14
:109FF0008272043D79E7AB465BE901010422043D2E
:10A00000F4F7DEF8FFF747BB0022237803F07F0167
:10A0100001EBC2121906A34604F10104F5D4043D74
:10A020003AF81200291FFCF791FB7460237858F866
:10A03000233043F001030BF102041847F1F744FF0A
:10A0400045F8040FFFF7E9BA0022237803F07F01F7
:10A050001806A34601EBC21204F10104F5D43AF844
:10A06000121028682A46F2F7AFF97460237858F87E
:10A07000233043F0010304350BF10204184700219B
:10A08000237803F07F0202EBC1111A06A14604F106
:10A090000104F5D4D5F800B03AF8113002935846CF
:10A0A000F3F7B0FD828893050BD5029BD90041F0F0
:10A0B000020100220BF10400F3F774FB08B14068C1
:10A0C00003E002995846F2F7A3F9286074602278F9
:10A0D00058F8223043F0010309F102041847002226
:10A0E000237803F07F0101EBC2121906A34604F1A5
:10A0F0000104F5D43AF81200F1F7DAFFFFF719BBC3
:10A100000022237803F07F011806A34601EBC21258
:10A1100004F10104F5D43AF81200F1F7F7FFFFF764
:10A1200008BB002214F8013B03F07F011B0601EB82
:10A13000C212F7D4C2EB8272019B53F8223022463E
:10A140005B68FFF7CBBA002214F8013B03F07F01F4
:10A1500001EBC2121906F7D4C2EB8272019B53F8CD
:10A1600022302246FFF7BABA002345F8043FFFF732
:10A1700054BA0022237803F07F011B06204601EB2E
:10A18000C21204F10104F5D433685B68DB6853F84C
:10A19000223045F8043F7460237858F8233043F0A8
:10A1A0000103841C18470022237803F07F0101EB90
:10A1B000C2121906204604F10104F5D43AF812300F
:10A1C000DB0043F00203E4E70E2345F8043F74602C
:10A1D00014F8013B58F8233043F001031847227864
:10A1E00042F38012237803F07F011B06204641EAE8
:10A1F000C21204F10104F5D4530043F00103C8E78F
:10A20000637802F07F0242EAC312A2F58042A31CE7
:10A21000FFF722B963780BF07F0B4BEAC31BABF55A
:10A22000804B04F10209C3E563780BF07F0B4BEA26
:10A23000C31BABF5804B04F1020997E563782868EE
:10A240000BF07F0B4BEAC31B04F10209F3F7FCFE92
:10A2500000283FF47FAD9FE5062255F8043C45F801
:10A26000042CC5E900220021A5F10C020320029371
:10A27000F2F758F8029B45F80C3CF5E455F8080C49
:10A28000F3F7C0FC838858057FF50EACA5F10801F3
:10A2900060784A46FFF748F804F1020B05460EE4E1
:10A2A00063780BF07F0B4BEAC31B04F1020967E4F0
:10A2B000637828680BF07F0B4BEAC31B04F102099B
:10A2C000F3F7C2FE00283FF458AD43E5627803F08F
:10A2D0007F0343EAC213A21C18E5627803F07F03F0
:10A2E00043EAC213A3F58043A01CCFE4D9F80020B1
:10A2F000F5F7E8FB083DFFF71EBA0DE055F8043C02
:10A30000D807A5F104014EBF45F8082D45F8042CE7
:10A310000D46049B0C3B0493049BBB4260D3049BFF
:10A320005B689B07F5D5049B2A681B689C42E5D8AF
:10A33000049B5D68049B25F00305083545F8042C53
:10A340004FF0FF322A60D3F80090FFF78FB8A1F1E9
:10A350001405FFF783B8530043F001034B60049BDF
:10A360000D1DD3F80090FFF781B8F7F760FA4D465E
:10A37000FFF7E1B9D944103D11E455F8080C07E4A2
:10A3800005ABF2F751F801283FF44FA970BB059BCC
:10A3900045F8043CFFF71CBAC5E901BB4A46002159
:10A3A0000320F1F7BFFF4FF0060B5DE41A491B488D
:10A3B000F5F772FD0446FFF731BA4846F1F7C2FFE0
:10A3C0000446E5F7EBFE0794FFF703B81449154878
:10A3D000F5F762FD0446E5F7E1FE0794FEF7F9BFE5
:10A3E000E5F7DCFE0020B560FFF72FB9E5F7D6FEF4
:10A3F000059CE8E7D80709D55B10A5F1040101D554
:10A400000D4689E72B601A4620465BE4E5F7C6FE59
:10A410002C680794FEF7DDBF4CEE0508E021060826
:10A420002CEE05082822060873B50DF105050B462C
:10A43000294602F07F06D2092C4605F8016DF8D1B5
:10A44000491B984740B1A31E014601AC13F8012FE8
:10A45000A34203D15B1BC25402B070BD62F07F0205
:10A4600001F8012BF2E710B502680346002012F84C
:10A47000011B01F07F04090644EAC010F7D41A60FA
:10A4800010BD07B5019001A8FFF7EDFF03B05DF81F
:10A4900004FB10F9013B002BFBDB70472DE9F04F6B
:10A4A000D0F804C0D0F800B091B0CDE9052383897D
:10A4B00003930CF10103436000259CF80020CDE9D3
:10A4C000015504468A4602F00306A3EB0C01170669
:10A4D00001F1FF3103F101001BD40022CDE9092273
:10A4E0004FF0060C0133636013F8011C0A9F01F062
:10A4F0000100904007430A97C1F34500099F0CFBF8
:10A5000002FE00FA0EF00743090609971AD5013238
:10A51000E8E7606010F8012C029FC2F380138B40C3
:10A520001F4302F004038B4002971E43019FC2F3B6
:10A53000C0038B401F4302F001038B401D43019772
:10A540000346C2E7A368049303F10408039B0021B8
:10A550009B001A46E181404607930FF0A5FD039B3F
:10A56000019A9B1B08939B1A029A013B564508EBE4
:10A57000830902F0040272D22AB95346324698493E
:10A580009848F1F78AFD0B93069BAAEB060003EBB4
:10A590008601FBF70DF90B9BA9F1040948F823008C
:10A5A0003346069A0499079802EB830308189A42E7
:10A5B0007CD1029B059A03F008030B931343029B83
:10A5C00003F0020700F0F280002F74D01046F5F778
:10A5D00077F90290C9F80000069B03EB8A09002373
:10A5E0000693019BF3180C93DDE90523934264D194
:10A5F000089B6FF00302EF1C6A4302EB87024FEAED
:10A60000830908EB8303B800A3F1040C5A442F46D6
:10A61000002F40F09580079A0C38034442449A4238
:10A6200000F299806068FFF734FF002296420F9095
:10A6300040F09A80049E04354E44019BBB4240F09A
:10A640009780099B65680A9F1D44039B2F445E1EEB
:10A65000AF4240F0B980676011B0BDE8F08F22B121
:10A66000614A48F82320A9F10409029B059A03F0E6
:10A670000803134311D1721B524515D8039A05EBF9
:10A680000A03A2EB0A00049A9B1B0BEB830302EB69
:10A6900080000BEB850C634501D1534681E71A69B5
:10A6A00040F804290433F6E7534668E752F8041BE0
:10A6B00040F804197BE702978EE76068D9F800A09C
:10A6C000FFF7E7FE00210F900C9B8B4204D857BB8D
:10A6D00046494FEADA0217E00FA80D91FFF7C3FED3
:10A6E000DBF804200D99926832F81020D20042F075
:10A6F0000202924515D1039B5A1E521A58F8221095
:10A7000029B13B494FEADA023648F1F7C6FCD9F8DD
:10A71000041048F82210069B0133069309F108093A
:10A7200062E70131D0E7029B01225146181DF3F781
:10A7300039F84268002AE4D1D9F804204260EAE7F7
:10A740005CF804EFBEF1000F03D152F82710CCF8EB
:10A750000010013F5CE753F8040B00287FF45FAF63
:10A76000D21A24499210CFE7FFF793FE01325DE73A
:10A770000FA8FFF778FE56F8042992B9DBF80430E9
:10A780009B6833F810900B9B6BB15BF825004FEA88
:10A79000C90141F002010430F3F704F818B143682D
:10A7A0007360013749E714494A46ADE7019B13B18D
:10A7B0001248F2F729FC002F3FF443AF0198F5F758
:10A7C0007FF8C9F800003CE715F8019BA6EB0909E2
:10A7D00058F82900F4F77AFA48F8290038E700BF5A
:10A7E00038CE05085021060840320608ECD105088D
:10A7F000F2D1050852D705085CD7050864D70508CB
:10A8000030B40568ED68456000F11005856030BC26
:10A81000FFF744BE30B40468E568A4682D680DB144
:10A8200054F82540446000F11004846030BCFFF708
:10A8300035BE08B5421E013912F8010F11F8013F6B
:10A8400050B12BB9E6F77EFE80F00100C0B206E001
:10A850009842F1D0002004E0B3FA83F0400900F000
:10A86000010008BD13B5024648B101236A46F1F75D
:10A87000E9FB0098003818BF012002B010BDCC00E1
:10A8800044F0020406482146F2F78CFF024620B944
:10A8900021460448F2F786FFECE70120EDE700BF10
:10A8A0003C290608A8280608094B03EB8003D3F8C7
:10A8B000440100F00703022B05D0830705D102688D
:10A8C000044B9A4201D1F9F70BBC0348704700BF13
:10A8D00034000020343106083DE40508F8B503785B
:10A8E0000446002B00F09980402B1ED1012000234C
:10A8F0001F461E461D462278002A44D1DA1E012A30
:10A9000040F28D80002D03DC002E01DC002F02DDE3
:10A91000002B00F0848014F8013C5C2B7FD00A2BC4
:10A920000CBF002000F00100F8BD4349FFF781FF94
:10A930000028DBD141492046FFF77BFF0028D5D115
:10A940003F492046FFF775FF0028CFD13D492046FB
:10A95000FFF76FFF0028C9D13B492046FFF769FF89
:10A960000028C3D139492046FFF763FF0028BDD135
:10A9700037492046FFF75DFF0028B7D1354920460B
:10A98000FFF757FFB3E7272A61780BD1002B48D098
:10A99000032B02D127294CD145E0012B49D883F064
:10A9A000010346E0222A13D133F004020BD12229FD
:10A9B00006D1A278222A03D10234C3F1040338E07D
:10A9C0001BB1042335E0022B33D1C3F1020330E085
:10A9D0005C2A08D1272903D0222901D05C2902D181
:10A9E0003BB3013425E023BB5D2A12D007D8292AC6
:10A9F0000BD05B2A0BD0282A1BD1013519E07B2A0A
:10AA000009D07D2A15D1013F13E0013D11E0013647
:10AA10000FE0013E0DE001370BE0184684E701200E
:10AA200082E72729BBD1A278272AB6D10234C3F105
:10AA3000030301345FE700BF41C8050885C8050866
:10AA40003ADC0508E6B6050831C4050878E50508CE
:10AA5000ADC4050826C805082DE9F04F8BB0CDE937
:10AA6000022300EB010882460E4645466C1EA245B5
:10AA700001D9554612E015F8010CE6F745FD08B17D
:10AA80002546F3E715F8010CE6F748FD0028F7D155
:10AA900015F8013C5F2BF3D02E2BF1D0DFF8F891A5
:10AAA0002B4643451F4604D23A782E2A03F1010370
:10AAB000F7D14745A7EB050415D021462846E6F710
:10AAC000E7F9014618B900200BB0BDE8F08F484601
:10AAD000012308AAF1F7B6FADDF82090B9F1000FCA
:10AAE000F1D07D1CDCE7062E08D9664907225046C6
:10AAF0000FF006FB002808BF4FF00009624B5A6AAE
:10AB00005368D268C3F31E034FF000081344049344
:10AB10004646C3460227CDF80480049BBB4214D8A6
:10AB2000002E4AD15545CED1631E052BCBD8554EAC
:10AB30002246314628460FF0E3FA0028C3D1039B92
:10AB400026441E60C4F10700BEE707A93846E6F7B1
:10AB5000BEFA034624B902785F2A0DD10137DCE73B
:10AB6000079A9442FAD801460590224628460FF0EB
:10AB7000FFFA059B0028F1D1394648460593FFF7B7
:10AB800071FE0028EAD0019A0799059B62B122461E
:10AB90005A450BD88A4209D8019810F802C0985C2F
:10ABA000844508D10132F3E78B460193B846002E65
:10ABB000D4D13E46D2E79346F8E7464501D05C45FE
:10ABC0005DD2019A039B22441A60ABEB04007BE741
:10ABD00007A93046E6F77BFA824664B903785F2B13
:10ABE00013D101364645F3D928490298C8F712FC1B
:10ABF0004FF0FF3068E7079B9C42F2D8014622469F
:10AC000028460FF0B5FA0028EBD131464846FFF749
:10AC100029FE0028E5D007F10F0BDBF1000202F05E
:10AC20000F020BF00F0358BF5342ABEB030BABEB20
:10AC3000070BBBF1010FD8BF0BF1100B079A07EB05
:10AC40000B031344402B13D8002306E0104902984D
:10AC50000193C8F7DFFB019B01339B45F6DC0298AB
:10AC60005146C8F7D7FB079B3B4403EB0B07B8E7FC
:10AC7000084902985246C8F787FF079FB1E7402767
:10AC8000B0E700BF3C460608340000208DE405080C
:10AC9000C3E3050875D70508F01A060890FBF1F321
:10ACA00003FB1100002802DA002903DC704702D000
:10ACB000002900DA08447047002806DB002901DA81
:10ACC000CB43184490FBF1F070470029FADBC1F147
:10ACD0000103F6E72DE9F74F0E46009001920FF0C1
:10ACE00021FA81460EB100233360DFF8A8A04FF0AF
:10ACF0000008514651F8045B1DBBDFF8A0B02C469C
:10AD00009BF80000D0B158460FF00CFA8145074679
:10AD100038D800984A4659460FF0F2F990BBB94529
:10AD20002CD156B1A0450FD802233360A4EB080400
:10AD3000174B019A53F824301360022003B0BDE88A
:10AD4000F08F08F10108D5E70121316084420FD16D
:10AD5000104B009853F824404946E6F7E7F80E49AF
:10AD6000002322462944E8F735FA019B1860E4E7FE
:10AD70005AF8041B01350D440130E7E71BF80900C0
:10AD80002F2803D00137BB440134B9E70120D5E7B0
:10AD9000444606085C6506085865060868460608C5
:10ADA0008B6802490122C8F7EFBE00BF7DDC0508B1
:10ADB000154B984282B00BD100230193134B5A6C70
:10ADC00042F480725A645B6C03F480730193019BBC
:10ADD0000F4A00230C29536005D00A2912D00829F4
:10ADE00014BF03230223426822F0407242EA036345
:10ADF00043608268074B134083604FF48013C36243
:10AE000002B070470123EEE7002001400038024005
:10AE100000230140FDF6FFCF70B51C4608461146E1
:10AE20004FF00212F2F7D0FB2068C40705D4810767
:10AE300019D10268164B9A4215D1F2F7C1FFA0F55D
:10AE40008073032B044634BF07250125114E0C21C6
:10AE50003046FFF7ADFF10491020F2F7C7FEC0E9FA
:10AE60000164C56070BD1AF06FFC827A920709D543
:10AE7000846800231A46032118F016FFC4F3043433
:10AE80000125E3E7828805490548F1F706F900BF87
:10AE900044270608002001406065060890DC05088C
:10AEA000082106084FF6FF73994270B505460C4617
:10AEB00016466AD040F2011399426BD0B1F5817FFA
:10AEC00065D2142928BF1124AB68DA0706D4AB6811
:10AED00043F00103AB60042019F00CF8112C02D0F0
:10AEE000364B9C425AD1364A536823F4400343F40C
:10AEF00000035360314B9C4202D10B2018F0FAFF43
:10AF0000092C04F01F0394BF05F1100005F10C009B
:10AF10006B6394BF2346A4F10A03016803EB430368
:10AF200007229A409E4021EA020131430160AB684A
:10AF300043F08043AB6018F0BBFF06462B689B07CD
:10AF400004D418F0B5FF801B0A28F7D9122CE96C3D
:10AF500004D11B4A536823F4800353606B68194A79
:10AF6000C3F30163D35CC3F11004072B01FA04F4AB
:10AF70001CD803EB4302103AC3F1080321FA02F292
:10AF80005B00144301FA03F31C43204670BD03D158
:10AF9000122499E7094C97E7112495E7122C01BF79
:10AFA000074A536843F480035360A9E703F1004361
:10AFB000083B5B00D9400C43E7E700BF12000010DC
:10AFC00000230140C0650608D0E9021208B54068B8
:10AFD000FFF768FF400040F0010008BD70B5086849
:10AFE00088B00D461AF0B0FB06466868F2F7E8FE36
:10AFF0000522044601A9E868F3F70EF9BCB9A86870
:10B000006A460421F2F7A6FF04AD009B1859F2F737
:10B01000D7FE0434102C45F8040BF6D13046DDE998
:10B02000012304A91CF020FC062008B070BD0148D3
:10B03000F1F73EFE2CD0050830B5046885B0657C7C
:10B04000CDE902329DF8203004EB8504002B0CBFC3
:10B050000123032324690093646902AB0122A04702
:10B0600005B030BD30B5046885B0657CCDE90232ED
:10B0700004EB85049DF8203024695B00009364692B
:10B0800002AB0122A04705B030BDF7B5002106464E
:10B090000846F6F757FE08240546012700230097C7
:10B0A0001A46A1B23046FFF7DDFF28B9610041F032
:10B0B00001012846F6F7BBFB0134F2F7E9F8782CDA
:10B0C000ECD1284603B0F0BDF0B50E6833685A7C69
:10B0D00003EB820385B01F69FB6805460C461BB96C
:10B0E0000E490F48F0F7D0FF6068062201A9F3F778
:10B0F00093F8022D0CD0A068F2F7A6FF0346DDE915
:10B100000112FC683046A04720B14042F1F7C6FF6B
:10B110000123F4E7062005B0F0BD00BF9BDC050865
:10B120000422060830B5044685B023685A7C03EB38
:10B13000820308461D692B691BB90B490B48F0F7C0
:10B14000A3FF052201A9F3F767F8DDE901122B69D6
:10B1500020469847002802DA4042F1F79FFF40005E
:10B1600040F0010005B030BD9BDC05080422060854
:10B17000F0B5064687B0D1E900700C46F2F720FE24
:10B180000622054603A9A068F3F746F8032E0ED061
:10B19000E068F2F759FF0090DDE90323A9B23846D1
:10B1A000FFF74AFF002804DA4042F1F777FF012059
:10B1B000F1E7062007B0F0BDF0B5064687B0D1E94B
:10B1C00000700C46F2F7FCFD0522054603A9A068B5
:10B1D000F3F722F8032E0ED0E068F2F735FF009067
:10B1E000DDE90323A9B23846FFF73CFF002804DA63
:10B1F0004042F1F753FF0120F1E7400040F0010029
:10B2000007B0F0BDF0B5064687B0D1E900700C4636
:10B21000F2F7D6FD0546A068F2F7D2FD014602A876
:10B22000E6F732F8032E0ED0E068F2F70DFF00903B
:10B23000DDE90332A9B23846FFF7FEFE002804DA42
:10B240004042F1F72BFF0120F1E702A8F8F7D8FB05
:10B2500007B0F0BD530710B501D1202A02D9094823
:10B26000F1F726FD083A12B2431E002A03DAC0F1B4
:10B270000100184410BD21FA02F4083A03F8014F06
:10B2800012B2F2E7A3DC05082DE9FF4105460E46A0
:10B2900003A811461A46FFF7DDFF4FF000080346EA
:10B2A0000746CDF8008003AA31462846FFF7DAFEAC
:10B2B0000123B8420446009309D043464246314632
:10B2C0002846FFF7CFFE204604B0BDE8F081DDE957
:10B2D0000A2331462846FFF7AFFE0446F3E7000095
:10B2E00010B58AB002AB0193124B009304230C46B5
:10B2F00001381944F2F794F90498F2F761FD014618
:10B3000006A8E5F7C1FF079B0193089B0093039AEA
:10B310009DF81430BDF808102068FFF7B5FF00282D
:10B3200002DA4042F1F7BAFE06A8F8F769FB0AB064
:10B3300010BD00BFCC66060810B58AB006AB0193FD
:10B34000104B009304230C4601381944F2F768F9B6
:10B35000062203A90898F2F75FFF049B0193039B61
:10B360000093079A9DF82430BDF818102068FFF765
:10B370008BFF002802DA4042F1F790FE06200AB067
:10B3800010BD00BFCC6606082DE9F0418EB006ABBB
:10B390000193194B009304230C4601381944F2F72A
:10B3A0003FF9052203A90898F2F736FF02AD246899
:10B3B0009DF824200799BDF818602846DDE9037838
:10B3C000FFF748FF23685A7C03EB820302221B69C4
:10B3D0000092CDE90A05CDE90C875D6931460AABDB
:10B3E0002046A847002802DA4042F1F757FE06201F
:10B3F0000EB0BDE8F08100BFCC6606082DE9F04331
:10B4000089B0054602AFD1E900900C46F2F7D8FCAE
:10B4100007F108028046391DA068F2F779FD032D77
:10B4200029D0E068F2F710FE05467B68012B6A46DA
:10B4300038BF0123A2EBC3039D4602AE00247B6804
:10B440005A1E7A60CBB914B9C6E900440124D9F870
:10B4500000305A7C03EB82036D001B6900955D6927
:10B46000224633461FFA88F14846A847002818DAD2
:10B470004042F1F713FE0125D7E7BB6805221868A3
:10B4800007F10C01F2F7C8FE3A6932B106EBC403CA
:10B4900046F83420FA685A600134BB680433BB6054
:10B4A000CDE7400040F001001C37BD46BDE8F08309
:10B4B00013B50B69CA684C689B8892880449B1FB34
:10B4C000F4F100910349C8F75FFB02B010BD00BF63
:10B4D00020A10700AEDC050808B502490248F0F7D4
:10B4E000D3FD00BF9BDC05080422060838B50546DD
:10B4F000086804681346627C04EB820422691468BD
:10B500000CB9FFF7E9FF0A1D691EA047062038BDE8
:10B5100008B503685A7C03EB82031B695B680BB9AF
:10B52000FFF7DAFF984710B14042F1F7B7FD062068
:10B5300008BD08B503685A7C03EB82031B699B684E
:10B540000BB9FFF7C9FF984710B14042F1F7A6FDCC
:10B55000062008BDC368C2889A617047C388C26864
:10B560001B0493617047C388C2681B0493617047D2
:10B5700018F0C0BC38B5D0E90253DA68DB889361B3
:10B5800004464068FFF7F4FFE268D368127A1B694B
:10B590001209D340DB0708D415B96FF06D0038BD30
:10B5A000012018F0A7FC013DEEE7002D0CBF6FF065
:10B5B0006D000020F3E738B504460069FFF7CAFFC5
:10B5C0006068FFF7D5FF2046FFF7D4FF054628B98E
:10B5D0002069FFF7C3FF6068FFF7CAFF284638BD40
:10B5E00070B5044640680E46FFF7C2FFE068FFF7FB
:10B5F000BAFF072546FA05F3DB0720690FD5FFF7E9
:10B60000A9FF6068FFF7B4FF2046FFF7B3FF48B11A
:10B610002069FFF79FFF6FF06D05284670BDFFF7AB
:10B620009DFFEEE7E068FFF79EFF013DE2D2206953
:10B63000FFF790FF6068FFF79BFF2046FFF79AFF38
:10B640000028E8D123696068DA681B7A15691B094C
:10B65000DD40FFF78DFFE06805F00105FFF783FF90
:10B66000DBE72DE9F04107460C468E180D46B54242
:10B67000A5EB040807D015F8011B3846FFF7B0FF0B
:10B68000002803DBF3D04046BDE8F0816FF06D0881
:10B69000F9E738B504464068FFF76AFF2069FFF70D
:10B6A0005DFF6068FFF764FF2046FFF763FF054614
:10B6B0002069FFF74FFF6068FFF75AFF284638BD43
:10B6C00010B586B00446084611461A4602AB0193EF
:10B6D000134B00930423F1F7A3FF02981AF034F8F8
:10B6E000E06003981AF030F8059B049AA3600D4BB4
:10B6F00020619A428CBF0123B3FBF2F36360002305
:10B70000E0681A46052118F0CFFA002320691A468E
:10B71000052118F0C9FA2046FFF7BBFF06B010BD9F
:10B72000D065060820A10700F0B5142085B00D46AD
:10B730000A491E461746F2F759FA06EB85020446F7
:10B74000394601A8F2F705F8204601AB32462946F2
:10B75000FFF7B6FF204605B0F0BD00BFF065060854
:10B760002DE9F0410446406815460E46FFF700FFFC
:10B77000E068FFF7F8FE6068FFF7FAFE08274FF071
:10B7800000082046FFF7F6FE20BB2269E068D36878
:10B79000127A1B691209D34003F0010343EA4803FC
:10B7A0005FFA83F8FFF7DFFE6068FFF7E1FE013F15
:10B7B000E7D186F8008015B92069FFF7CFFE6068F1
:10B7C000FFF7D6FE2046FFF7D5FE014638B12069C7
:10B7D000FFF7C0FE6FF06D010846BDE8F081E0683C
:10B7E000FFF7C1FE2069FFF7B5FEF5E7F8B507469C
:10B7F0001D4614468E182046311B013C00B9F8BD89
:10B8000055B1B4FA84F252093846FFF7A9FF00286F
:10B81000F1D06FF06D00F2E72A46F5E72DE9F84F19
:10B8200007460C4616461D46FFF7C5FE20B16FF0D1
:10B830006D042046BDE8F88F0A9B03F0010949EA30
:10B840004401C9B23846FFF7CBFE041EEFDB0CD132
:10B85000083506F1FF3B76B90A9B9B07E9D53846C8
:10B86000FFF717FF0028E4D0E1E73846FFF711FFA4
:10B870006FF01204DDE755E9023606EB030AB9F171
:10B88000000F23D1A4EB0608564506EB08041AD096
:10B8900016F8011B3846FFF7A3FE0028C7DBF3D0DC
:10B8A0004FF0000B0FE04BEA0602B2FA82F25209A7
:10B8B0003846FFF755FF0028B9D13346AAEB0601F9
:10B8C000013E002BEFD108355E46C2E71E46F4E785
:10B8D000064BC01A064B80105843064B03EB8003FF
:10B8E0000020D3F8EC31C3E9050170473C68060835
:10B8F000CDCCCCCC34000020084BC01A084B8010B3
:10B900005843084B03EB8003D3F8EC3109B958696D
:10B91000704701290CBF9869002070473C680608F1
:10B92000CDCCCCCC3400002008B50C4B0C4AC31A4B
:10B930009B1053434A0644BF82684260094A02EBA7
:10B940008303D3F8EC0130B18369194004D041611D
:10B950000EF0FAFF012008BD0846FCE78403002032
:10B96000CDCCCCCC3400002010B50378052B044698
:10B9700005D11021FFF7D8FF0123237010BD032B41
:10B9800001D0062BF8D120212046F3E7F0B587B08F
:10B9900003AB51F8046B01931A4B00930446032345
:10B9A00001381546F1F73CFE174B184A184FF31AA9
:10B9B0009B1053437A3307EB8307786860B91C20E8
:10B9C000E4F756FC134B0360134BC0E90136062322
:10B9D000C360002303747860012C02D82B68072B06
:10B9E0000ED9DDE903131C079DF8142003D012B90A
:10B9F0000A48F1F75DF902740022C0E90523C1602D
:10BA000007B0F0BD7C6706083C680608CDCCCCCCFE
:10BA100034000020588F06088C680608CFDC050823
:10BA20001FB504460522084601A9F2F7F5FB029866
:10BA300020B1019A636812781A610120400040F039
:10BA4000010004B010BD1FB504460522084601A937
:10BA5000F2F7E2FB029820B163681A69019B0120AA
:10BA60001A70400040F0010004B010BD136810B51A
:10BA700014466BB940F2DB3399420AD1064BC01A27
:10BA8000064B20F0030003445868F5F791FC206052
:10BA900010BD04235360FBE73C68060884030020C4
:10BAA000064A4B688A1A06499B6892104A43C3F3B8
:10BAB000460304490132C8F767B800BF3C6806086E
:10BAC000CDCCCCCCDADC05081F4B204A10B5C31A0C
:10BAD0009B10534314221E4C5A43A15C91B3002186
:10BAE000A1540289446852B28A4221600DDB510997
:10BAF000012402F01F02944001F12002154941F88F
:10BB00002240BFF34F8FBFF36F8F90F90A20002AB6
:10BB10000DDB5109012002F01F02904001F12002CB
:10BB20000C4941F82200BFF34F8FBFF36F8F0A4AD1
:10BB300003F12E017A3302EB810102EB8302002034
:10BB400048605060062010BD3C680608CDCCCCCCC7
:10BB50008403002000E100E0340000202DE9F043E0
:10BB60008BB0084611461A4605AB0193514B009322
:10BB70000523F1F7B3FD05984F4D1AF06FFA4F4AC0
:10BB8000DDF82490044602EB8402461E0898C2F8B1
:10BB9000B80014234A4A734303EB02080121D1522F
:10BBA0005F1906284FF00003C8E90133C8E90333E1
:10BBB00088F8023016D0072202A9F2F72DFBB9F15E
:10BBC000200F02D819F0070F02D03E48F1F770F8A5
:10BBD000039BC8F80C304FEAE909029B88F80290F1
:10BBE000C8F810305FFA84F8142404FB0654CDF82A
:10BBF0000080012300220621E06818F098F8CDF8B3
:10BC00000080012300220621206918F090F8606866
:10BC10002D4A0699D2F840C000F14043A3F5A8434D
:10BC20009B0A15334FF0010808FA03F343EA0C03AB
:10BC30001364136C0293029B1AF08CFA94F9083087
:10BC4000002B29DB214AD118C02081F800035909B3
:10BC500003F01F0308FA03F342F82130142303FB17
:10BC6000065595F90A30002B1DDB1849CA18C0206B
:10BC700082F800030122580903F01F0302FA03F3BC
:10BC800041F82030124901220B78B2401343384664
:10BC90000B700BB0BDE8F0830E4A03F00F031A449B
:10BCA000C0231376DAE70B4A03F00F031A44C023CC
:10BCB0001376E7E7546706083C680608340000205E
:10BCC00084030020F1DC05080038024000E100E0B8
:10BCD0005C200020FCEC00E000F14040F8B5A0F54D
:10BCE000A8400D4F840A142505FB04750E4628460E
:10BCF000FFF73AFE56B101212846FFF715FE022351
:10BD0000142202FB04F03B540020F8BD0221284617
:10BD1000FFF70AFE0323F3E784030020F8B500F1E0
:10BD20004045A5F5A845294CAD0A14266E433719A0
:10BD300008213846FFF7F8FDD7F810C0BCF1000F16
:10BD400008D10623A35518B9214B33445B681B69FE
:10BD50000020F8BD1E4B33445B681869A35D032BBC
:10BD6000C0B21ED10423A3550023BB60BB787B70F7
:10BD700014236B43E1184A7822B38B68013A40EAF6
:10BD80000323D2B28B604A70002AE1D1CA68B3FBA8
:10BD9000F2F002FB10338B6038464021FFF7C4FD00
:10BDA000D6E7042BE4D0142303FB0544A3685A1CF4
:10BDB000A2600CF80300D4E902239A4224BF0023B6
:10BDC000A360C5E70622E254EDE700BF840300202C
:10BDD0003C68060800F14040044BA0F5A840800AEA
:10BDE000142202FB0030FFF7BFBD00BF8403002018
:10BDF000F8B500F14044A4F5A8441D4DA40A142749
:10BE000067437E1904213046FFF78EFD33693BB945
:10BE10000523EB5518B9174B3B445B681861F8BD17
:10BE2000EB5D042B0AD1D6E902323046B3FBF2F1C6
:10BE300002FB11334021B360FFF776FD142303FBAF
:10BE400004F25C43A95C05291CBF0521A9542544C3
:10BE5000AA682969531CAB608A5CE9688B4228BFD9
:10BE60000023AB60034B23445B681A61D7E700BF34
:10BE7000840300203C680608FFF7ACBF70B5064D90
:10BE8000064E00242B5D13B13019FFF71DFE14344C
:10BE9000502CF7D170BD00BF840300203C68060819
:10BEA00010B50C46F1F798FF631E0342024604D01A
:10BEB000024903482346F0F7F0F810BD19DD0508E4
:10BEC0000821060870B50646144608460AB3042A37
:10BED00071680FD1FFF7E4FF7368012B03D0022BC9
:10BEE00006D0006800E00078BDE87040F5F760BA61
:10BEF0000088F9E7FFF7D4FF05462046F1F76CFF0D
:10BF00007368012B03D0022B05D0286000E0287055
:10BF10000624204670BD2880FAE700004A680249DE
:10BF2000D200C7F731BE00BF37DD05082DE9F0416B
:10BF300080460E46174617F0C1FF0224054617F04B
:10BF4000BDFFD8F80C3098F808201B691209D340BF
:10BF500003F001039E4208D1013C86F0010602D1A4
:10BF6000401BBDE8F0810546E9E7431BBB42E6D331
:10BF70006042F6E7F8B5074608680C4619F0E4FB9E
:10BF800005466068F2F760F8022F06460BD9A068F4
:10BF9000F1F716FF024631462846FFF7C7FFBDE816
:10BFA000F840F5F705BA014AF5E700BF40420F0037
:10BFB00010B50446007818F05BFD026A034660780D
:10BFC00001218000814022EA01021A62196A41F2CD
:10BFD000555211420AD1064A934202BF5A6C22F4CA
:10BFE00000425A641A6822F001021A6010BD00BFB4
:10BFF0000000014008B50430FFF7DAFF062008BD55
:10C0000010B50446007818F033FD0368DB0705D44B
:10C0100001234361036843F0010303606278016A0E
:10C020009200012393400B43036210BD4B790A79C0
:10C0300001490133C7F7A8BD47DD050808B518F069
:10C0400017FDC06A003818BF012008BD00000000BD
:10C05000F8B51D4B1D4AC31A0F46D91023F007032C
:10C06000134404465F600079022302F83130FFF781
:10C07000E5FF20B3207918F0FBFC0546207918F085
:10C0800079FD1349AB6AEE6A8C4600210133B0FB9F
:10C09000F3F0E7FB00C10AA3D3E9002360461DF0DB
:10C0A000F1FE01368642637905F1340528BF064664
:10C0B00045F82360201DBDE8F840FFF7A1BFF8BD9B
:10C0C00000CA9A3B0000000084690608D4030020DF
:10C0D0000065CD1D012838B50C6828D1184B194AC8
:10C0E000E31ADB1012F833300BB9012038BD207988
:10C0F000FFF7A4FF0028F8D0207918F0B9FC054616
:10C10000207918F037FDAB6A34350133B0FBF3F218
:10C1100063790D4C55F82350002319465008E5FB70
:10C1200004011DF0AFFEBDE83840F5F75CB9486882
:10C13000F1F746FE01462046FFF78AFF0620D5E7C5
:10C1400084690608D403002000CA9A3BF8B5174B4F
:10C15000174AC31A0E46D91023F0070313440446A6
:10C160005E600079012302F83130FFF767FFD8B134
:10C17000207918F07DFCC56A0746013547F6FF7047
:10C180000021E6FB050100234FF6FF721DF07AFE49
:10C1900034378542637928BF054647F82350201D70
:10C1A000BDE8F840FFF72CBFF8BD00BF8469060862
:10C1B000D4030020F8B50E1E044602DC2D48F0F72B
:10C1C00077FD007918F054FC0546207918F0D2FC70
:10C1D000B5F1804F00EB5603B3FBF6F328D0264AA7
:10C1E00095424FF001021DD1012B23D82348E6E7E9
:10C1F00000FB03F1B1F1333F07D8B3FBFCF302EBD3
:10C200008202B3F5803FF3D2EEE706FB03F1B1F112
:10C21000553F4FEA420193BF52180A465B08B3FBF1
:10C22000F7F3EEE71648174E03274FF0050CE8E743
:10C230000122D9E7013B013AAA62EB62124B134D8E
:10C24000E41A24F01F04254400261C442B78012BFB
:10C2500006EB040008D16968FFF778FF0836202E46
:10C2600005F10805F2D1F8BD022BF7D16968FFF797
:10C27000EFFEF3E758DD0508000C004061DD05081E
:10C28000CDCCCCCCABAAAAAA84690608D4030020E2
:10C29000012870B50D68044614D12879FFF7CEFE49
:10C2A000C8B1287918F0E4FB866AC46A287918F0C6
:10C2B00061FC631C06FB0333B0FBF3F0400040F06D
:10C2C000010070BD4868F1F77BFD01462846FFF785
:10C2D00071FF0620F5E72046F3E7000030B587B090
:10C2E0000446084611461A4602AB0193184B0093C8
:10C2F0000423F1F795F9059D6B1C0BD0207918F0FC
:10C30000B7FB6279022392009340026AEDB922EAF8
:10C31000030303620299481C02D02046FFF74AFF3C
:10C3200003994A1C02D02046FFF710FF04994B1CCA
:10C3300002D02046FFF78CFE2079FFF77FFE10B178
:10C34000201DFFF75DFE07B030BD1343E1E700BFDE
:10C35000D468060810B50C4613460A1D411E206815
:10C36000FFF7BCFF062010BD012838B50C6824D1AA
:10C37000164B174AE31ADB1012F833300BB90120C1
:10C3800038BD2079FFF75AFE0028F8D0207918F040
:10C390006FFB6379C26A3430013250F823500023B6
:10C3A000500819464FF6FF74E5FB04011DF06AFDC5
:10C3B00080B2400040F00100E2E74868F1F700FD7C
:10C3C00001462046FFF7C2FE0620D9E78469060829
:10C3D000D40300202DE9F04F1F460D4690464146FC
:10C3E000614A89B02846F1F7EFF8386819F0ACF9DE
:10C3F0000446407A002200F00F0011468242C0F04D
:10C4000085800B46002B00F09580584893F80AC0B1
:10C4100093F80BE00021814690F804B0E34540F02A
:10C420008380467976457FD1514A1B7A1068019303
:10C43000012303FA0CF34FEAC10A09EBC10913EA1D
:10C4400000017CD0584618F013FB016811F001017F
:10C4500003460DD1CDE90201584618F013FB029BAB
:10C460000399802018604348D962834208BF19634A
:10C4700006F00100012E4FEAC0004FF0FF014FF01F
:10C48000680C0CFA00FC01FA00F194BF9869D869B5
:10C490006FEA010195BF0140014041EA0C0141EA08
:10C4A0000C0194BF9961D96132498B4202BF596C2A
:10C4B00041F400415964012D02D8B8F1000F0FD0AA
:10C4C0002D4B4FEAEA0A0021584603F83A1018F0BB
:10C4D000CFFAB600036A0222B24023EA02030362E3
:10C4E00007EB8502414605A8F1F733F905AB3A1D84
:10C4F000691E4846FFF7F2FE2046019B00220221FA
:10C5000017F0D2FB484609B0BDE8F08F236903EB72
:10C5100002135E7A36B9DE7A032E03D800297FF43F
:10C5200071AF1946013269E70131202900F1080095
:10C530007FF472AFA28811491148EFF7AEFD0343B3
:10C5400013604FEAEA0323F003030B4803F1010CE5
:10C5500000F8331000F83C1003F1020C033300F82C
:10C560003C1000F833106DE7FFFF030084690608F4
:10C57000D404002000000140D403002066DD05083B
:10C5800008210608F8B50024094D0A4E274616F87A
:10C59000343023B1284606F83470FFF709FD013422
:10C5A000202C05F10805F2D1034B00221A60F8BDDA
:10C5B00088690608D4030020D404002008B50021AF
:10C5C00007F0BAF9062008BD08B5012107F0B4F953
:10C5D000062008BD2DE9F04F83B000AF1546786006
:10C5E0001C46884669B1D3F8009019F0030F08D1B2
:10C5F000D9F800305A7C22B103EB82031B69002B6F
:10C6000058D108EB45039B00073323F00703ADEB3C
:10C61000030D4FEA88063246214668460DEB060AAE
:10C620004FF0000908360DF0FBFC3444EB462A4677
:10C630004E4640F21251FAB966B1B9F1000F09D075
:10C64000D9F80000F1F700FD00280CBF03230123F7
:10C65000C9F800305B462A464146002019F00CF923
:10C66000814679680C20F1F7C1FA0C37C0F80490C4
:10C670000672BD46BDE8F08F54E9023041F6FA4C2F
:10C68000634510D13A60F1F7DFFC3A680646013D98
:10C6900040F2125154F8080C884208BFAAF104096C
:10C6A000013A0834C7E7D4464CF8083BCAF80400FE
:10C6B000E246EFE701290CD175B1012D09D162687D
:10C6C00041F6FA439A4204D1A068F1F7BDFC064650
:10C6D000C7E70020F0F798FC2E46C2E7012910B505
:10C6E000044604D0022908D04FF0FF3010BD406846
:10C6F00007F014F9237A5840F8E7017A406851406E
:10C7000007F01AF90020F1E770B50D46044611460E
:10C71000284602221E46F0F757FF35B9204607F09B
:10C72000FDF8400040F0010070BD3068F1F78CFC6E
:10C730000146204607F000F90620F5E710B40C4644
:10C740000B1D0022411E20685DF8044BFFF7DCBF83
:10C7500038B5054651F8040B04681346627C04EBB7
:10C760008204226914680A46691EA047062038BD63
:10C7700008B503685A7C03EB82031B695B6803B14D
:10C780009847062008BD30B40468657C04EB850436
:10C790002469A468A44630BC60477FB50546486854
:10C7A0000C46F1F70DFB01466846E4F76DFD032DDD
:10C7B000029E12D1A068F1F703FB0146019A3046B0
:10C7C0000DF072FC029B019920681A46FFF7DBFF0F
:10C7D0006846F7F715F904B070BD0021EEE77FB5A4
:10C7E0000C4605460622606801A9F1F715FD032DE8
:10C7F000019E10D1A068F1F7E3FA0146029A304693
:10C800000DF052FC019B206802991A46FFF7BBFF0E
:10C81000062004B070BD0021F0E71FB504460522D4
:10C82000084601A9F1F7F8FC2046DDE901210023C3
:10C83000FFF7A9FF062004B010BD000030B587B097
:10C8400015460446052208466946F1F7E5FC03A9AA
:10C8500006222846F1F7E0FC0199049B994202D098
:10C860000548F0F725FA2046039B009AFFF78BFF57
:10C87000062007B030BD00BF6FDD050804300EF0A4
:10C88000C1BD000030B54B6887B005460C46C3B942
:10C8900011F094F93023B0FBF3F263690B499B88E4
:10C8A000049323699B880393E3689B880293A37A8C
:10C8B0000193637A0093237A2846C7F765F907B096
:10C8C00030BD034AB2FBF3F2E7E700BF83DD0508A2
:10C8D00020A1070010B5044611F070F93023B0FB19
:10C8E000F3F0A04207D9054BB3FBF4F004FB10337F
:10C8F00003B1013010BD0020FCE700BF20A10700FC
:10C9000010B58AB00446084611461A4603AB019397
:10C91000154B00930723F0F783FE0398431C02D0C6
:10C92000FFF7D8FF6060049B581C18BF2372059B5B
:10C930000798591C18BF6372069B5A1C18BFA37234
:10C9400010B118F001FFE060089810B118F0FCFE7B
:10C950002061099810B118F0F7FE60610021201DD8
:10C960000EF025FE0AB010BD306B060810B58AB077
:10C97000084611461A4602AB01931A4B009308234E
:10C98000F0F7ACFE18491820F1F730F90446029888
:10C99000FFF7A0FF039B2372049B6372059B6060FB
:10C9A000082B02D01148F0F783F9069BA372079871
:10C9B00018B1089B0BB1099B0BB90D48F3E718F0B0
:10C9C000C3FEE060089818F0BFFE2061099818F0D7
:10C9D000BBFE00216061201D0EF0E9FD20460AB07B
:10C9E00010BD00BFF06A0608686B0608D6DD0508B2
:10C9F000DFDD050808B50EF011FB062008BD0000BC
:10CA000010B44C8A8B6940F2EF1240F2F511012C00
:10CA100018BF0A4602495DF8044BC7F7B5B800BF16
:10CA2000EFDD050810B588B00446084611461A46E1
:10CA300002AB0193234B00930623F0F7F1FD069818
:10CA4000029B6382062815D0F1F710FA9FED1E7A3B
:10CA5000C7EE007AFCEEE77A17EE901A002351EA4F
:10CA6000030217D0B1F1804F73F1000313D31748BD
:10CA7000F0F71EF904994B1C01D1A169EEE7059A64
:10CA80004FF47A70D31781FB00011DF0FBF90B46C0
:10CA90000146E4E70121039BA16103B1E3619DF835
:10CAA0001C20238A52B143F004032382E369062B3E
:10CAB00002D020460EF08EFA08B010BD23F0040319
:10CAC0009BB2F2E7246C060800007A4409DE0508F0
:10CAD000F0B5202085B017461E460C46E3F7C8FB8C
:10CAE000134B0360032303824FF47A720623C0E9D9
:10CAF000062305465CB156F8040BF1F761F90130E5
:10CB000004F1FF3402D00B48F0F7D2F80CB967B14A
:10CB1000002406EB8402394601A8F0F71AFE01ABA7
:10CB2000324621462846FFF77DFF284605B0F0BD76
:10CB3000986C060813DE0508F8B50C46164654F83E
:10CB4000047B054638460EF069FA384633462246DD
:10CB5000691EFFF767FF0620F8BD1E207047426878
:10CB6000D36843F00103D3600620704770B58EB0E0
:10CB70000446084611461A4605AB01933D4B009307
:10CB80000923F0F74DFD07980628DDE9055610D07A
:10CB9000F1F716F910F0010F0CBF4FF480634FF45A
:10CBA000C0630136082E06D0092E1AD03248F0F79D
:10CBB0007FF80023F6E700220021A67A0291099966
:10CBC00001910899013918BF0121490300912046BC
:10CBD00029461AF0D5FB38B9227A28492848EFF7B8
:10CBE0005CFA4FF48052E7E7314620461AF0FCFC2D
:10CBF0000B9A0A9BE38191B243F2C823B3FBF5F38E
:10CC0000023399422CBF0B469BB22382637ADB0727
:10CC100017D50C9B002B01DB1A48C8E7A269618A73
:10CC200020461AF08CFC20461AF0E9FC854234BFFD
:10CC3000451B2D1A14235D438542024617D912491C
:10CC4000CCE7A069E3F73CFB0C9B002BA8BF0D933E
:10CC50000D9E002E02DC00221146E1E7E07A01364B
:10CC600006FA00F0E3F704FB31460246D8E70EB0BF
:10CC700070BD00BFB86C06081CDE050836DE05086E
:10CC80000821060842DE05085EDE050810B50C46E0
:10CC900013460A1D411E2068FFF768FF062010BDDD
:10CCA00070B586B003AB0193204B009305460C464C
:10CCB0000323043101381646F0F7B2FC012D246835
:10CCC00017D83568072D94BF00250125236A2BB995
:10CCD0001748A38321460DF0F5FD206215B3039E8E
:10CCE000062E08D03046F1F70BF820B91148EFF7BF
:10CCF000DFFF0125EAE7049D35B135F0300203D0AE
:10CD00000D490E48EFF7C9F9002120461AF0F0FB53
:10CD1000236A9DF81420DE601A740121A583204641
:10CD20001AF0E6FB206A06B070BD00BFA88F0608A7
:10CD300038B006087FDE050890DE050808210608E1
:10CD4000F8B51D46C37A134204460F46164604D072
:10CD500005232B604FF0FF30F8BDC1891AF0B5FCF8
:10CD600008B90B23F5E7E27A2B4626FA02F2394698
:10CD700020461AF0C2FC2B680BB16E2BEAD10023BF
:10CD80002B60E37A9840E7E713B504460846F1F7CD
:10CD900017F8E189ADF8020020461AF096FC50B170
:10CDA00001AB01220DF1020120461AF0A6FC019808
:10CDB00020B1F0F773F96E230193F8E7062002B073
:10CDC00010BD10B5C18904461AF034FC30B12046BC
:10CDD0001AF04DFC400040F0010010BD4FF0FF3054
:10CDE000F8E7F8B51D46C37A134206460F460CD144
:10CDF00032FA03F407D0C1891AF01CFC38B90B23AE
:10CE00002B604FF0FF342046F8BD0523F8E73D4680
:10CE100030461AF02CFCF37A012B0CBF25F8020BDC
:10CE200005F8010B013C05D0318A30461AF002FCAE
:10CE30000028EDD1EC1BE6E708B51AF0EBFB40004B
:10CE400040F0010008BD08B51AF088FB062008BDB7
:10CE50002DE9F0431E460D4617462846224A85B066
:10CE60003946F0F7B1FB306800F00703022B05D01C
:10CE700083070AD102681D4B9A4206D1F7F730F9B1
:10CE80001B4902461B48EFF708F9F0F799FF804667
:10CE90001AF06FFA10B918494246F3E7174B08F138
:10CEA000610203EB8209D9F808404CB92420E3F76A
:10CEB000F8F9134B036080F808800446C9F80800AD
:10CEC000012D00D85FB106EB8502394601A8F0F7C5
:10CED00040FC01AB321D691E2046FFF747FE20468D
:10CEE00005B0BDE8F08300BFFFFF03003431060842
:10CEF000A1DE05080821060836DE050834000020FA
:10CF0000006D0608032938B50546144611D112F004
:10CF1000010304D01AF07EFB031E18BF0123610732
:10CF200005D56A681268120601D543F00403184655
:10CF300038BD01291BBF16221A6000234FF0FF33B2
:10CF4000F5E700004B7A2DE9F74391F808800D468C
:10CF50009907044606D43349424603B0BDE8F0437E
:10CF6000C6F712BE6B68DE6816F4805F14BF09272F
:10CF70000827284616F4806918BF07F1FF371AF012
:10CF80003EFB29490097034642462046C6F7FCFD72
:10CF9000B9F1000F18D125492046C6F73BFA6B6856
:10CFA00023491B6913F4405F14BF0222012220466B
:10CFB000C6F7EAFD6B685B6913F4407F09D11D4930
:10CFC0002046C6F727FA15E0B20554BF19491A4999
:10CFD000E2E703F40076DB050AD518492046C6F7D8
:10CFE00019FA3EB116492046C6F714FA1549E7E783
:10CFF000002EFBD1698AEA892B8A01B1013900919F
:10D0000020461149C6F7C0FDAA8B1AB10F49204628
:10D01000C6F7BAFD0E49204603B0BDE8F043C6F797
:10D02000F9B900BFADDE0508B6DE0508CCAC0508D1
:10D03000DDDE05089DD7050843A5050885B0050870
:10D04000EEDE050816A80508F0DE050818DF05085D
:10D0500093EC0508024B4AF6AA221A600620704794
:10D06000003000401FB5084611461A4602AB019336
:10D070001A4B00930223F0F731FBDDE9022342B1A2
:10D0800017491848EFF709F80132062A4FEA6303F7
:10D0900002D0B3F5007FF7DADB00002B02DC124888
:10D0A000EFF706FEB3F5805F01DB1048F8E71049A3
:10D0B000013BC8688007FCD445F2555008608B607E
:10D0C000CB68DB07FCD40B4845F255530B604CF69C
:10D0D000CC434A600B6005B05DF804FB146E060893
:10D0E00023DF0508082106082EDF050841DF0508B3
:10D0F00000300040606E06084068002808BF062027
:10D1000070478369062B04D00E2B0CBF1E200E2007
:10D1100070471E20704710B504460846114600228D
:10D12000F0F752FA21460820F0F760FD0022426035
:10D1300010BD000010B50A46044641680248F0F7E9
:10D14000E8F96060062010BD89D2030870B50D466D
:10D150000646114628460D4A1C46F0F735FA2020AF
:10D16000E3F786F8002306604360C3602368036129
:10D1700006221E23C0E90523022D4FF00103C361DF
:10D1800002BF034B62681A6070BD00BF040002005A
:10D19000D8040020136810B533BB40F22133994204
:10D1A00002D10369136012E040F22D33994201D19C
:10D1B0004369F7E740F27E43994201D18369F1E781
:10D1C00040F24633994203D10F4BC2E9003010BD03
:10D1D00040F20E33994201D10C4BF6E740F20B437B
:10D1E0009942F4D1C369DDE75368002BEFD040F2D8
:10D1F0002D34A14202D143610023D3E740F27E44A3
:10D20000A142E4D18361F7E7A46E06089C6E06088C
:10D2100010B504468069062801D00E2803D10E23DC
:10D22000A361204610BD1E2807D1002307481A46D7
:10D230001946FFF770FFA061F3E7F0F7E3FC034B3B
:10D240008342EED002490348EEF71EFF206F060826
:10D2500053DF0508E021060838B5446805461CB9C7
:10D2600006490748EEF710FF002361680548636030
:10D27000F0F72EF96860204638BD00BF5ADF050878
:10D280009422060889D20308C369C8694010C0EB1C
:10D29000630000F1005020F0404000F16040C00FFA
:10D2A0007047000038B5D1E90054062202286261B7
:10D2B0000FD116F0FDFD084B03EA400040F00100DD
:10D2C000E0616A6805482146F0F7E1F868600620E9
:10D2D00038BD8868F4E700BFFEFFFF7F89D20308EE
:10D2E0008369062B37B5044601D00E2B02D1606945
:10D2F000E2F796FF084B41F662111868F2F7C8FA98
:10D30000A3690546CDE9003069460220FFF7CAFF50
:10D3100006206C6103B030BDD8040020F0B504468F
:10D320008069062885B04BD00E2835D0254E41F6B1
:10D3300062113068F2F7ACFA844204D122492348E2
:10D34000EEF7A2FE64696069F0F75CFC2049F9F72A
:10D350000FFA07460028F5D141F2DA613068F2F79A
:10D3600097FA01AA054680216069EEF729FE019B24
:10D37000A3B101AA394601200394EEF7D3FF01A916
:10D380000220CDE90154FFF78DFF306840F69A2165
:10D39000F2F77EFA60611E2005B0F0BDE76916F075
:10D3A00087FDC0EB670303F1005323F0404303F113
:10D3B0006043002BE9DD21462846FFF7BBFEDEE790
:10D3C0000E20E9E7D804002061DF0508E021060807
:10D3D000006F060830B50C4685B00546052220686A
:10D3E00001A9F0F719FF012D0CD96068F0F7F4FCE2
:10D3F000C243DDE9010100F0D7FCC043F3F7F3FFBE
:10D4000005B030BD0020F3E730B58BB002AB0D4660
:10D410000193454B0093043101230138F0F700F9E3
:10D4200003A928689DF808400522F0F7F5FE049945
:10D4300029B101390323B1FBF3F101318900214402
:10D4400006A8E3F721FFDDE90310089A022801F19D
:10D45000030302F1040524D8A0B10B789B081370D4
:10D460000B7802284FEA031340D1487803F03003C9
:10D4700043EA101353704B789B0003F03C03937006
:10D480004023D370DDE90720121B85180146A9420D
:10D4900031D10CB10A23835406A8F6F7B1FA0BB0C8
:10D4A00030BD13F8032C920805F8042C13F8032C54
:10D4B00013F8021C120102F0300242EA111205F8C0
:10D4C000032C13F8022C13F8011C920002F03C020A
:10D4D00042EA911205F8022C13F8012C02F03F02E7
:10D4E00005F8012C03382A461946AFE703F030034C
:10D4F00053704023C3E70B78192B04D84133DBB2B8
:10D5000001F8013BC3E7332B01D84733F7E73D2B45
:10D5100001D8043BF3E73E2B04D03F2B0CBF2F2355
:10D520003D23EDE72B23EBE73C6F0608F0B589B010
:10D53000052201A9F0F770FEDDE9015101EB41017F
:10D54000890804A80131E3F791FE0020069F0446F4
:10D5500003460646029A824204D8002B37D01E4862
:10D56000EFF7A6FB295C3D290BD1022B2FD0042B12
:10D5700000D164BB0124A1F13002092A1FD80A1D81
:10D580000CE0A1F141025FFA82FCBCF1190F05D950
:10D59000A1F16102192AEED8A1F1470242EA8616EA
:10D5A0009A1D072AC1BF059A023B511C0591C6BFAF
:10D5B00026FA03F1B954134600240130CAE72B2997
:10D5C00003D02F29F9D13F22E8E73E22E6E704A85D
:10D5D000F6F716FA09B0F0BD6FDF050801460148FD
:10D5E000F5F742BF04310608014AF6F797BD00BFC0
:10D5F00004310608F0B50D46164689B020220021F8
:10D6000004460CF051FD2B467019834212D121467D
:10D61000002321F802396A4604F11E0031F8027F26
:10D6200022F8023B81423B44F8D10023B34209D1A6
:10D6300009B0F0BD13F8011B34F81120013224F8B1
:10D640001120E2E7E95C51B108AA02EB410131F88F
:10D65000202C501C103221F8200C24F812300133F9
:10D66000E4E700002DE9F0410F4605461146384633
:10D67000214A1E46EFF7A8FF012F1AD97068F0F76C
:10D680009FFB022F044608D0B068F0F799FB804654
:10D69000032C05D91948EFF70BFB4FF00008F7E70B
:10D6A000B8F1000F08D0A8F105030A2B04D91448DB
:10D6B000F1E74FF00008444629461020F0F796FAAB
:10D6C00033684360037A44EA880404F03F0423F09B
:10D6D0003F0305461C430472032F4FF00000E8602F
:10D6E00002D9F068F0F7B0FC2B7A60F386132B7246
:10D6F0002846BDE8F08100BF0800020081DF050870
:10D7000084DF0508042910B504460AD1406830B109
:10D71000237A5B0601D5F9F7DDFA00236360002068
:10D7200010BD16221A604FF0FF30F9E713B54068BC
:10D7300003685A7C03EB82030DF103011B6901228C
:10D740001C6801ABA047431C014602D10198EFF7CA
:10D75000A5FC10B90348EEF797FC9DF8030002B052
:10D7600010BD00BF00230608D0E90032934210B577
:10D77000044603D25A1C0260187810BDC36843B136
:10D7800090F829202AB980689847002801DBC0B2A8
:10D79000F3E7012384F829300020EEE743695A1E9D
:10D7A00010B50446426123B9FFF7DEFF072320616D
:10D7B000636120694308236100F0010010BD2DE979
:10D7C000F041074616460C4659B1012505FA01F805
:10D7D00000243846FFF7E2FF05FB00446D00A84532
:10D7E000F7D83019BDE8F0812DE9F843002307464A
:10D7F0000E46884601F11E091D4638465C00FFF7BB
:10D80000CDFFC84504EB00020CD038F8023F59198F
:10D81000D31A05D51544103536F81500BDE8F88340
:10D820000D46EAE76FF00200F8E700002DE9F04F3F
:10D83000D3B088460192052140F201120646FFF757
:10D84000BEFF0122052107463046FFF7B8FF04223C
:10D85000114681463046FFF7B2FF02AD044613225F
:10D86000002128460CF020FCDFF8ACA04FF0000BA4
:10D87000A34515D1132229464046FFF7BBFE07EB0F
:10D88000090B00245C4516D33A4629464046FFF76B
:10D89000B1FE01984A46E919FFF7ACFE002012E0FC
:10D8A000002203213046FFF78AFF1AF8012B0BF103
:10D8B000010BA854DCE741463046FFF795FF0028EE
:10D8C00004DA6FF0020053B0BDE8F08F11281AD0CF
:10D8D00012281DD0102812D1002CF2D02B190322AF
:10D8E00013F801AC02213046FFF769FF22185A45B0
:10D8F000E7D82C4428B104F801AB0138FAE72855E1
:10D90000621C1446BEE7032211464FF0000AEAE704
:10D910000B220721F9E700BF0070060870B5064624
:10D9200004250020040A3046FFF71EFF013D44EAAB
:10D930000060F7D170BD70B50646042500200402D2
:10D940003046FFF711FF013D40EA0400F7D170BDFA
:10D950002DE9F0410446E36A013375D12046FFF713
:10D960001DFF0022206302212046FFF728FF012827
:10D97000E06240F081800023A4F84830A4F84A30E7
:10D98000A4F84C30A4F84E30A4F85030A4F852302B
:10D99000A4F854301823A4F856309823A4F858302B
:10D9A0007023A4F85A3004F166024FF4807322F811
:10D9B000023F01339BB2B3F58C7FF8D104F196029C
:10D9C000002322F8023F0133902BFAD14FF48C72DE
:10D9D000A4F8B82140F21912A4F8BA214FF48D72BC
:10D9E000A4F8BC2140F21B12A4F8BE214FF48E72A1
:10D9F000A4F8C02140F21D12A4F8C2214FF48F7286
:10DA0000A4F8C42140F21F12A4F8C62104F5E37261
:10DA100022F8023F01339BB2B3F5807FF8D1002397
:10DA20002022A4F8B222A4F8A832A4F8AA32A4F8BA
:10DA3000AC32A4F8AE32A4F8B03204F2C62222F816
:10DA4000023F0133202BFAD1E66A1EB3013E012EBC
:10DA50001DD8636B002B40F08B8004F148012046F9
:10DA6000FFF7C2FE94F829308BB9FF284EDCE3693A
:10DA70005A1CE261C0B235E00228E5D104F52A72F1
:10DA800004F148012046FFF7D1FE0028DCD06FF0FA
:10DA90000200A3E0606BD8B92046FFF765FE05469B
:10DAA0002046FFF761FE4FF4807810FB08552046B2
:10DAB000FFF75AFE07462046FFF756FE10FB087098
:10DAC00080F47F4080F0FF008542E0D1681C6661F1
:10DAD0000138606300287CD02046FFF745FEE369EB
:10DAE0005A1CE2611870E26B4AB1636C591C6164A4
:10DAF000D054D4E910329A4201D100236364D4E9AE
:10DB000007239A42FFF427AF002067E0B0F5807F3B
:10DB10005FD06FF4807318441C28B8DC324D35F8A0
:10DB2000202015F82010C2F3C80201F0070120469A
:10DB3000FFF745FE04F52A7160632046FFF754FEA7
:10DB40001D28A4DC05EB800520466A886978C2F3AD
:10DB50000E020909FFF733FEE36B002B2AD0226C7B
:10DB600090423DD8636C1B1A4ABFD218A363A263CC
:10DB7000E16BE369A26B31B3581CE0618A5C1A70F7
:10DB8000E36B5BB1626CA16B501C6064595C99548F
:10DB9000D4E910329A4204BF00236364A36B226C61
:10DBA00001339342A36301D10023A363636B013B61
:10DBB0006363A4E7D4E906239B1A98423FF667AF54
:10DBC0004042A063D4E79A5C1A70E3690133E361D1
:10DBD000ECE7236B002B3FF4C1AE0120BDE8F081E0
:10DBE0006FF00400FAE700BF1470060838B5054668
:10DBF0000C4604B938BD2846FFF7B6FD013CF8E7EE
:10DC000038B50546FFF7B0FD04462846FFF7ACFDE2
:10DC100044EA002080B238BD70B50E460446FFF7D6
:10DC2000A3FD05462046FFF79FFD1F2D014639D174
:10DC30008B2837D12046FFF797FD082802D06FF0D8
:10DC4000020070BD2046FFF78FFD1F280546F6D85D
:10DC500006212046FFF7CAFF6B0706D52046FFF7CF
:10DC6000CFFF01462046FFF7C1FF280704D5204615
:10DC7000FFF77AFD0028FAD1E90604D52046FFF720
:10DC800073FD0028FAD1AA0702D52046FFF7B8FF96
:10DC9000022384F828304FF0FF3363620F23336090
:10DCA0000120CEE74FF4807315FB03131F22B3FB53
:10DCB000F2F2C2EB4212981AC1D105F00F03082B01
:10DCC000BDD1C5F30715072DB9D88B06B7D40835D4
:10DCD0000123EDB284F8283063623560B1E7F0B516
:10DCE0001FFA82FC41F2B056120C4FF6F17411B9D2
:10DCF0004CEA0240F0BDB1420D4628BF354625F042
:10DD00000F0707440346BB420ED105F00F0018442D
:10DD1000834243D1BCFBF4F3491B04FB13CCB2FB9D
:10DD2000F4F304FB1322E2E71878604493F801C08F
:10DD30000244844498786244604493F803C00244E7
:10DD4000844418796244604493F805C002448444D2
:10DD500098796244604493F807C002448444187A76
:10DD60006244604493F809C002448444987A62444F
:10DD7000604493F80BC002448444187B62446044BE
:10DD800093F80DC002448444987B6244604493F845
:10DD90000FC00244844462441033B4E713F8017B9B
:10DDA000BC446244B4E7000010B50B4C0346014488
:10DDB00010468B4200D110BD13F8012B424002F0F7
:10DDC0000F0054F8200080EA121000F00F0254F8FF
:10DDD000222082EA1010ECE7C06F060870B5C66911
:10DDE0000446FFF7B5FD051E13DB94F82830012B20
:10DDF00005D0022B0FD0012D0AD1012509E0E169E0
:10DE0000626A891B3046FFF76AFF012D606216D0F7
:10DE10000025284670BDE169626A891B3046FFF71C
:10DE2000C3FF012D6062F3D12046FFF777FD636ADF
:10DE3000DB43834209D12046FFF770FDDDE7204632
:10DE4000FFF779FD636A8342D7D06FF00305E0E7FF
:10DE50002DE9F743054640680E46174698460028C8
:10DE600055D0EC68002C34D10121F9F7B1F84FF40A
:10DE7000A260E2F7FDF92146E8604FF4A1620430A8
:10DE80000CF012F9E8682E4B03612B7A80F80C45F0
:10DE9000C3F3830403F00303012BC5602BD1002CD3
:10DEA00008BF08244FF0010909FA04F94846EC6854
:10DEB000E2F7DEF92060EC682268C4E9102900234B
:10DEC0004FF0FF3184F82D30A36163632163A364B5
:10DED000A36394F80C3583BB374426626762201D28
:10DEE000FFF77CFF012825D1EB6883F80C05EB6870
:10DEF000186A801B10E001A90430FFF78DFE00288E
:10DF000005DB2B7A03F00303022B08D158B116234B
:10DF1000C8F800304FF0FF3003B0BDE8F083032BAA
:10DF200001D10128F3D1019B14B1A342A8BF23461C
:10DF30001C46B7E70028DAD0E9E70020ECE700BF8D
:10DF40002DD7030830B5048A856802FB0412847C4F
:10DF5000D208042C18BFC943A85C01F00701003B9C
:10DF60004FF0010404FA01F418BF012320EA040071
:10DF70008B400343AB5430BD038A02FB0313827C06
:10DF8000DB08042A826818BFC943D05C01F007018E
:10DF9000084100F0010070472DE9F04F0A9C078A04
:10DFA00090F81290FF08B4F1000E07FB02F218BFC0
:10DFB0004FF0010E0B444FF0010A994201D1BDE828
:10DFC000F08F8468DDF82480B9F1040F02EBD105ED
:10DFD000254416BFCC4301F0070404F007040AFAF5
:10DFE00004FB4FF0000C6FEA0B0B0EFA04F4B8F1CF
:10DFF000000F01D10131E0E715F80C600BEA0606CD
:10E00000264305F80C6008F1FF38BC44EFE730B553
:10E01000058AD40805FB0411856802F00702685CD4
:10E02000003B4FF0010404FA02F418BF012320EA78
:10E03000040093401843685430BD30B58368058AA6
:10E04000D40805FB043302F00702585C104100F0CD
:10E05000010030BD2DE9F043089C079FB4F1000C8E
:10E0600018BF4FF0010C17444FF0010EBA4201D116
:10E07000BDE8F083048AD50804FB051584682C44A8
:10E0800002F007050EFA05F904EB03086FEA090927
:10E090000CFA05F5444501D10132E7E7267809EA93
:10E0A00006062E4304F8016BF4E710B5048A02FB60
:10E0B0000411826822F8113010BD038A02FB03119B
:10E0C000836833F811007047F0B5068ADDE905452D
:10E0D00002FB061182685F0002EB4102013C0BD299
:10E0E000F0BD26F8025B01390029FAD1018A3A44D1
:10E0F000C91A02EB4102F1E719461646F4E730B5BA
:10E10000048A856802FB041292084900A85C01F0A9
:10E11000060103248C4003F0030320EA04008B4033
:10E120001843A85430BD038A02FB03139B0882687E
:10E130004900D05C01F00601084100F0030070477F
:10E140002DE9F843CF18089B804615460C4602EB94
:10E150000309A7420CD8BDE8F8833246099B214643
:10E160004046FFF7CCFF0136B145F6D80134F0E761
:10E170002E46F9E710B5048A02FB0412520884689F
:10E18000A05CC90755BF00F00F0003F00F0340EA81
:10E19000031320F00F004CBF0343DBB2A35410BDA8
:10E1A000038A02FB03135B088268D05CCB074CBF79
:10E1B00000F00F000009704710B5048A806802FB68
:10E1C0000400435410BD10B58368048A02FB043375
:10E1D000585C10BD30B4847C0C256C43024D2C5926
:10E1E000A44630BC604700BFB872060830B4044B88
:10E1F000847C0C2505FB043330BC5B68184700BFEA
:10E20000B87206082DE9F041DDE90647002C2CDD47
:10E21000002B2ADD0B44002B27DD1444002C24DDC9
:10E22000C689964221DDB0F80CC08C451DDD90F802
:10E2300012E00F4D07974FF00C0808FB0E5522EA2D
:10E24000E272B442D4BFC2EB0407C2EB0607AC686B
:10E25000069721EAE1716345D4BFC1EB0303C1EB2B
:10E260000C03A446BDE8F0416047BDE8F08100BF63
:10E27000B87206082DE9F04F804685B0084615466D
:10E28000EFF79EFD04462846EFF79AFD002CB8F8FC
:10E290000C30054619DA62429A4212DAE318019309
:10E2A000012302934FF0000B002DB8F80E6016DA30
:10E2B0006B42B34205DA2E444FF0010A0027B74201
:10E2C00027D1062005B0BDE8F08F9C42F9DA03F1B2
:10E2D000FF3B631E01934FF0FF330293E4E7B54227
:10E2E000EFDA771E4FF0FF3A6E1EE8E7A9EB040164
:10E2F000039A4046FFF77AFF494603463A464046AE
:10E30000FFF768FF029B9944019B4B45EED15744B0
:10E31000D5E77B1BD9460393F6E770B504460D1F7E
:10E3200000EB820654F8040FEFF74AFDB44245F8BB
:10E33000040FF7D170BD10B586B00C6808460422F2
:10E3400002A9FFF7EAFF059B0193049B0093204677
:10E35000DDE902120123FFF755FF062006B010BDCC
:10E3600010B586B00C680846042202A9FFF7D5FF55
:10E37000059B0193012300932046DDE903230299C5
:10E38000FFF740FF062006B010BD10B588B00C683E
:10E390000846052203A9FFF7C0FF079B0193069BD0
:10E3A00000932046DDE904230399FFF72BFF0620A5
:10E3B00008B010BD2DE9F0418046D1E900700E464D
:10E3C000EFF7FEFC0446B068EFF7FAFC002C0546B8
:10E3D00002DBBB89A34202DC0620BDE8F0810028F5
:10E3E000FADBFB898342F7DDB8F1030F08D102465F
:10E3F00021463846FFF7FAFE400040F00100ECE706
:10E40000F068EFF7DDFC2A46034621463846FFF761
:10E41000E1FEE1E737B504460846EFF7D1FCA27C00
:10E42000074B01900C2101FB0233E289009200228C
:10E430009D68A38920461146A847062003B030BD39
:10E44000B87206082DE9F04F89B004464868029278
:10E4500089461D46EFF7B4FC0646D9F80800EFF7E9
:10E46000AFFC8346D9F80C00EFF7AAFC042C01900E
:10E4700017D9D9F81000EFF7A3FC0446721E4FF627
:10E48000FE739A42B04609D80BF1FF379F42DA4635
:10E4900004D8B4F5803F01DAB44204DA0020EEF784
:10E4A00007FC3446EAE7019A062A4FD8DFE802F073
:10E4B00004524534343C50000BF1070A2AF0070A95
:10E4C000AAF1080701230393029BD9F8000043F047
:10E4D000040205A9EFF7A0FEAAEB070A039B674316
:10E4E00008FB0A775F43069BB3EBD70FD6D325B95A
:10E4F00019491420EFF77AFB0546D9F800306B6014
:10E50000059BAB60019BAE812846A5F80EB0AB74AD
:10E510002C8209B0BDE8F08F073406F1070824F01B
:10E52000070428F00708CDE7033406F1030824F0B8
:10E53000030428F003080223C5E7013406F10108AB
:10E5400024F0010428F001080423BCE70348A6E7EF
:10E550000823B8E71023B6E70C7306088ADF05081E
:10E5600070B50C461D4611462046054AEFF72CF8BB
:10E57000294620460023BDE870400222FFF762BF13
:10E580000A0008007FB50B688A68019303284B686E
:10E590000293039288BFCB6805930122049201ABDA
:10E5A000002205210248FFF7DBFF07B05DF804FBFE
:10E5B0000C73060808B54068EFF72EFE80F00100E6
:10E5C000C0B208BD2DE9F74F0546D1E900A00C46C1
:10E5D000F5F786FD0646A068EFF7F2FB0746E06810
:10E5E000EFF7EEFB042D834641D92069EFF7E8FBF6
:10E5F0000346013E13E0A4F12002602A28BF7F24D5
:10E60000203C1C4A24B2C7EBC4043D461444002DF0
:10E610000DDA013507F108029542F8D12F4616F8B8
:10E62000014F002CE7D1062003B0BDE8F08FBAF807
:10E630000C20AA42EDDD14F80590D846B9F1000F80
:10E64000E7D019F0010F0DD0B8F1000F0ADBBAF8CE
:10E650000E20424506DD4246294650460193FFF70B
:10E66000B9FD019B4FEA590908F10108E6E70123CA
:10E67000BFE700BF2C730608F8B51F46038A8468FD
:10E68000069E02FB031105460C44013E00D2F8BD74
:10E69000204607993A460BF007FD2B8A1C44F4E705
:10E6A0002DE9F74F0D9FB0F8108084681E4602FBDD
:10E6B000081207F00F0704EB5204A8EB060847EA1C
:10E6C00007120C9B00924FEA071B4FEA580801F013
:10E6D000010506F1FF3A013B02D203B0BDE8F08F1D
:10E6E0000DB306B3227822F00F023A4304F8012B4F
:10E6F000D1464FEA590200990C93204601920BF043
:10E70000D3FC019A0C9B19F0010F04EB020007D017
:10E71000A15C01F00F014BEA0101A15405B90130E0
:10E7200000EB0804D7E7B146E3E72DE9F04F884650
:10E7300089B000230D6807938346052203A940464C
:10E74000CDE90333CDE90533FFF7E7FDBBF1060F54
:10E75000DDE90346DDE905A9079F10D9D8F81800BF
:10E76000EFF772FC58B1CDE9009753463246214687
:10E770002846FFF747FD062009B0BDE8F08F4FF0AF
:10E78000010853463246214628460197CDF80080BD
:10E79000FFF738FD06EB09025346013A21462846A9
:10E7A000CDE90087FFF72EFD434632462146CDE9ED
:10E7B00000972846FFF726FD04EB0A01CDE90097F4
:10E7C000434632460139D3E708B50A460168007A64
:10E7D000F8F7F8FCBDE80840EFF7F2BAF0B4049F90
:10E7E00067B100290ADB87898F4207DD002A05DB34
:10E7F000C589AA4202DAF0BCFFF7ECBCF0BC704756
:10E800002DE9F04F87B09846109B00931546009A6B
:10E81000119BA8EB0106002EA2EB0507DABFA1EBC6
:10E8200008064FF0FF394FF00109002FDABFAF1A89
:10E830004FF0FF3A4FF0010ABE420C461DDB524634
:10E84000CA4691463A46374616462A4614460D466B
:10E8500000220192720002927A00C7EB46060392F0
:10E860004FF0000B5F450ADC01221092009A4146EE
:10E8700007B0BDE8F04FFFF7B1BF0122E9E7019A09
:10E88000CAB1002C0FDB8289A2420CDD002D0ADB0D
:10E89000C289AA4207DD05932A4621460490FFF764
:10E8A00099FCDDE90403002E13DA029A554416445C
:10E8B0000BF1010BD6E7002DF5DB8289AA42F2DDD0
:10E8C000002CF0DBC289A242EDDD059322462946E9
:10E8D000E4E7039A4C44B61AE5E710B588B00C6833
:10E8E0000846052203A9FFF718FD079B0193069B25
:10E8F00000932046DDE904230399FFF781FF0620FA
:10E9000008B010BD2DE9F04F87B01E46129B14468B
:10E9100003F0040203F0010C03F0020B039203F076
:10E920000802DB06DDE9109807460D46049236D54D
:10E93000BCF1000F08D001230093CDF80480F31838
:10E94000A4EB0902FFF75EFCBBF1000F0AD0012324
:10E950000093CDF80480F318A4EB0902A91B3846F4
:10E96000FFF750FC039B53B101230093CDF80480C3
:10E97000F31804EB0902A91B3846FFF743FC049B7C
:10E98000ABB30123109304EB0902F3182946384670
:10E99000CDF8448007B0BDE8F04FFFF733BC01EB82
:10E9A000060AA4EB0902CDF800C043465146AD1B50
:10E9B0000592FFF713FF059ACDF800B043462946AC
:10E9C0003846FFF70BFF4C44039B00932246434617
:10E9D00029463846FFF702FF049B10932246434620
:10E9E0005146384607B0BDE8F04FFFF7F7BE07B015
:10E9F000BDE8F08F2DE9F04F95B00B6807930D46F9
:10EA00000023074605220FA92846CDE90F33CDE99B
:10EA10001233FFF782FC0F9B0893109B0993DDE9EB
:10EA20001243062F0A9320D9A869EFF70DFB072F91
:10EA30004FEA00161AD0E869EFF7C2F900F00F00AC
:10EA400040EA06030593119B53EA040211D1059B8A
:10EA500003F00F030093DDE90701DDE90923FFF768
:10EA6000BDFE062015B0BDE8F08F002646F00F036E
:10EA7000E8E704FB04F20B925D0052000692C5F138
:10EA8000010504FB04F25543069A002603FB03F834
:10EA90004FEA480B02FB03F93746B24606EB080281
:10EAA000B1450C9229DA65000026C5F1010508FB85
:10EAB00005F5374604FB0BF8B2460B9B464506EBC3
:10EAC0000309CEDC059B02930A9B0798CDE900431E
:10EAD000DDE908125346FFF715FF069B4F441E441D
:10EAE00005EB4703002B0AF1010AC1BF04F1FF3413
:10EAF000A8EB0B08DF1B5D44DFE7059A02920A9A38
:10EB000007980D93CDE900A2DDE90812FFF7FAFEA0
:10EB10000C9B1F4405EB4702002A0D9B0AF1010ADA
:10EB20005E44BBDD0699013BA9EB0109D71B0D44EF
:10EB3000B4E72DE9F04F91B002AF0B683B62064697
:10EB400048680D46EFF73CF98146A868EFF738F9B9
:10EB5000052207F12C018246E868EFF75DFB97F884
:10EB600034103C6B00224020F8F7B8FAB4EB400FA9
:10EB70004FEA40035ED3B4FBF3F42869EFF720F9C2
:10EB8000052EF8612ED8002107F12C00FFF71CFE9E
:10EB90000121054607F12C00FFF716FE640006462A
:10EBA000013C214607F12C00FFF70EFE2146B3463B
:10EBB0000139064607F12C00FFF706FEFB690193B9
:10EBC0000AEB06030093A84609EB0003023C054646
:10EBD0000BEB0A02386A08EB0901FFF711FE631C10
:10EBE000DFD127E06869EFF72FFA0028CBD04FF08C
:10EBF00000430026BB616FF000450EE0710001315B
:10EC000007F12C00FFF7E0FDBB698542A8BF054670
:10EC10008342B8BF0346BB610136A642EEDBA300C8
:10EC200007336400621E23F007033A61FB60BB698F
:10EC3000AB4204DA06203C37BD46BDE8F08FFB68E6
:10EC4000C7F814D00021ADEB030D07F12C00FFF73E
:10EC5000BBFD0121804607F12C00FFF7B5FD3B69A4
:10EC60007B6202AE04464FF0000B796A7C6007F1CC
:10EC70002C00FFF7A9FD796A7B6AC7F80880023B80
:10EC80000446013907F12C007B62FFF79DFD7A688D
:10EC9000BB68A242804603D0954214DAA54214DA3A
:10ECA000A2421146B8BF2146A94225D1A2422DDA7F
:10ECB00001230093FB690AEB040209EB0801386A9F
:10ECC000FFF78CFD18E0A542EADAA8EB0301A5EBFB
:10ECD000020C0CFB01F14901A21A91FBF2F202EBCA
:10ECE000431212F1100348BF02F12F030BF1010090
:10ECF0005B1146F82B3083467B6A0133B5D1BBF1FB
:10ED0000000F41D10135D7F814D090E703EB09018A
:10ED1000524403DD01230093FB69D0E7FB690193B3
:10ED20000AEB04030093386A09EB0803FFF768FD58
:10ED3000E2E7116852F8044FA14203F1010C27DD0C
:10ED400006EB830246F82340516003B1013B06EB1A
:10ED500083029842EDDC043600240AEB05024FF0F2
:10ED60000108F86956F8041C56F8083BCDE9008004
:10ED70005B1A7A62386A013349440234FFF742FA77
:10ED8000A3457A6AEDDCBDE700230BF1FF30DEE737
:10ED90006346DEE773B50D460E490646F7F78DFD6F
:10EDA000044628B10FCC0FC523682B6002B070BD9C
:10EDB000304601AA6946EFF7ABF80098031F012B14
:10EDC00002D92046EDF774FF01992B460122FFF787
:10EDD00039FBEBE70C7306082DE9F04F0E468DB0BA
:10EDE000D1F80080054602A97068FFF7D3FFB0682C
:10EDF000EEF7E6FF8246F068EEF7E2FF042D0446E8
:10EE00004FF0000936D8CDF824904FF0FF37B8F80E
:10EE10000C6056452ADDB8F80E00A04226DDBDF88C
:10EE20001450CAF10002AA4220DABDF8163061423D
:10EE300099421BDA55442344B542A8BF3546834264
:10EE4000A8BF03462AEAEA7924EAE4740093002979
:10EE5000ACBFC4EB010AC4F1000A002AACBFC9EB85
:10EE6000020BC9F1000B009B9C422DDB06200DB06C
:10EE7000BDE8F08F3069EEF7A3FF052D0746CDF80A
:10EE80002490C4D070690628C1D007A9FFF782FF7B
:10EE9000BDE7019A0BEB060102A8FFF7A7F9099A53
:10EEA00003462AB10146002207A8FFF79FF903464F
:10EEB0009F4204D0224631464046FFF78BF9013687
:10EEC000AE42E6DB0134CEE70AEB04034E46019383
:10EED000F6E700002DE9F04FCBB00AAA01F140059A
:10EEE00014464B780E781B0443EA0663CE7833430E
:10EEF0008E78043143EA06238D4244F8043BF0D176
:10EF00001024916B16464FEAF14383EA714383EA7A
:10EF10009123716A366852F8045F31440B444FEA1A
:10EF2000B54181EAF51181EAD50101340B44402C49
:10EF3000D363E6D1036D0093436D0193836D029318
:10EF4000C36D0393036E0493436E0593836E069320
:10EF5000C36E0793DDE9067ADDE9041CDDE902589A
:10EF6000DDE900462C4B08934FF0000E0DF1280907
:10EF7000089A52F8043B08924FEAF12282EAB11251
:10EF800082EA7162099259F82E2003EB020B099A6A
:10EF900027EA01035A4401EA0C0B83EA0B031A44E3
:10EFA000524486EA05034FEA743A06EA050B8AEAF8
:10EFB000B40A23408AEAB45A83EA0B030EF1010E25
:10EFC0005344BEF1400F02EB080B1344A846BA4667
:10EFD0001AD1009A1A44019B026523444365029B9F
:10EFE00033448365039B2B44C365049B5B440366E6
:10EFF000059B0B444366069B63448366079B3B4427
:10F00000C3664BB0BDE8F08F674635468C46264652
:10F0100059461C46ACE700BFA07606080023002234
:10F0200003640023C0E912230B4B0C4A0C49DFF8A0
:10F0300040C0C0E914230B4BC0E916130A4BC0E9CA
:10F0400018C30A4B836603F17453A3F52303A3F695
:10F050009243C366704700BF85AE67BB67E6096A27
:10F0600072F36E3C3AF54FA58C68059BABD9831FB4
:10F070007F520E5170B50C468D180026AC4200D15F
:10F0800070BD036C14F8012BC2540133402B036490
:10F09000F4D10146FFF71EFFD0E9123213F50073D9
:10F0A00042F10002C0E912320664E7E71FB50446E8
:10F0B0000846237913B10848EDF7FAFD01A90522A6
:10F0C000EFF7AAF804F10800DDE90112FFF7D2FF1B
:10F0D000062004B010BD00BF8EDF050870B50D46D8
:10F0E00004461146284602221E46EEF76DFA2146D6
:10F0F0007820EEF77BFD0023037104460830FFF70C
:10F100008DFF012D03D131682046FFF7CFFF204648
:10F1100070BD70B5056C8022372D425504460E46F1
:10F1200000EB050337D800F13702002193422FD1BD
:10F13000D4E91223ED00AD1843F10003C4E91253E2
:10F140001BBA2DBAC4E90E3521462046FFF7C2FE90
:10F15000013E1823226DDA4006F8012F626DDA4075
:10F160003271A26DDA403272E26DDA403273226E91
:10F17000DA403274626EDA403275A26EDA4032766C
:10F18000E26EDA40083B13F1080F3277E2D170BD2E
:10F1900003F8011FCAE7C0F101010020CA183F2A85
:10F1A00008D921462046FFF795FE382200210AF0B3
:10F1B0007BFFBDE703F8010FF0E700001FB50379FF
:10F1C000044613B10948EDF773FD012303712021B3
:10F1D0006846E2F759F8029904F10800FFF799FF31
:10F1E0006846F4F70DFC04B010BD00BF8EDF0508C3
:10F1F000820708B503D10268034B9A4202D0034844
:10F20000EDF702FF08BD00BF5C2806089ADF05087D
:10F210002DE9F843C36853F8227005460E4614469C
:10F22000B442EB684FEA84080BD9013C64083946C4
:10F2300053F8249000204A46EDF742FD1E28EB6863
:10F2400004D0EB6843F80870BDE8F88343F80890F1
:10F25000E6E72DE9F047D0E902834C0053F821900E
:10F2600005460E4601348A464445EB6808D343F808
:10F270002A90524631462846BDE8F047FFF7C8BFFE
:10F28000671C474509D203EB840253F824105268E7
:10F290000020EDF715FD0E2800D02746EB687C0016
:10F2A00053F8272043F82A200134BA46DCE738B562
:10F2B000FFF79EFF8468054664080CB9062038BD38
:10F2C000013C21462846FFF7C4FFF6E738B5FFF7B3
:10F2D0008FFF83681BB90A490A48ECF7D5FEC1685D
:10F2E000013B0C6851F8235083600D60C268002117
:10F2F00042F823100BB1FFF7ACFF204638BD00BF2A
:10F300005ADF05089422060870B505460E46FFF739
:10F310006FFF044631462846F2F789FAA268204674
:10F32000013A0021FFF774FF062070BD38B500F1E7
:10F330000C0100F108034568044601220068A84753
:10F340000346A06808B1EDF7A9FE03B92373207B3B
:10F3500038BD000030B58DB01D4603AB01931F4B87
:10F360000093401B0C46012301EB8501EEF758F991
:10F370000398062814D11A4B06931A4B0793012DB4
:10F380001DD104AA082108A8E1F78EFF04A821686E
:10F390000322EEF74BFC08A8F4F72CFB0DB030BDB0
:10F3A00008AA0221EEF7D6FD089B1868F4F798FE2C
:10F3B000089B06905868F4F793FE0790DFE70A4B26
:10F3C0006068059302210490F7F702FE04A8216803
:10F3D0000322EEF72BFC0620E0E700BFF0770608DB
:10F3E000AFCF050823E30508B77003080123FFF733
:10F3F000B1BF0223FFF7AEBF2DE9F04F012191B05D
:10F400000446F7F7E5FD002503680593082108A8E1
:10F41000049406958DF81C50E1F728FF04A8CDE967
:10F420000E55FFF783FFDFF80C93DFF80CA3DFF82E
:10F430000C832F462E469DF81C406CB104A8FFF7A4
:10F4400075FF5D2C7BD038D83A2C2CD81F2C06D8D1
:10F450000A2C25D8082CEED8B548EDF729FCA4F1E4
:10F460002002D2B20123934013EA0A0F40F0FD803C
:10F4700013EA0803DFD1222CEED109939DF81C106A
:10F480000029E9D0222940F0A08004A8FFF74EFF10
:10F49000DDE90910F4F7BAFA04464FF0000B27E053
:10F4A0000D2CC8D0D8E75B2CD6D100210846F2F746
:10F4B00049FC04464FF0010B1AE0742C6DD039D88A
:10F4C000662C4CD06E2CC7D19DF81C30752BC3D147
:10F4D00004A8FFF72BFF6C28BED104A8FFF726FF76
:10F4E0006C28B9D104A8FFF721FF4FF0000B0624C8
:10F4F000002E40F0ED802046EEF784FB0746BBF17E
:10F50000000F40F0FB809DF81C00E1F7F3FF00289E
:10F5100040F009819DF81C30002B9DD1002C9BD020
:10F520000E9B002B98D108A8E1F7CAFE204611B027
:10F53000BDE8F08F7B2C00F0C7807D2C8CD1002E95
:10F540008AD00E9B002B00F0FB80013B0F9A0E939C
:10F5500052F823603046EEF755FB07466BE79DF8FF
:10F560001C30612B7FF478AF04A8FFF7DFFE6C2816
:10F570007FF472AF04A8FFF7D9FE73287FF46CAF55
:10F5800004A8FFF7D3FE65287FF466AF04A8FFF751
:10F59000CDFE4FF0000B0E24AAE79DF81C30722B15
:10F5A0007FF45AAF04A8FFF7C1FE75287FF454AF6B
:10F5B00004A8FFF7BBFE65287FF44EAF04A8FFF751
:10F5C000B5FE4FF0000B1E2492E75C290CD104A875
:10F5D000FFF7ACFE7528014606D86D2808D86228CA
:10F5E0003FD0662808BF0C2108A8E1F7BDFE34E033
:10F5F000A0F16E03072BF7D801A252F823F000BF49
:10F6000021F60308E9F50308E9F50308E9F503081D
:10F6100067F60308E9F5030825F6030829F6030849
:10F620000A21E1E70921DFE700244FF0040B04A8D9
:10F63000FFF77CFE40F02000C0B2A0F13003DBB247
:10F64000092B84BF5738C3B2BBF1010B43EA041442
:10F65000EDD1214608A8E1F78EFE04A8FFF766FE6B
:10F660000CE70821C0E70D21BEE7002309939B4664
:10F67000214608A8E1F778FE9DF81C402E2C17D0F3
:10F6800004F0DF03452B13D02B2C13D02D2C11D0DD
:10F690002046E1F743FF034660B9DDE90910BBF1FD
:10F6A000000F0BD000931A460393C3F7D7FDF3E680
:10F6B0004FF0010B04A8FFF739FED9E75B460A2299
:10F6C000C3F794FC044613E70020F0F7F9F8F0E6DE
:10F6D0004F4515D121463046F2F7A9F8BBF1000F8E
:10F6E0003FF4A9AE0F9BCBB901210CA8F2F7E2F9C8
:10F6F0000F9B1E602046EEF785FA074626469AE6DF
:10F700002DB9BBF1000F7FF4A7AE254693E629463D
:10F7100022463046F0F7D6F90025DFE731460CA83F
:10F72000F2F785F8E6E704A8FFF700FEEBE600BF76
:10F73000A4DF05085C2806080020FF030110000470
:10F740003446E0E600B58DB0052201A9EEF764FD70
:10F75000029BCDE90433019B069301238DF81C30F5
:10F76000064B089304AB099308A80023CDE90A339C
:10F77000FFF742FE0DB05DF804FB00BF9C310608A8
:10F7800030BF062070470000024B1868400040F070
:10F7900001007047DC040020F0B5624995B00546D1
:10F7A000C87E4B7C0A7C0990887E0890487E079032
:10F7B000087E0690C87D0590887D0490487D039062
:10F7C000087D0290C87C0190897C00915648574979
:10F7D000C4F7DAF90BF090FF04460BF087FF2246DE
:10F7E000034653495048C4F7CFF90EF0E7F90446F1
:10F7F0000EF0DEFA06460EF0E1FA07460EF0F6FAD3
:10F8000033462246CDE900704A494748C4F7BCF95F
:10F81000494A4A494448C4F7B7F9494A494942481C
:10F82000C4F7B2F9484A49493F48C4F7ADF9484AD4
:10F8300048493D48C4F7A8F9474A48493A48C4F7F7
:10F84000A3F9474A47493848C4F79EF9464A474909
:10F850003548C4F799F9464A46493348C4F794F9FC
:10F86000454A46493048C4F78FF9454A45492E482C
:10F87000C4F78AF9444A45492B48C4F785F9444AF4
:10F8800044492948C4F780F90DAB0CAA0BA90AA872
:10F89000E1F72CFC0D9B01930C9B3F490093224800
:10F8A000DDE90A23C4F770F90DA8E0F731FF3B4901
:10F8B0001D48C4F769F90D9A39491B48C4F764F922
:10F8C000DDE90E2337491848C4F75EF9139B00930E
:10F8D00035491548DDE91123C4F756F9334BD3F800
:10F8E000B041A4B1D4E9001231480AF041FCB0B9EA
:10F8F000A4680DA904F14400C2F7E0F9B4F852205D
:10F900000D9B2C4908485A435202C4F73DF9012D7A
:10F9100002D10548E1F7DCF9062015B0F0BDE46836
:10F92000DFE700BF007AFF1F4C100608ADDF0508B7
:10F93000E4DF0508FFDF05086CD1060816E00508BE
:10F9400074D1060821E00508000000202DE005081C
:10F950003400002038E005083400002043E00508AA
:10F96000402300204DE00508F87F012057E00508FE
:10F97000F8BF012063E00508000000206FE00508E3
:10F98000402300207EE00508F87F01208EE0050876
:10F9900000C001209CE00508A9E00508F1E0050889
:10F9A000F6E0050802E105080DE105083400002035
:10F9B00006A505081FE1050808B514F0C5FA000002
:10F9C00001480C21F4F7BCB8107AFF1F2DE9F04371
:10F9D0000F4685B08046D0B90EF0F0F8F1F7E8FC9C
:10F9E00000900EF0E5F9F1F7E3FC01900EF0E6F976
:10F9F000F1F7DEFC02900EF0F9F9F1F7D9FC694657
:10FA000003900420F5F7D4FE05B0BDE8F083086844
:10FA1000EEF7D6F90028054600EBD076B8BFC51C36
:10FA2000B8F1010F04464FEAA5054FEA66061DD05E
:10FA30007868EEF7C5F9B8F1020F81460AD0B868C8
:10FA4000EEF7BEF9B8F1030F054603D0F868EEF7FC
:10FA5000B7F9064633462A464946204614F0C2FA0C
:10FA600010F1160F04D10648EDF722F98146F1E7AF
:10FA7000002802DA034812F0CDFB0620C4E700BFDD
:10FA800033E1050837E1050807B538B100230093D5
:10FA900002200B680193694618F092FE14F07EFB79
:10FAA000062003B05DF804FB07B538B100230093CE
:10FAB00002200B680193694618F082FE14F09CFB4B
:10FAC000114B5A6812F0020F104A0BD0042111603A
:10FAD0001A6842F008021A600D4A536F43F08073AF
:10FAE000536770470A4B5B6F13F0C04F02D003237C
:10FAF0001360F1E713F0206F01D00123F8E713F052
:10FB0000806318BF0223F3E700700040DC0400208C
:10FB100000380240014B00221A607047DC040020CC
:10FB200008B513F0EFFA19F0CEF972B600210846C5
:10FB300014F014FA08B5FFF7F3FF0000004870470F
:10FB4000C400002007B50B4630B90D48022103B0B0
:10FB50005DF804EBF3F75ABF186801A9F4F72EFB20
:10FB6000019B022B02D00020EDF7A2F8044B027893
:10FB70001A7042785A70062003B05DF804FB00BF8B
:10FB80002500002013B50B4628B90D4802B0BDE88A
:10FB90001040F3F7CBBF01A91868F4F70FFB019CE5
:10FBA000202C014602D90020EDF782F822460448B5
:10FBB0000AF036FA024A00230620135502B010BD9F
:10FBC0000400002001480021F1F774BFC4000020A8
:10FBD000F8B50D4E0025D6F89830AB4200D8F8BDE8
:10FBE000D6F89C3053F825703846EEF70BF80446EB
:10FBF0003846EEF707F8437C04EB830423695B681F
:10FC000003B198470135E6E73400002008B5064BFC
:10FC1000D3F898201AB905490548ECF735FAD3F816
:10FC20009C30186808BD00BF3400002049E1050879
:10FC30000422060830B585B0052201A9EEF7ECFADA
:10FC4000DDE901230020D118914204D1400040F0A9
:10FC5000010005B030BD12F8015B082480EA0503FD
:10FC600043F3000323F0730383EA5000013CC0B266
:10FC70004FEA5505F2D1E7E770B504460D46EFF3BC
:10FC80001186102383F31288C388C2681B04936112
:10FC9000062014F02FF915B1E368E2889A61362046
:10FCA00014F028F9E368E2889A610A2014F022F936
:10FCB00086F3118870BD70B50C4615F045FD0646FB
:10FCC0002046EEF77DF80825044604F00101304691
:10FCD000FFF7D2FF013D4FEA6404F6D1062070BD64
:10FCE00038B50D4615F030FD04462846EEF768F8A5
:10FCF00001462046FFF7C0FF062038BD38B5C3686F
:10FD0000C2889A610446EFF31185102383F31288A9
:10FD1000C388C2681B049361062014F0EBF8E36803
:10FD2000E2889A61092014F0E5F8E368227A1B69F9
:10FD3000120923FA02F404F0010485F31188372034
:10FD400014F0D8F8204638BD70B515F0FDFC00253C
:10FD500006462C463046FFF7D1FF00FA05F3013581
:10FD60001C43082DE4B2F5D1600040F0010070BDE5
:10FD700008B515F0E9FCFFF7C1FF400040F00100B5
:10FD800008BD38B515F0E0FCC388C2681B04044602
:10FD900093614FF4F07014F0ADF8EFF31185102378
:10FDA00083F31288E368E2889A61462014F0A2F88F
:10FDB000E368227A1B69120923FA02F4E44304F08F
:10FDC000010485F311884FF4CD7014F093F8002CE2
:10FDD0000CBF0E201E2038BD00487047AC7B0608C3
:10FDE00038B5094B094DD3F8B0410CB9062038BDE0
:10FDF000A06810F0030205D10368AB4202D111469E
:10FE0000C2F7F0FCE468F0E734000020F484060850
:10FE100008B5EDF7F7FE044A044B834218BF82424F
:10FE20000CBF0120002008BD5C930608006D060889
:10FE3000F8B505460C46EDF7E5FE134F874203D1B2
:10FE40000021284617F0D0FB2846EDF7DBFE0F4EC9
:10FE5000864203D10021284613F056FA2046EDF7DA
:10FE6000D1FE874203D10121204617F0BDFB204679
:10FE7000EDF7C8FE864205D120460121BDE8F840D5
:10FE800013F042BAF8BD00BF006D06085C93060887
:10FE900000487047D07C060800487047C07C0608C0
:10FEA00000487047907C0608F0B5114C114D124E79
:10FEB000124F23782A683168386801FB0231014407
:10FEC00082EAB1724FEA717083EA1223434083F0F1
:10FED00001033860DBB240F0020780EA904080EA1C
:10FEE0004210237037602A6080EA4300F0BD00BFF3
:10FEF000E1040020E4040020E8040020EC040020D9
:10FF000038B50546012404EA0503AB4205D3FFF7E3
:10FF1000CBFF20408542FAD938BD640044F001048B
:10FF2000F1E710B52DED028B0C46EDF79FFF204653
:10FF3000B0EE408AEDF79AFFFFF7B6FFC0F3160068
:10FF400040F07E5007EE100AF7EE007A30EE480AD5
:10FF500077EE677AA0EE278AB0EE480ABDEC028BF6
:10FF6000BDE81040F0F76EB938B50D46EDF728FF43
:10FF700004462846EDF724FF844208DC001B0130CC
:10FF8000FFF7BEFF2044BDE83840F1F711BA00206A
:10FF9000ECF78EFEF8B5074608680E46EDF710FF41
:10FFA000012F054607D1002828DDFFF7A9FFBDE88E
:10FFB000F840F1F7FDB97068EDF702FF022F044633
:10FFC00006D185421ADA401BFFF79AFF2844EEE774
:10FFD000B068EDF7F5FE061E0BDD601B30440138FE
:10FFE00090FBF6F0002809DDFFF78AFF00FB0650C2
:10FFF000DDE703D0601B30440130F1E70020ECF76F
:020000040804EE
:1000000057FE000008B510B1086806280ED118F098
:100010003FF9084B1860084B45221A60074BE9224C
:100020001A60074B00221A70062008BDEDF7D4FEB7
:10003000EFE700BFEC040020E8040020E404002007
:10004000E104002010B5EDF7BBFE2028044602D9DC
:100050000848ECF72DFE58B1FFF726FFC4F1200445
:100060004FF0FF33E3401840BDE81040F1F7BBB953
:10007000012010BDA4E1050810B50446EEF78EF886
:10008000EDF79EFE00280ADDFFF73AFFF1F790F941
:10009000042201462046BDE81040EEF791B8024820
:1000A0000021EBF7F1FF00BF9422060808B5054BCD
:1000B000197821B9012208461A70FFF7A3FF06201C
:1000C00008BD00BFE004002008B5FFF7EDFEC0F357
:1000D000160040F07E5007EE900AB7EE000ABDE829
:1000E000084037EEC00AF0F7ADB8000070B505461D
:1000F00008460E46EDF764FE041E02DB6B68A34261
:1001000003DC0A483146ECF7A9FF05EBC404E668B6
:100110004EB1A868EDF776FD22693146921BBDE825
:100120007040F3F7C3BD062070BD00BF94220608DF
:100130004A680149C3F728BDB3E105080A460149E9
:10014000C3F722BDC2E105082DE9F74F07460C466B
:100150000092F2B901F10C05D4F800B04FF000089C
:100160005E46C2463B780BB1292B14D1BAF1000F81
:100170000BD02368A3EB0A03013B0DB105F80A304D
:100180005AB29A4218BF48F00108B8F1000F55D092
:1001900053E00025E0E73F2B00F0178113D8243B04
:1001A000DAB20A2A17D822680A2B14D8DFE813F02B
:1001B000B901130013001300BE00130035017001D4
:1001C000130013006B005E2B00F0A28113D85B2B91
:1001D00061D05C2B2ED02668002D51D0731C23607B
:1001E0000123AB5523685A1C22603A78EA546368AD
:1001F000013363603DE07C2BEDD1BAF1000F00F0DC
:1002000065812368A3EB0A03013B5AB29A4218BFE7
:1002100048F00108002D00F05C8105F80A302268E2
:100220000BF10200A2EB0B0205EB0B01284409F0D5
:1002300027FF4EE17B787A1C23B90027384603B0AC
:10024000BDE8F08F43F02001642903D043F024037C
:10025000772B13D1266875B1731C23600523AB552A
:100260002368591C21607978E9546368013363601D
:100270001746013776E7B31C2360F6E71746AAE76F
:10028000B31C2360B3E7531C16462360002DAED089
:100290000223AB54ABE726687B78701C5E2B206092
:1002A00015D10DB10423AB55023723680133236008
:1002B00063680133636000213B785D2B0CD105B18D
:1002C00029544BB28B4218BF48F00108D1E70DB159
:1002D0000323AB550137E8E75C2B0BD17B787A1C05
:1002E00043F02007642F03D043F02407772F02D177
:1002F000002309E03A46002B9FD057782D2F03D1D9
:1003000097785D2F00D00232276865B107F1010CA4
:10031000C4F800C0EB5523685F1C27601778EF54C2
:10032000571C0131C8E702372760F9E77B783F2B7C
:1003300016462FD1BB783A2B2CD100230237994691
:10034000781C009A01932146FFF7FEFE074600281D
:100350003FF473AF0278292A7FF46FAF019B002B23
:1003600087D02268531C23600DB17E23AB542368D1
:100370004FEA49095A1C09F1010922604FFA89F232
:100380004A4518BF48F00108002D3FF430AF05F88A
:1003900003902CE7A36803F10109531CC4F80890EB
:1003A00023600DB17E23AB542268531C23604FEAB7
:1003B000490359B2994218BF48F0010805B1AB543E
:1003C0006368013363600123BAE72268B2423FF4F5
:1003D00034AF2DB1B01C921BA919284409F050FE6E
:1003E0002368023323607B783F2B11D10DB1622348
:1003F000AB55013723689B1B023B5AB29A4218BF88
:1004000048F001080DB12E4473706368013337E082
:10041000002DEFD06123AB55ECE7B2423FF40DAFB6
:100420002DB1B01C921BA919284409F029FE23689C
:10043000023323600DB16022EA542168731A023B33
:100440005AB2D21A18BF01220DB129444B70236849
:10045000023323607B783F2B15D10DB16223AB555E
:10046000013723689B1B023B59B2994218BF42F0E7
:10047000010248EA02080DB12E447370636802332A
:1004800026686360F5E6002DEBD06123AB55E8E705
:10049000B2423FF4D2AE7B783F2B12D10DB1612333
:1004A000AB5401372368F61A023E72B2B24218BF4B
:1004B00048F001080DB12B445E70266802362660B4
:1004C00095E6002DEED06223AB54EBE7002D7FF4D0
:1004D000A6AE2368DA1C226015B12B4460229A7004
:1004E000D4F800A00AF10103236015B1612305F8D7
:1004F0000B302368A3EB0B03023B5AB29A4218BF9E
:1005000048F00108002DB9D005EB0B025370B5E798
:100510002268531C2360002D3FF477AF5023AB5467
:1005200073E7531C2360002D3FF46FAF5123F6E7B0
:100530001FB50023CDE9023301220A2301A901934B
:10054000FFF702FE18B1019805B05DF804FB4FF00B
:10055000FF30F9E710B5072204460423C4E900235D
:100560000F4B0022C4E9022347F6FB6308462382AF
:10057000A2742146FFF7E8FD78B1007868B92368D6
:10058000E1187E220A7301224A73626803332360F2
:1005900002327F238B73626010BD0120FCE700BF35
:1005A0006203026038B50868F3F79AFD0546FFF765
:1005B000BFFF431C02D10848ECF77AFB0749103013
:1005C000EDF714FB294604460430FFF7C3FF08B1DA
:1005D0000348F1E7204638BDCAE10508707E0608E9
:1005E000D3E1050810B5037843F02004642C4FEAEA
:1005F0005312C3F340100B7806D1303B092B15D9A9
:10060000D24302F0010011E0732C04D1202B0DD055
:10061000093B042BF3E723F020014139192905D9BF
:10062000A3F13001092901D95F2BE9D110BD2DE9D2
:10063000F04110F8018C0446A8F103035F4214F85E
:10064000026B0D465F4126B9B8F1030718BF0127B9
:1006500007E014F8012C3AB929462046FFF7C2FFFB
:1006600040B13846BDE8F0812B789A4202D8227812
:100670009A42F6D2013E0234E5E72DE9F347DDF870
:10068000289006460D4617469846ECF78DFF3178C0
:100690004F290FD8BB68AB424BD9741C512913D8D2
:1006A00005290DD871B1023903292BD8DFE801F0F3
:1006B0003930303B512906F10104EFD1BB6863E0CA
:1006C000502960D02646E2E7622939D012D8602945
:1006D00031D06129F6D106F1020A7478CDF8009084
:1006E00043463A4629465046FFF7C7FF30B94AFA13
:1006F00084F4E7E77E2931D07F29E3D1012002B0DD
:10070000BDE8F0872A7873789A4212D1B41C08E0C9
:1007100029462046FFF78BFF58B1737804EB43035B
:100720005C1C0135CEE729462046FFF75BFF002819
:10073000ECD10020E3E796F9014002343444C1E7EC
:1007400096F90100CDF80090B41C43463A4629467C
:100750002044FFF792FF0028D0D1B3E7B41C76788D
:100760004E45AFDA58F826A048F826504346CDF853
:1007700000903A4629462046FFF77FFF0028BDD16A
:1007800048F826A0D5E73B68AB42D2D19AE710B42F
:10079000019C44B11130019313465DF8044B0A46A5
:1007A0004968FFF76ABF0C30F5E700002DE9F04714
:1007B0001668B30786B080460F46154603D13268E7
:1007C0002C4B9A424DD029460120FFF7EBFE002426
:1007D0000646686802A9F3F7F1FC029B0344CDE9E1
:1007E00003000593DCB1022F19D9A868EDF7E8FAE8
:1007F000029C049B8442A8BF20EAE0742344032F98
:1008000004930CD0E868EDF7DBFA029A824203DB2E
:1008100084422246B8BF0246039B13440593F768FF
:1008200001374FEA470A0AF103008000DFF720FD95
:1008300000F10C09FA0000210446484609F034FC96
:10084000CDF8008053464A4603A9301DFFF79FFFAD
:1008500048B92046DFF734FD0624204606B0BDE83F
:10086000F0870124B5E7044BC4E900376B68A36047
:10087000F3E700BF707E0608347E06080A4601468C
:100880000120FFF793BF0A4601460020FFF78EBF05
:100890002DE9F04F89B0814602AFD1E900800C46C6
:1008A000EDF7B0F907F1080106466068F3F786FC3A
:1008B000BA68D8F80C5083180135B9F1020FC7E9AE
:1008C00003007B614FEA450534D9A068EDF778FA5B
:1008D000044600210846F1F735FAAB007B606B4611
:1008E000A3EB85039D4681460DF1080A08F1100B24
:1008F0007A680021504609F0D7FB009539695346C4
:1009000007F10C025846FFF7B8FE3969D8B1DAE9A9
:100910000020824217D0521A3046F3F7C7F9014639
:100920004846F0F784FFD8F80C20002A04DD0D4873
:10093000ECF78CFB0024CCE7DAF804203A61002CB9
:10094000D6DD013CD4D1D7E904123046521AF3F770
:10095000ADF901464846F0F76AFF48461C37BD46E8
:10096000BDE8F08FDCE105082DE9F04F8DB0D1F83E
:10097000009019F0030F02AF06460C4604D1D9F8D7
:100980000020674B9A4204D021460120FFF70AFE5F
:100990008146032ED4E901A53BD9E068EDF710FAB2
:1009A000804607F108012846F3F708FCBB680344BA
:1009B0007B61D9F80C3001335A003A6000223A6268
:1009C000DA001032ADEB020D564A049502ACC7E9CD
:1009D0000300C4E90023DB0006467B6004F10C0B36
:1009E0007A680021584609F05FFB3B68009307F1E5
:1009F0000C025B46314609F11000FFF73EFE3A6AF1
:100A000050B93B6A002B74D128462C37BD46BDE84F
:100A1000F08F4FF00008C4E7D4E903318B42F0D0E7
:100A20002AB9396907F11800591AE0F71FFC39692A
:100A3000E26807F11800521AE0F706FC5046EDF79D
:100A40005FF980B121465046EBF762FCF3F748FBB3
:100A5000017851B926693E61B8F1000FC0DDB8F1E7
:100A60000108BDD1CDE75046F0E75C2900F1010651
:100A70003AD14278672A26D182783C2A23D1C61CF3
:100A800001203178A1F13002092A2AD800220A2354
:100A900003FB0211B446A1F1300216F8011FA1F1C7
:100AA000300EBEF1090FF2D918B13E2908BF0CF182
:100AB0000206606890424FEA420106D81A4841F0A7
:100AC0000101ECF7CBFA0020DBE704EBC202D168AE
:100AD00029B1126907F11800521AE0F7B5FB304648
:100AE000B6E75C29FBD1013607F11800E0F73CFCC2
:100AF000F5E7D7E9041207F11800521AE0F7A4FB52
:100B00002846EDF77FF8094B834207F1180003D11F
:100B1000F2F770FF054677E7F2F772FFFAE700BFDA
:100B2000707E0608347E06089422060834310608D2
:100B300010B504460846EDF75DFA02220146201D75
:100B4000ECF730FE062010BD2DE9F74F9DF830B0D0
:100B500001900F4691461D4600264E4502D103B036
:100B6000BDE8F08F57F82600EDF744FA0122014660
:100B70000198ECF717FED0F804808246B8F1000F18
:100B800012D11020DFF774FB044657F826002060CE
:100B90000421F6F71DFA8268C4F80C80C4E9012527
:100BA000CAF804400136D8E7BBF1000F02D0D8F8EC
:100BB00008301D43C8F80850F4E7032837B50D681E
:100BC0000C460DD18868EDF7FBF803460022009231
:100BD000281D0122211DFFF7B7FF062003B030BDFD
:100BE0000523F3E738B5054608461446EDF702FA43
:100BF00000220146281DECF7D5FD10B90220ECF7C4
:100C00004DFA45682046EDF7DBF8A860062038BDB0
:100C100010B507491C20ECF7E9FF00210446043019
:100C2000ECF78AFD00232382A361204610BD00BF9C
:100C3000E47E060850F83100042818BF002814BFCD
:100C40000120002070472DE9F74F82460C46904660
:100C500013F02EF981460120ECF7BCFA00252F464F
:100C6000DAF804309D4210D313F022F9A0EB090307
:100C7000002F3CD1B8F1FF3F36D0984537D909EB6A
:100C80000803181AECF70CFBE8E7DAF808302946F5
:100C90001846FFF7CFFF08B303EBC5030321D3F8D2
:100CA00004B001ABDBE90006DBF80820B047411CCB
:100CB000CBF80C0002D10198ECF7F0F970B164B1F7
:100CC000C20742BF236801332360430742BF636802
:100CD0000133636030F0050302D101370135BFE70E
:100CE000A3680133A360F8E7ECF7D5FAB6E7384616
:100CF00003B0BDE8F08F000070B50C468EB005461D
:100D000002AA206805A9EDF703F9606803AA06A9FD
:100D1000EDF7FEF8A06804AA07A9EDF7F9F8042D8D
:100D200047D04FF0FF35DDE905131944079B012437
:100D3000194408A8ECF700FD2346059A029900948F
:100D400008A8FFF701FF069A03990094042308A856
:100D5000FFF7FAFE1823079A0499009408A8FFF7F2
:100D6000F3FE00242A4605A908A8CDE90644059407
:100D7000FFF769FF21460598F0F7E4FF21460B9045
:100D80000698F0F7DFFF21460C900798F0F7DAFF9E
:100D9000CDE90644099D0D90059421468D421BD155
:100DA00008A8ECF7DDFC0BA90320F4F701FD0EB059
:100DB00070BDE0680628B4D0EDF758F8B5EEC00A6B
:100DC000F1EE10FAADDBDFED197A20EE270AFCEE2A
:100DD000C07A17EE905AA6E70A9B1846FFF72AFF3B
:100DE00010B303EBC1035B68DA68D40707D50B982F
:100DF000C4680598461C05961E6844F82060500794
:100E000007D50C98C4680698461C06961E6844F8D8
:100E1000206032F0050207D00D9A1B68D068079A4F
:100E2000541C079440F822300131B7E700007A449F
:100E30000128F8B50F6806460D4616D948680628F9
:100E40000ED14FF0FF34022E13D0A868ECF7B8FF94
:100E500078612246381D0021BDE8F840FFF7F3BE57
:100E6000ECF7AEFF041EEEDAEBE700204FF0FF34A4
:100E7000EEE70020ECE72DE9F7430E68FFF7D8FF17
:100E80000021F0F75FFF002405462746B368A34220
:100E900003D8284603B0BDE8F083F368214618461E
:100EA000FFF7C8FEA8B103EBC4035A68D36883B147
:100EB0005B001268D5F80C90009243F0010369467C
:100EC00002200193F4F774FC07F1010849F82700A8
:100ED00047460134DAE770B50D680C46A969064645
:100EE00019B90220F4F764FCA86121463046FFF7E7
:100EF0009FFF002328826B82206870BDB0F910200C
:100F000038B5034642B1013AB0F912108568028241
:100F10008D4203D800221A82002018E05A8A01323A
:100F20005A82DA681046FFF785FE88B102EBC102EB
:100F30005468E26862B198695B6921688160520017
:100F400042F00102DB07C26001D50023A36038BD77
:100F50000131DDE70868704738B545682DB1846810
:100F6000646AA04740EAE07038BD4FF0FF30FBE70D
:100F700038B545682DB18468246AA04740EAE0701E
:100F800038BD4FF0FF30FBE704292DE9F0414768F9
:100F900004461E460AD127B18368DB6898470023C0
:100FA0006360032323760020BDE8F0815FB9032945
:100FB00004D190F9183063B1032B0CD016233360A1
:100FC0004FF0FF30F0E78468A46BA446BDE8F04121
:100FD00060471420E8E72020E6E713B50C68636853
:100FE00013B96B20ECF75AF801280CD94868ECF7D4
:100FF000E7FE20EAE071A36801AA5B6920469847F2
:1010000018B10198EEE70221F5E7012306202376C7
:1010100002B010BD2DE9F0430C4695B00546694677
:101020002068F3F7CBF807466068ECF7C9FE022D9D
:10103000064611D9A068ECF7C3FE032D0CD0E0687A
:10104000ECF7BEFE042D07D02069ECF7B9FE052DA4
:1010500002D06069ECF7B4FE009B2BB302A8DFF767
:10106000C7F808BB2068012201A909F027F9DFF7BA
:1010700095F800210520F4F79BFB0522032302903D
:101080000125C0E902230A23C0E9045304462A4685
:10109000314601A809F002F902A9A0612846F0F73B
:1010A00051FE15B0BDE8F083DFF854900025D9F863
:1010B0009830AB4203D810491048EAF7E5FFD9F859
:1010C0009C3053F825804046ECF79CFD0446404692
:1010D000ECF798FD437C04EB830423691C6844B15E
:1010E000009A01AB39464046A0470028C1D0EBF733
:1010F000D5FF0135DBE700BF49E1050804220608FA
:10110000340000201FB54B7BDA09C3F3840303923C
:1011100002938B89C3F3441301930B7B03F01F03EA
:1011200000930B69B1F90E200249C2F72DFD05B0FD
:101130005DF804FBF4E10508062913B504460846EA
:101140000ED0ECF793FEDFED0D7A20EE270AFCEED1
:10115000C07A17EE901A63682BB96B20EBF79EFFED
:101160004FF0FF31F7E7A36801AA5B6B2046984771
:1011700008B10198F2E7062002B010BD00007A44E1
:1011800010B504460846ECF75FFF28B1062120465B
:10119000FFF7D2FF062010BD0121F8E730B5044665
:1011A0008DB06368084613B96B20EBF777FFECF757
:1011B00007FE014608A8E0F767F805AAA3680192B0
:1011C00004AA0092DD6ADDE9092103AB2046A847A5
:1011D000431C01D10598E8E780B1099008A8F2F70F
:1011E0000FFC04990690012203A809F057F806A9FC
:1011F00007900220F4F7DCFA0DB030BD0048F0E7AC
:10120000642E060870B5044686B06368084613B9B4
:101210006B20EBF743FFECF7D3FD0146054602A830
:10122000E0F732F8A36804995E6A2A4601AB2046CB
:10123000B047431C01D10198EBE728B1039002A805
:10124000F2F7DEFB06B070BD0048FBE7642E06082F
:1012500030B5044685B06368084613B92020EBF723
:101260001DFF052201A9ECF7D7FF236923BBA36863
:10127000DDE901121D6A20466B46A847421C01D1D8
:101280000098ECE7029B834212D90B20E7E7A368A2
:1012900001991D6A20466B46A847431CF0D0029B6B
:1012A0001B1A0293019B03440193029A002AEED178
:1012B000F0F799F805B030BD0020F6E730B50446E8
:1012C00085B06368084613B92020EBF7E7FE0522D6
:1012D00001A9ECF7A1FFA368DDE901121D6A204610
:1012E0006B46A847431C01D10098EEE7F0F77BF866
:1012F00005B030BD70B5436886B0054613B91620F9
:10130000EBF7CCFE21491C20ECF776FC297B037B14
:1013100061F304030373AB898189C3F3441363F35B
:1013200049118181697B1A4BC1F3840143EA81230E
:10133000C1680022C0E90122C1F309010B43C36067
:101340004FF0FF33C0E904320276AB6805AA009281
:1013500001469E69044604AB03AA2846B0470146ED
:1013600008B10598CCE76B686360AB68A3600220A6
:10137000F4F71EFA049984600546012203A808F0D8
:101380008DFFE860284606B070BD00BF38810608B2
:101390000000FFFF70B50D462846114606221E4686
:1013A000ECF712F915491C20ECF726FC0023C0E9E4
:1013B0000133134BC3600446C5B13068ECF700FD40
:1013C000237B012D60F3040323730FD07068ECF7C7
:1013D000F7FCA389022D60F34913A38106D0B068FE
:1013E000ECF7EEFC637B60F38603637300234FF03E
:1013F000FF32C4E904232376204670BD38810608F5
:101400002200FFFF37B5044608466368ABB9FEF714
:10141000FDFB6060ECF7F6FB05466068ECF7F2FB5D
:10142000437C05EB830501A92B69A36020469B68DB
:10143000984710B10198EBF731FE03B030BD0000C2
:101440002DE9F0410D686B6886B00C460DF10C0873
:1014500023B9414628460393FFF7D4FF6068ECF7B1
:10146000AFFC0746A068ECF7ABFC0646E068C20795
:1014700005D4830714D10268184B9A4210D1ECF7B7
:10148000ABFC0424029002ABAA68CDE900483946BF
:10149000146B28463246A047E0B10398EBF7FEFDF7
:1014A0000E28ECD01E28EAD0142E07D0E0680522C2
:1014B0004146ECF7B1FEDDE90334E5E7062806D046
:1014C000ECF71EFC0028F1D0E3680424DCE70024DC
:1014D0002346D9E7062006B0BDE8F0814427060878
:1014E00073B5012204460846694608F029FF69469B
:1014F00005462046FFF786FFA3682A46DE6969464F
:1015000001AB2046B04710B10198EBF7C7FD0223AD
:101510000620237602B070BD73B50122044608464A
:10152000694608F00DFF694605462046FFF76AFF49
:10153000A3682A461E69694601AB2046B04710B130
:101540000198EBF7ABFD062002B070BD30B589B055
:10155000044615460846052205A9ECF75DFE012262
:1015600003A9284608F0ECFE03A905462046FFF72C
:1015700049FF04AAA368CDE9005220469D6ADDE92F
:10158000051203ABA847431C02D10498EBF786FD74
:10159000EFF70EFF09B030BD401000F10050A0EB96
:1015A000610020F0404000F16040400040F0010048
:1015B0007047000010B58CB010B10868062858D1EB
:1015C00016F092FF002204A92F480CF0EDFD002236
:1015D00069462D480CF00DFE9DF812309DF8030071
:1015E0008DF80A309DF800309DF801109DF802201A
:1015F000BDF810408DF8061000F5FA60013BADF81B
:1016000004008DF80720ADF808408DF80B3009F084
:10161000C1FDADF80C00BDF80400EFF7C9FE049061
:101620009DF80600EFF7C4FE05909DF80700EFF760
:10163000BFFE06909DF80800EFF7BAFE07909DF8F0
:101640000900EFF7B5FE08909DF80A00EFF7B0FE2D
:1016500009909DF80B00EFF7ABFE0A90BDF80C0067
:10166000EFF7A6FE04A90B900820F4F7A1F80CB040
:1016700010BDECF75DFB054BC01801AA41F100015C
:1016800009F098FDC7E700BF1023002080436D38A4
:101690002DE9FF4103AA02A9ECF73AFC029B083BA3
:1016A000012B02D91848EBF7AFFC039B1868ECF745
:1016B00087FB039B04465868ECF782FB039B0546B7
:1016C0009868ECF77DFB039B0646D868ECF778FB3F
:1016D000039B07461869ECF773FB039B8046586928
:1016E000ECF76EFB3B46CDE90080324629462046AA
:1016F00009F020FE054BC01861F10001EFF748FE2C
:1017000004B0BDE8F08100BF32E2050880BC92C79A
:1017100008B517F04BF9BDE80840EFF754BE0000DC
:1017200008B5ECF7A3FBDFED067A20EE270AFCEE06
:10173000C07A17EE900A12F087FB062008BD00BFA2
:1017400000007A4408B5ECF73BFB002801DB12F0FF
:101750007BFB062008BD08B5ECF732FB002801DD55
:1017600012F0C8FB062008BD08B512F0A1FB034B20
:1017700003EA400040F0010008BD00BFFEFFFF7F0C
:1017800008B512F09BFB034B03EA400040F0010058
:1017900008BD00BFFEFFFF7F10B5064C2368DB07C6
:1017A00001D412F057FA6368034800EA430040F09E
:1017B000010010BD001000E0FEFFFF7F00B589B002
:1017C00016F092FE03A9002211480CF0EDFC02A9CC
:1017D00000220F480CF00DFD9DF80E309DF80B0017
:1017E00001939DF80D309DF80A2000939DF8091093
:1017F0009DF80C3000F5FA6009F060FD054BC0184B
:1018000061F10001EFF7C4FD09B05DF804FB00BF12
:101810001023002080BC92C710B544100846ECF796
:10182000CFFA00F10053013B6FF04042934203D3E3
:1018300005490648EAF728FC0444054800EA440044
:1018400040F0010010BD00BF42E2050890230608E9
:10185000FEFFFF7F1FB5052201A9ECF7DDFC019813
:10186000EFF7C1FD05B05DF804FB38B50546084645
:10187000EFF7DBFD04462846EFF7D7FD014620468B
:10188000BDE83840EDF71EB938B50D46EFF7CDFD90
:1018900004462846EFF7C9FD01462046BDE838401A
:1018A000F2F74EB908B50148EBF7AEFB53E2050875
:1018B00008B50F2843D8DFE800F0080D0F12151BFC
:1018C00021294242424242423139885C400040F084
:1018D000010008BD8856F9E731F81200F6E731F942
:1018E0001200F3E7BDE8084051F82200EFF77BBD96
:1018F000BDE8084051F82200EFF75ABD01EBC201E4
:10190000BDE80840D1E90001EFF75DBD01EBC20180
:10191000BDE80840D1E90001EFF73ABD01EB8201D3
:1019200091ED000ABDE80840EEF78CBC01EBC20166
:10193000D1E9000118F006FA00EE100AF2E70020E3
:10194000C7E7000070B5054648680C46EDF71AFF7A
:10195000B0B963689A0715D119680C4A914211D140
:101960009B689B0F012B0FD0094A0A49022B18BF15
:101970000A46A36808492846BDE87040C2F704B982
:10198000064AF6E7064AF4E7064AF2E77C3206081A
:1019900026A7050877E205087BE205086AE2050844
:1019A00071E2050879AD050870B50E46044611468A
:1019B00030460D4A1D46EBF707FE21461020ECF796
:1019C00015F904462868ECF707FAA0606B686360B5
:1019D000032E4FF00203E36003D1A868ECF7F0F99F
:1019E000E060204670BD00BF0600040008280ED14C
:1019F0004B689A070BD11868064A904207D19B683A
:101A00009B0F012B03D18B681868EFF7ECBC00200B
:101A1000704700BF7C320608F0B51F46A0F10E03E8
:101A2000012B85B006460D46144616D80E2808D15F
:101A3000384601EB8204ECF719FA84ED000A05B090
:101A4000F0BD384601EBC204ECF710FA10EE100AB4
:101A500018F020F9C4E90001F1E73846ECF7BCF9C9
:101A6000072EECD8DFE806F00404060609090C0C82
:101A70002855E4E725F81400E1E745F82400DEE7FF
:101A8000054903AA05EBC4030092895D03933A4616
:101A90003C20F5F7CFFCD2E7A883060870B546686E
:101AA0000EB9FFF7FFFE83689B0F012B0AD0022BB4
:101AB00011D0002BF5D1022EF3D1BDE87040C068E3
:101AC00000F024B8022EECD11368032B01D80423B4
:101AD0001360042012E0C368022EC3F35A040ED12F
:101AE0001B0F0E2B1EBFC3F3410301209840136848
:101AF00008BF0420834200D21060604370BD032EF3
:101B0000CFD1006900F002F8F7E700002DE9F84FA7
:101B100004460F469246EDF735FE00285AD1A0073D
:101B20000AD122682F4B9A4206D1524639462046A6
:101B3000BDE8F84FFFF7B2BFE10702D52A48EBF73F
:101B400063FAFFF7AFFEE36803EBC60253F83630E3
:101B5000D3B1042B18D05068C2072BD54310000F07
:101B6000A0F10802052A1FD8C3F31002C0F34100F8
:101B700009FA00F0DAF80030834238BFCAF80000F2
:101B800013189D4238BF1D460136A368B342DAD808
:101B9000022F06D1DAF800305A1E2A445B4203EACB
:101BA00002052846BDE8F88F0E2823F07842DDD1E3
:101BB0000420DFE78307C4D103684345C1D18368AC
:101BC000524639464FEA630BFFF768FF2BF060433C
:101BD0000344D6E70026DFF80C8035464FF00109B4
:101BE000D3E700BF7C3206088AE2050837B50C68E7
:101BF0000346002214F00300019219D12268114D0E
:101C0000AA4204D12046ECF7C9FA03B030BD0E4D0C
:101C1000AA420DD1012B01D0EBF7F6F9E168646817
:101C200001AA2046FFF772FF400040F00100ECE7F8
:101C3000022B04D14868ECF7C3F80146F0E7022113
:101C4000EEE700BF6C1D0608C483060873B50C469A
:101C50000546C1684068002601AA0196FFF756FFB5
:101C6000AB68C4E9003001233046A36002B070BD08
:101C70002DE9F043054685B0144672B3476817F066
:101C8000030203D13868444B984202D04348EBF733
:101C9000BBF9BB689B0F022B4FEA61065BD1F8686A
:101CA000C0F35A039E4203DB3D493E48EAF7ECF994
:101CB0007B68022B38D1D5E90217022F4FEA10704A
:101CC0000FD1042C05D1324605B0BDE8F043FFF733
:101CD000EFBD23463246FFF79FFE204605B0BDE824
:101CE000F0830E281DBF0123C0F34102934004235B
:101CF00003FB0612042C2C49039203AB08D1002FDE
:101D0000095C0CBF3C203E20F5F710FB0446E4E7DD
:101D1000002F095C009308BF3C20134618BF3E20EB
:101D20002246F5F787FBD8E7042C32D1E968039205
:101D3000386903AAFFF7EAFE1C4980461020EBF73A
:101D400055FF3B694360AB6808FB0633044683607C
:101D5000EB68E360C1E7012B1BD1AB68F868D3F8EF
:101D6000009010F0010303D032464946000FABE764
:101D7000E968039303AAFFF7C9FE0C4980461020C7
:101D8000EBF734FF08FB0696FB6843600446866069
:101D9000DEE71446A1E700BF7C320608ACE2050886
:101DA000B1E2050894220608A8830608C483060841
:101DB0002DE9F04F074687B040680D461446EDF711
:101DC000E1FC10B97448EBF71FF9E900786841F0BD
:101DD0000201EDF75DFDC607054640F1A5804FEA1B
:101DE00010794CF2FF0626FA09F616F00106D7E93B
:101DF00002124FEA600AC0F35A0814D1CAF3100A5B
:101E0000022A01EB0A033DD0003A4FF00106C0F36D
:101E1000417006FA00F018BF012209F00101F5F740
:101E200069FA064637E0022A414410D134B9224605
:101E3000484607B0BDE8F04FFFF73ABD2346002201
:101E40004846FFF7E9FD204607B0BDE8F08F53484C
:101E5000059105AB54B9002A0A4610F809100CBFC9
:101E60003C203E20F5F762FA0446ECE7002A009396
:101E700022460B4610F809100CBF3C203E20F5F717
:101E8000D9FAE0E709F00603022B18D0042B19D089
:101E90000BB911F80A60C8F344424FF0010B4FEA46
:101EA000A8580BFA08F808F1FF3874B926FA02F2BC
:101EB00002EA080007B0BDE8F04FEFF779BA31F851
:101EC0000A60E8E751F80A60E5E720460392EBF77D
:101ED00077FF039A00EA0803D7E9020108FA02F83B
:101EE000934026EA0806022943EA060300EB0A02A9
:101EF00010D109F00602022A06D0042A07D0002ACF
:101F0000A1D100F80A309EE720F80A309BE740F89C
:101F10000A3098E7C5F341704D1E694269410BFADA
:101F200000F0F5F772FA8EE7830703D102681C4BC5
:101F30009A4201D0FFF7B6FC002CFBD18668B30FA4
:101F4000012BC6F35C0620D0022B0FD0002B7FF4B0
:101F50007AAF14491020EBF749FEEB684360044662
:101F6000BB683344A360FB68E3606CE74368022B03
:101F70000BD1C3681B0F08D1F96805AAFFF78EFDC6
:101F8000B9683144ECF79EFD6EE706491020EBF787
:101F90002DFE04464560E3E7B8E20508A88306087D
:101FA0007C320608C483060810B5144612681AB9B4
:101FB000FFF7FEFE206010BD6268FFF7F9FE002803
:101FC000F9D000232360F6E70228F8B50D4607D1C3
:101FD0004868EBF7F5FE022803D90F48EAF768FED8
:101FE00000200E4F00F12A0407EB840328689E6846
:101FF000002E08BF062606280CD00721F4F7E8FFBC
:102000002B6807EB84073046BB602968FDF710FF9B
:102010003046F8BD0023F4E7C2E205083400002092
:1020200030B50E4B2A3003EB800393B014460C48B6
:102030009D6800229A60C1F7A7FD1CB1084821469F
:10204000EBF71AFE45B16846DEF7D2F820B928460C
:10205000F4F740FEDEF7A2F813B030BD34000020E4
:102060004C1006082DE9F04F0025DFF8788095B078
:1020700006462F46A94658F804AFBAF1000F1AD009
:10208000DAF80030CDF804905A7C03EB8203504616
:10209000D3F810B0FDF7BCFE044698B1DBF8084059
:1020A00001AB324603215046A0470446631C02D0D0
:1020B0002743BE4202D00135032DDCD1384615B08E
:1020C000BDE8F08F02A8DEF793F80028F0D1DBF826
:1020D000084001AB324603215046A0470446DEF7D4
:1020E0005DF8E3E7E000002070B52B4E94B00024CB
:1020F00056F8040F002836D0FDF78AFE98B13068F4
:102100000023029303685A7C03EB820301A91B6935
:1021100001221D6802ABA847029B23BB18B39DF8A0
:10212000040014B070BD02A8DEF762F880BB30680E
:1021300003685A7C03EB820369461B6901221D6810
:1021400001ABA847054638B9DEF728F813492A46F7
:102150002046FFF765FF06E001350CD101980B28FA
:1021600007D1DEF71BF80134032CC1D14FF0FF304B
:10217000D7E7EAF793FFDEF711F8094B9DF8000067
:102180001B688342CDD1EAF7C3FF6FF00100C8E7B7
:10219000039A0449DCE700BFE0000020CDE2050817
:1021A00028000020F2E205082DE9F04F0025264F17
:1021B00093B080460E460C46AA46A94657F8040F2F
:1021C000A0B1FDF725FE8246E0B13868CDF8009059
:1021D00003685A7C03EB820341461B693246D3F8FD
:1021E00004B06B46D8478442A8BF04460135032D8E
:1021F000E4D1BAF1000F14BF20464FF0FF3013B006
:10220000BDE8F08F6846DDF7F3FFB0B93868022308
:1022100032464146F4F7FAFE06280CD0C20705D52F
:10222000431023EAE3739C42A8BF1C46DDF7B6FFC8
:102230004FF0010ADAE75446F8E7019A03492846C5
:10224000FFF7EEFE5446F3E7E000002026E3050822
:1022500030B5012885B014461D4602D11320EAF797
:102260001DFF08B90120FAE780686A46EAF7ACF872
:1022700025B1A200294602A807F0D2FE6A46002135
:102280002046EAF74FF805B030BD000000F0070324
:10229000022B2DE9F743064606D010F0030513D1B3
:1022A00002681E4B9A4204D101A93046F1F786FF1D
:1022B00005461B4FDDF80490D7F8B03107F5D87804
:1022C00023B91620EAF7EAFE0025F2E7D8F8004025
:1022D00045B163684B4505D121684A46284607F059
:1022E0000FFF10B1A368B34214D1E368C8F80030FF
:1022F000D7F8AC31A34202D10023C7F8AC31002398
:102300001A4640F2A9412046FFF7A2FF062003B07B
:10231000BDE8F083E36804F10C08D1E73431060826
:102320003400002030B51B4DD5F8AC0185B078B332
:1023300000231A464FF45E71FFF78AFFD5F8AC21EF
:102340005268012A034620D0F1F7CAFE044607F07E
:10235000E9FED5F8AC315B68013319186846DEF741
:1023600085FFD5F8AC316846D3E90012DEF76CFF83
:1023700023782F2B01D163781BB121466846DFF704
:1023800036F86846F1F720FB0346184605B030BD25
:102390003223FAE73400002073B5417B8468054698
:1023A00029B1204602B0BDE87040EAF7A1B98CB16E
:1023B0006268E3688360012A0FD13223427301937C
:1023C0004FF4657101AB2046FFF742FFA860EAF7C2
:1023D0008FF90446204602B070BD0320F3F7E8F9F8
:1023E000D4E900120646094B287B094C002818BF87
:1023F0001C46013A20460131F1F758FC48F201022F
:102400000123C6E90323B0603446E3E7343106080C
:10241000043106082DE9F04103782F2B06460F46BC
:1024200005D0174BD3F8AC418CB9A04602E0013679
:102430004FF001083478CCB1114BD3F8B0410CB94E
:10244000012413E06568013D03D1A6EB08063E6058
:102450000CE021682A460131304607F089FE60B958
:10246000735D2F2B06EB050203D13A602046BDE8D1
:10247000F08113B9034B3B60F8E7E468DFE700BF86
:1024800034000020D4D5050870B5B8B0D8B90146DD
:10249000EFF758FC4D4BD3F8B041054614B9284628
:1024A00038B070BDA3682693D4E90001F1F7AEFA05
:1024B00026A927900220F3F77BF901462846EFF77B
:1024C000B6F9E468EAE707AB0193414B00930423B4
:1024D000EBF7A6F803A90898F1F770FE079D0646EA
:1024E00005AA40F2EA312846E9F76AFD059B002B70
:1024F00031D126A80495DDF77BFE054600284DD195
:10250000049916A80BAC00F03FFA08222946009463
:102510002C2316A800F07FFA2E490822204607F047
:10252000EFFD60B10822012100942C2316A800F0D1
:1025300072FA28490822204607F0E2FD60BB2648CF
:10254000037A00EB830300221C69012104ABA0473E
:102550000546DDF723FE1020DDF78AFE039B0660AB
:10256000C0E901350023022240F2EA31C36009AB21
:102570000446FFF76DFE0898F1F7B2FD26A9FFF7B4
:1025800049FF012820D96368012B02D04368012B41
:102590001AD00120EAF782FDDDF700FE0F48037A2A
:1025A00000EB830300221C69012104ABA047054610
:1025B000D1E702F10C031A681AB151680129F8D168
:1025C000E2601C6006256AE7054BF4E73400002052
:1025D0005C8406085BE30508C0870608F4840608E7
:1025E000E4010020F7B50D460646F1F779FD01A993
:1025F000FFF710FF0128044610D93046EBF702FB25
:10260000019F0646384607F08DFD394602463046A2
:10261000F1F74CFB2860204603B0F0BD0020F9E73D
:1026200010B586B002AC084B009301940423EAF77E
:10263000F7FF21460298FFF7D5FF234602227621B5
:10264000FFF706FE06B010BD3C84060837B56946A4
:10265000FFF7C8FF0D4D0446A0B9D5F8B00120B969
:102660000620C5F8AC4103B030BD4268012A07D14D
:102670003223019301AB40F21331FFF7E9FDEFE79D
:10268000C068ECE76B460122F5E700BF340000208C
:1026900073B501280CBF0E680A2601A93046FFF762
:1026A000A1FF0546B0B90F491020EBF79FFA0E4B7A
:1026B00043600E4BD3F8B031836004463046EBF7ED
:1026C000A1FA0B4B65731A1A5342534123732046E8
:1026D00002B070BD01AB01224FF46571FFF7B8FD88
:1026E0000446F4E7942A06089923040834000020DD
:1026F0003431060838B5FFF7CBFF00210546084600
:10270000EFF720FB04462846E9F7F2FF08B9204618
:1027100038BD04220121EBF753FD01462046EFF7B7
:1027200086F8F0E713B501A9FFF75CFF044610B97E
:102730001120EAF7B3FC012807D00198F1F7D0FC8B
:10274000064907F0FDFC0028F2D001AB012240F25F
:10275000E1312046FFF77CFD02B010BDD4D505085D
:1027600007B501A9FFF73EFF01AB01228021FFF76A
:102770006FFD03B05DF804FB37B50D466946FFF702
:1027800031FF01A904462846FFF72CFF844202D0FE
:102790000120EAF783FC6B46022240F24E41FFF72C
:1027A00057FD03B030BD07B501A9FFF71BFF01AB13
:1027B000012240F25441FFF74BFD03B05DF804FBEA
:1027C00007B501A9FFF70EFF014688B90A20F2F705
:1027D000EFFF034648F2010243F8082F012100F100
:1027E0002C0243F8041F9342FBD103B05DF804FBB5
:1027F00001AB012240F27D41FFF72AFDF5E7000021
:1028000007B501A9FFF7EEFEE0B9124BD3F8B0010E
:1028100088B901460A20F2F7CBFF0121031D00F120
:10282000280243F8041F9342FBD140F20113C36214
:1028300003B05DF804FB4368012B01D0C068E7E7F3
:102840003223019301AB012240F27F41FFF700FDEB
:10285000EEE700BF3400002010B596B001A9FFF7E5
:10286000D9FD0128044602D8002016B010BD8068AA
:10287000EBF7C8F9427C019942B100EB8203A068F2
:102880001B691B6816B0BDE8104018470846F1F7F1
:102890004DF9029004A8DDF7ABFC0028E4D102ABAF
:1028A000012240F27D412046FFF7D2FC0446DDF7CD
:1028B00075FC03AA0A212046EBF74CFB039B186822
:1028C000EBF77EFA10F4804F0CBF02200120CCE71A
:1028D00070B596B06FF00403064604A80D46019348
:1028E000DDF786FC044678B9104A02A90220CDE93A
:1028F0000265FFF7C9FD2846FFF7A8FE0194DDF742
:102900004DFC019816B070BD059C09492068F3F78D
:102910002FFF0028F5D02046EDF78AFA01A9EBF742
:1029200029FA019B5B420193EBE700BFAC2006084C
:10293000042206081FB5134C00940124A140A240B4
:102940002143224381600261CDE90143C0F80CD0EC
:10295000069B0393024600210798E9F7E3FC06284B
:102960000BD01E2809D00E2809D0EBF729FA002831
:10297000C8BF6FF0150004B010BD0020FBE76FF07A
:102980000400F8E76C1D060870B50D46044600F11A
:10299000080240F23B412846E9F716FD04F13006F3
:1029A00004F11C024FF499612846E9F709FB32460D
:1029B00040F2A1312846E9F703FB236B23B12388BA
:1029C00043F00403238070BD3246284640F28C4118
:1029D000E9F7F6FA04F1380228464A21BDE87040CA
:1029E000E9F7F2BC73B504461646258815F00105D3
:1029F000184604D0236902B0BDE8704018476368E8
:102A00000222CDE9000273432A4604F10800FFF7D1
:102A100091FF02B070BD13B503240194049C00948F
:102A20000830FFF787FF02B010BD73B504461846A3
:102A3000E3691646A3B1258815F0010504D0636A41
:102A400002B0BDE87040184763680222CDE9000279
:102A500073432A4604F11C00FFF76CFF02B070BDFF
:102A60006FF01D00FAE713B5C46944B10324019463
:102A7000049C00941C30FFF75DFF02B010BD6FF0A6
:102A80001D00FAE708B50B46018811F004010FD0CC
:102A90005B00520042F0010243F00103C263836312
:102AA00000F1300200210220BDE80840E9F73ABCFD
:102AB000032B03D0042B0AD0062008BD036B002B88
:102AC000FAD000F130020846E9F72CFCF4E700F1F7
:102AD00038020846E8E706207047000030B5044693
:102AE000ADF5037D08461546EBF7AEFA08B10023B5
:102AF0002362A3881B0714D52846EBF7A5FA70B10B
:102B00004FF400730093002202AB092104F144004A
:102B1000BFF73AFB28B1074B185CEAF7BFFA0D2064
:102B2000F9E7A388062023F00803A3800DF5037DB1
:102B300030BD00BFDC86060813B5044601A9443049
:102B4000BFF7BCF8014618B1114B185CEAF7A6FABA
:102B50000A20F2F72DFEB4F85220920242F0010250
:102B6000C0E90222626E023A520042F001020261A2
:102B7000019A520042F00102C0E905220122C0E997
:102B80000722C0E9092240F2FF12C26202B010BD62
:102B9000DC86060810B5C6B06A464430BFF769F84F
:102BA00040B99DF8083013F0100F0CBF022001202F
:102BB00046B010BD0020FBE72DE9F0410446C8B047
:102BC0000846F1F78DFA0378014602AD23B12F2BA9
:102BD00051D14378002B4ED142F621030022C5E9A2
:102BE000002310232B7200210A20F2F7E1FD2B7A3B
:102BF000A988264E13F0100FEB8803F01F024FEA4E
:102C00004202044601924FEA5120C3F345120CBF21
:102C10004FF400484FF480480092DB0A01F01F0295
:102C200000F2BC70C1F3431108F048FB4FEA4803BF
:102C300043F00103A36001238619C4E90333C4E907
:102C40000533E361286861F10007EEF7CCFB3946F4
:102C500020623046EEF79CFB394660623046EEF764
:102C600097FB3946A0623046EEF792FBE0622046C1
:102C700048B0BDE8F0812A4604F14400BEF7F9FFF0
:102C80000028B0D0024B185CEAF708FA80BC92C763
:102C9000DC86060800B5A3B0812201A94430BEF746
:102CA00051FE18B1044B185CEAF7F8F901A8F0F7E7
:102CB0003DFF23B05DF804FBDC86060810B5044632
:102CC0000846F1F70DFA014604F14400BEF70DFE87
:102CD00018B1034B185CEAF7E1F9062010BD00BFFC
:102CE000DC86060810B504460846F1F7F9F90146F6
:102CF00004F14400BFF79AF818B1034B185CEAF7E7
:102D0000CDF9062010BD00BFDC8606080228F8B504
:102D10000F680C4620D14868124EEAF773FF361A46
:102D2000606818BF0126F1F7DBF905460E4940201F
:102D3000EAF762FF0D4B43600D4B83600446067358
:102D400000F110012A4607F14400BEF729FF30B117
:102D5000084B185CEAF7A2F9074D0126E6E7204682
:102D6000F8BD00BF04310608582A0608892D04085A
:102D70007D2D0408DC8606083DE4050808B5103002
:102D8000BEF741FF062008BD70B500F11004C6B0C3
:102D9000694606462046BEF73FFF6D46014638BBF2
:102DA0009DF8163023B30420F2F702FD337B04466E
:102DB0000DF11600A3B1F0F7B9FEA0602B7A2868D8
:102DC00013F0100F48F2010308BF4FF00113E36046
:102DD00001232361EEF707FB6061204646B070BD1A
:102DE00007F0A0F901460DF11600F0F7A9FEE4E79F
:102DF0002046BEF708FF0024EFE7000038B5044680
:102E0000084611464FF002121D46EAF7DDFB214647
:102E10004FF42070EAF7EAFE0223838040644FF407
:102E200000738360296804460430FFF7ADFD04F1A8
:102E30004400BEF7E5FA0D2805D1A38843F0080346
:102E4000A380204638BD0028FBD0024B185CEAF76F
:102E500025F900BFDC86060830B5ADF5057D03AB6E
:102E60000022186001211248FFF7C8FF4FF40075D7
:102E700000F14404009504AB002209212046BFF76D
:102E800083F90E2806D1009504AB002202212046CA
:102E9000BFF77AF918B1074B185CEAF7FFF8064953
:102EA0002046BFF7E9F806200DF5057D30BD00BFCF
:102EB000F4840608DC86060814D70508F0B5044635
:102EC000C7B008461546F1F70BF9443406460146EB
:102ED0006A462046BEF7CDFE18B10B4B185CEAF7E8
:102EE000DDF89DF8083003F01003AB4207D13146FE
:102EF0002046BEF73EFF0028EFD147B0F0BD002DC1
:102F00000CBF15201420EAE7DC86060808B510225D
:102F1000FFF7D4FF062008BD08B50022FFF7CEFF5B
:102F2000062008BD2DE9F041064608461746F1F790
:102F3000D7F804463846F1F7D3F806F144080246BC
:102F4000054621464046BFF700F8082809D100226F
:102F500039463046FFF7B2FF2A4621464046BEF7C3
:102F6000F4FF18B1034B185CEAF798F80620BDE8A7
:102F7000F08100BFDC86060803680133036000208F
:102F8000704708B5AC3003F033FC062008BD10B51F
:102F900004460846EBF758F808B1002323620620E0
:102FA00010BD000037B517490446002501AAAC3012
:102FB000019504F09FF8002802DA4042EAF76EF823
:102FC00029460A20F2F7F4FBD4F81411CA6952001A
:102FD00042F00102C0E902220A6A510041F00101F7
:102FE00001610199521A520042F00102C0E9052222
:102FF0000122C0E90722C0E9092240F2FF12C262A1
:1030000003B030BD792F0408C16C012903D0006DD5
:103010000139F0F7FBBC3220704708B503692BB1CA
:1030200000F1140103F1AC0004F014F8062008BD0F
:103030002DE9F0410369C2B005468BB1214F00F183
:1030400014086E46286932464146AC3004F008F850
:10305000044650B928694146AC3003F0FBFF2C61AF
:103060000024204642B0BDE8F081337A2E2B07D1F0
:10307000737A002BE6D0B3683B40B3F5385FE1D0FC
:1030800000210420F2F794FB2B7B044602A893B1A5
:10309000F0F74CFD3378A060012B48F2010308BF24
:1030A0004FF00113E3600123236173685B0043F079
:1030B00001036361D5E707F035F8014602A8F0F790
:1030C0003FFDE7E700FFFF0010B41C46019B0194A1
:1030D00000685DF8044BFFF7C6BC10B41C46019BAA
:1030E000019400685DF8044BFFF795BC10B50446E9
:1030F00015F05CFC084B094AC31842EB0101621E43
:10310000073402F8013F180AA24240EA01634FEA7D
:103110001121F6D110BD00BF00004352CF4C230D4A
:1031200010B504460846EAF779FD034902462046F1
:10313000BDE81040C0F728BD6FE3050808B508B921
:10314000E9F7B6FD08BD2DE9F041D0F804800E4640
:103150001746044640461D46FFF7F0FF3B46324601
:1031600004F1100108F1AC0003F06CFE0028BEBFB2
:10317000404228604FF0FF30BDE8F0812DE9F0417A
:10318000D0F80480044640461D460E461746FFF719
:10319000D5FF98F844301BB104F10800FFF7A6FFF3
:1031A00060683B46324604F11001AC3003F061FE2A
:1031B0000028BEBF404228604FF0FF30BDE8F081DC
:1031C00002292DE9F041044616461D461FD1D0F8CC
:1031D000048004F110074046FFF7B0FFD6E9002352
:1031E000394608F1AC0003F046FE002805DA4042FB
:1031F00028604FF0FF30BDE8F08160683946AC30A0
:1032000003F03BFE0028F2DB30600020F3E70129E9
:103210000CD146683046FFF791FF04F1100106F12A
:10322000AC0003F00DFE0028EFDAE0E704290AD134
:1032300040680028E9D004F11001AC3003F0F4FD3F
:1032400000236360EFE716232B60D2E710B51C461E
:10325000FFF718FC0CB9062803D0BDE81040EAF7C8
:10326000AFBD204610BD0A46006801230621FFF7C6
:10327000EDBF002300681A460321FFF7E7BF0000F7
:10328000F8B506461F46022326F8043F044630469A
:103290001546FFF779FB5422002104F1580006F08F
:1032A00003FF204BE365204B2366204B636601221E
:1032B0001F4BA6651146A36630460023FFF7C6FFE5
:1032C000012300220521A06DFFF7C0FF0022064662
:1032D00004210123A06DFFF7B9FFBD42C4E91B57CC
:1032E00038BF3D46C4E91D60A800B0424FF06403FA
:1032F00028BF3046E367069BC4F88430A660C4F854
:103300008000DCF7B5FFC4F88C00D4F88000DCF74F
:10331000AFFFC4F89000D4F88400DCF7A9FFC4F82C
:103320009400F8BDDB300408C93004086732040893
:103330007332040810B5D2B00D4B009302AC0523D4
:103340000194EAF76DF9059B0299009307A8DDE95E
:103350000323FFF795FF1DA932A803F037F90028D2
:1033600002DA4042E9F79AFE062052B010BD00BFD3
:10337000D488060870B588B00646084611461A4635
:1033800003AB0193174B00930523EAF7A7F94FF41A
:103390009670DCF786FF0546044645F8486B102119
:1033A0002846DDF763FF2F212846DDF7DDFF9DF876
:1033B0001C3084F84430069B039900932046DDE9D5
:1033C0000423FFF75DFF04F1580104F1AC0003F0A2
:1033D0005BF9002802DA4042E9F760FE204608B0B7
:1033E00070BD00BFD488060870B504460846F0F7E3
:1033F00077FE03782F2B0BD0E56C4DB104F1480616
:1034000001463046DDF7F3FF3046DDF79EFFE56409
:1034100070BD000000000000F0B5C7B00446FFF723
:10342000E3FFAC3404AE014607463246204603F0C3
:1034300087FB002802DA4042E9F730FE082302AD9C
:10344000009301222B463946204603F09BFB0828B7
:1034500002463CD100200146013A0902AB5C41EA38
:10346000106143EA0020002AF6D11CA3D3E900230F
:1034700016F0B8FC184D451961F1000700210A202B
:10348000F2F796F93378012B48F2010308BF4FF0A9
:103490000113836001230446C0E90333C0E9053307
:1034A000C3617068EDF79FFF394620622846EDF74B
:1034B0006FFF394660622846EDF76AFF3946A06221
:1034C0002846EDF765FFE062204647B0F0BD0025D5
:1034D0002F46D3E7AFF3008080BC92C700CA9A3B67
:1034E000000000007FB515460446FFF77DFF064645
:1034F0002846F0F7F5FD0546E16C6846DDF7B6FEB7
:103500002B782F2B04D0D4E913216846DDF79CFEDD
:1035100029466846DDF76BFF6846DDF716FF314642
:10352000024604F1AC0003F0D1F904466846DDF729
:10353000C7FE002C02DA6042E9F7B0FD062004B0B5
:1035400070BD10B50446FFF74FFF014604F1AC0013
:1035500003F050F9002802DA4042E9F79FFD062007
:1035600010BDFFF7EEBFF0B5C3B00546FFF73CFF57
:103570004378044673B101466A4605F1AC0003F096
:10358000DFFA002803DB9DF80030022B02D0022076
:10359000E9F784FD2B6D9C4214D1204606F0C2FD54
:1035A000E864EB6C012B0AD005F148062F21304668
:1035B000DDF7DAFE2F6D0124EB6C9C4214D306205C
:1035C00043B0F0BD0023EB64214605F14800DDF770
:1035D0000EFFE6E70132934207D1121B2146304627
:1035E000DDF731FF224605E02246B95C2F29F1D0F4
:1035F000A242F2D8E96C8A4202D2BB5C2F2B0DD1D9
:10360000131B012B0CD13B5D2E2B20D1C4F10103E8
:103610001A4421463046DDF716FFCDE70132EAE7CE
:10362000022B14D13B5D2E2B11D13B195B782E2B35
:103630000DD1012C06D9013C012C03D0631EF95C8D
:103640002F2902D10132121BE3E71C46F4E7541C78
:10365000B2E710B50446FFF7C7FE014604F1AC001F
:1036600003F00EFC002802DA4042E9F717FD0620BD
:1036700010BD00000228F8B50E680C4621D148683C
:10368000154FEAF7BFFA61683F1A304618BF0127A5
:10369000FFF7AAFE054611494820EAF7ADFA104B9C
:1036A0004360104B8360077300F1140104462A46FF
:1036B00006F1AC0003F08CFC002809DA4042E9F77F
:1036C000EDFC06F14800DDF740FE01270546E2E784
:1036D00026612046F8BD00BF04310608582A0608B6
:1036E000313004081B30040870B5C6B00D4A039190
:1036F0000024694605460092CDE90144FFF774FEB7
:1037000004AE0146324605F1AC0003F019FA38B9AF
:103710009DF81030012B14BF0120022046B070BD6F
:103720002046FBE7343106082DE9F34105461046F3
:103730000F46F0F7D5FC3D493D4C013800230E46BD
:1037400010F8012FBABB012BB8BF01231E46D5F8D4
:103750001431986A7C30EAF74FFA00F17C03436633
:1037600095F84430456004467BB100F108084046B6
:10377000FFF7BCFC08220123A26704F17002C4E930
:103780001A2384F87030C4F8748039462846FFF74D
:103790002BFE04F164030246009304F1100133464A
:1037A00005F1AC0003F026FA00283BDA0023636041
:1037B0004042E9F773FC782AC2D8712A08D8612AF6
:1037C00026D0622A2AD02B2ABAD143F00303B7E7C6
:1037D000723A062AB4D80FF2080C5CF822F000BF47
:1037E0000D38040841370408093804084137040833
:1037F00041370408FD3704081738040840F2025224
:1038000073B10020E9F754FA314699E70122F7E74E
:1038100040F60212F4E740F20232F1E721468FE768
:1038200013468DE7204602B0BDE8F081F086060819
:103830002087060810B504460068F3F74BFA2046C7
:10384000BDE81040DCF73CBD1FB5037942799342D7
:10385000044615D3837993420ED8E9F719FD012365
:103860000093A279206803ABE11DF3F776FA039B7E
:10387000C0B2607103B918B94FF0FF3004B010BD89
:103880005A1C22711C44E079F8E70000F0B5C90029
:1038900087B041F0020142F272131D4A04910646BC
:1038A00004A902200593FEF7BBFE01210746F3F7AA
:1038B0008FFB00228468039203AB0B213846A0479C
:1038C000431E0333044618D8092838BF0924FF2CA7
:1038D00028BFFF24E01DDCF7CBFC012307608471C7
:1038E00005460093C11D03AB22463846F3F735FA6F
:1038F0006871039818B1E9F7D1FB1924EAE7054B81
:1039000028717360044B3560B36007B0F0BD00BF31
:10391000AC200608493804083538040810B4036898
:103920005A7C03EB820301211B691C680023A44617
:103930001A465DF8044B604710B403680A46597C88
:1039400003EB810302211B691C680023A4465DF878
:10395000044B604738B5436804469A4228BF1A466C
:103960000068154606F05CFB23682B4423606368FF
:103970005B1B636038BD00000FB407B504AA05489F
:1039800052F8041B0192BFF74FFF03B05DF804EB40
:1039900004B070474C1006081FB50C4611460A4A81
:1039A0000392CDE900041A4602A8CDF808D0BFF76B
:1039B0003BFF24B1DDE900321AB903F8012C04B051
:1039C00010BD00221A70FAE7553904080CB407B587
:1039D00004AB53F8042B0193FFF7DEFF03B05DF84F
:1039E00004EB02B0704700007F2801D880B2704716
:1039F000B0F5803F11D240F2B51399420DD1084A7B
:103A0000002332F8021B814201D19BB202E0013354
:103A1000802BF6D18033D8B270470020704700BFAA
:103A2000668C06087F280DD940F2B513994208D15B
:103A3000FF2806D800F10040034B803833F810000F
:103A400070470020704700BF668C0608B0F5803FC5
:103A5000F0B522D21F4A204983B2B3F5805F38BF48
:103A60000A46141D34F8042C2146AAB1934213D3FC
:103A700034F8025C2E0AEFB252FA85F5A84223DA36
:103A8000082E09D8DFE806F0050A10131517191BD0
:103A90001D00801A34F810301846F0BD9A1A02F052
:103AA00001029A1A93B2F7E7103B9BB2F4E7203B6E
:103AB000FBE7303BF9E71A3BF7E70833F5E7503B04
:103AC000F3E7A3F5E353F0E70434002ECAD101EB8A
:103AD0004702C6E7B8890608748A060803680133F6
:103AE00004D04068431C5842584170470120704739
:103AF00010B50B6804689C4209D040684968884248
:103B000005D08C4203D0181A18BF012010BD002028
:103B1000FCE740F30903B3F1FF3F08BF0130C0F3F6
:103B20000900043070470A680368534003604A681C
:103B30004368534043608A6883685340836070479A
:103B400008B503681B0D13F4E06304D00430FFF7DD
:103B5000CFFF80F0010303F0010008BD826A00F18D
:103B6000280302B970471A688A4202D10A681A60AB
:103B7000704713461268F4E7C36E426D1944891A00
:103B8000B1FBF3F203FB1211836D8B4208D9CA0813
:103B9000406E01F0070101238B40815C0B4383548D
:103BA00000207047194B1A4A11F0805F30B508BFEA
:103BB0001C46036818BF144683EA010525420DD050
:103BC00043F30904013409D001EA0204114A1A40FE
:103BD00042F09F4242F4E002944203D1002303608A
:103BE000012030BD0A0D02F4E064B4F5806F05D108
:103BF000C3F38924C1F389218C4201D20020F0E76C
:103C000052B203EB82230360F8E700BF00FC0F70A1
:103C100000FCFF7F00FC0F0008B502460846FFF7D6
:103C200078FF136803441360002008BD0368013364
:103C30000360002070472DE9F04F87B0DDE911489F
:103C40000393836E139EDB691746A2199A4283463B
:103C5000894607D8C36E002B00F09A80109A9342D1
:103C600000F296806FF053008FE0B9F1000F41D061
:103C7000D9F80030109A93423CD1D9E9015305EBB1
:103C8000030AA24536D9A54214D8AAEB040AB245C4
:103C9000D9F80C1028BFB246651B4046524629444D
:103CA00006F0BEF9D0445444A6EB0A06002EDCD13F
:103CB00030466AE02D1BB54228BF354602953B6869
:103CC000109A93421ED1D7E901130B44A34219D98C
:103CD000A14211D8029D1B1B9D4228BF1D46FB68B7
:103CE000611A40462A46194406F09AF9A8442C4421
:103CF000761BDBE70296E2E7029B091B8B4228BF9B
:103D00000B460293DBF8680042684169B4FBF1F3AB
:103D10009446039A964201FB134319D3C3B98E42CA
:103D200016D3029BB3FBF1FA01FB0AFAA3EB0A03D9
:103D300004931099CDF800A0434622466546A84753
:103D400018BB049B029A9B1AD04454441E44ADE70E
:103D5000059D109A3A600D442544B5FBF1F54D439D
:103D6000C169E21A1B1B8D4294BF5B195B18816A03
:103D70007A608B4228BF0B46BB600093FB681099AA
:103D80006546A84700283FF470AF07B0BDE8F08F44
:103D9000039B013B059389E72DE9F04FD1E903959A
:103DA00087B006463C300F469A460595FFF7C8FE99
:103DB0009046044680B1C2F389246CB1F36BCAF318
:103DC0008922C3F38923934204D16FF0010007B025
:103DD000BDE8F08F6CD30024C8F3892B2846FFF789
:103DE00098FE031D4B45F0D8A9EB000905AACDE9C3
:103DF0000192042303933A68009200213246304630
:103E0000FFF719FF0028E2D1059B1BBA6B4023F096
:103E100000430593BBF1000F1ED0290D01F4E062B1
:103E2000B2F5806F18D1AAEB0402C2F3892CC5F356
:103E30008920844510D322F07F4222F4700222F4BC
:103E40007F7222F0030242F0804242F48012AA42C2
:103E5000BBD049B204EB8124AAEB0401694011EA0A
:103E6000080127D145F309030133AED0129BC5F3F6
:103E70000908984528BF9846119B0293109BCDF8DE
:103E80000C8004334B4401933B6800933246434615
:103E90003046FFF7D0FE002899D1129BA3EB080211
:103EA000119B014603EB080006F0FEF860198EE74F
:103EB000014C91E71D4691E700FCFFFF1FB5C3F3DE
:103EC00009040294069C019400240094FFF764FF07
:103ED00004B010BD30B587B003AD094B0095144652
:103EE000084AFFF7EBFF002804DA831C00D100200A
:103EF00007B030BD29462046FFF715FEF7E700BFA3
:103F00000C00F07F0000F07F30B5134687B00268E8
:103F1000044604AD0820916E039002955868019004
:103F20001B680093CB69104602F11001FFF783FE76
:103F300018B9211D2846FFF7DBFD07B030BD000092
:103F400038B50749044606F06DF9054905462018BD
:103F500006F04CF90444605DB0FA80F0400938BDC9
:103F6000D4D50508F0B51C4640F2FF339A4285B01F
:103F700005460E4604F1080C08D11B49604606F0C0
:103F800017F902232370002005B0F0BD036FCDF8B0
:103F900000C0013343EA82239702144AFFF78EFFE1
:103FA0000028F1DB000D02AB2070009347F00053B6
:103FB0000F4A43F0080331462846FFF77FFF0028E9
:103FC000E2DB40F20223B3EB105F4FEA105202D162
:103FD000039B6360D7E740F201239A42D3D1C0F339
:103FE00009006060CFE700BFD4D5050800FC0F785A
:103FF00000FC0F702DE9F04FABB000251F46CDE956
:104000000A55BDF8E0300593BDF8DCB0BDF9E430E9
:1040100006908A460493A9463846FFF77AFDDAF8F7
:104020000C3000EB0208984565D20423039309ABDA
:10403000CDE90183069ADAF80030009300210423C9
:104040001046FFF7F8FD002840F01981099B1BBAC4
:104050007B4043F00047DAF800300A9308F104038C
:104060000B9309973C460AAB369A89EA0406164038
:10407000844A16403DD1369AC2F38922002A00F0C4
:10408000A4804FF03C0C0CFB05FC0CF1A8026A4428
:10409000349942F86C1C359942F8681C369942F8FC
:1040A000483C42E91919059922F85A1C049922F84A
:1040B000581C3A9942F8541C3B9922F85CBC42E9DE
:1040C0001414DDE90A010CF1A80342F8707C42E9FE
:1040D0001EA80DEB030C443AACF14C0382E803003C
:1040E000CDE904663B93684B36960135B1463A9369
:1040F000B346424690E7359B002B40F3BE8034998F
:10410000349B0831349135991C68099401395B68F6
:1041100035919046A8E7B2F5817F1ED11C46002656
:10412000099BC3F309029642E3D2049AA168C3F340
:104130008923134441EA83212378626803F540739D
:1041400041EA0351DDE93A3098470028C0F29780F0
:1041500004F10C04CDD10136E2E71A46049B04EBCE
:104160008321DDE93A3098470028C0F28880C0D02A
:10417000002D00F084802AAB013D3C2202FB053279
:1041800052E91C73349352F8683C359352F8643CFE
:10419000369352E9110132F85A3C059332F9583CF2
:1041A00004930AAE52F8543C3A9352E91EA852F8CE
:1041B000503C52F84C4C3B9386E8030052F8609C0C
:1041C00032F85CBC52F8483C0994369AC2F3892212
:1041D00032B1C4F389225A458BD305998A4288D2D9
:1041E000C4F30A52002A84D040F201118A4292D1CB
:1041F000254A07933A9B93423FF47BAF3C222AAB7C
:1042000002FB05360021A6F1780005F04DFF349B36
:1042100046F86C3C359B46F8683C369B26F85CBCFF
:1042200046E91939059B26F85A3C049B26F8583C68
:104230003A9B46F8543CC4F3090B3B9B46F8503C70
:104240000BF101030593C4F38924049B0F4A46F83C
:10425000707CA4EB0B041C4423B20493079B46E937
:104260001EA89A460023CDE9353201354FF000599A
:1042700034934FF0FF3798463BE7002078E72BB0A8
:10428000BDE8F08F0000F07FA53B040800FC0F6044
:104290002DE9F04F85B09846836E0F9D119EDB6926
:1042A0001446AA199A42074689461ED96FF0530050
:1042B00042E02368E06802331DD1D4E901130B44C6
:1042C0009D4218D28D4216D3A3EB050AB24528BFF2
:1042D000B246691A01445246109805F0A1FE109B9F
:1042E000534410935544A6EB0A0646B36FF0010BF6
:1042F00008F1FF3ADDE7B96EC4F800B0D1F814C098
:10430000896AB5FBFCF20AEB0C032B44B3FBFCF30C
:104310000CFB03F38B4228BF0B460CFB02F26260DE
:10432000A3604946CDE9010300920E9B054A384639
:10433000FFF732FD0028BCDA05B0BDE8F08F30464B
:10434000FAE700BF00FCF7FF2DE9F04F87B0064603
:10435000119F884691469A4600240DF1100BA74202
:1043600003D8002007B0BDE8F08F3D1B109B082D3F
:1043700028BF0825E318CDE900A3CDE902B5A9EBD4
:104380000403424600213046FFF755FC0028E9D1DE
:10439000129B29461A685846F9F706FD129B2C44D1
:1043A0001860DCE72DE9F04F97B014460A93C36E0E
:1043B000126807460E4653B1934205D86FF0530575
:1043C000284617B0BDE8F08F61688B42F6D900210E
:1043D0004FF004080EABCDE901130092CDF80C802C
:1043E00043463A463846CDE90E11FFF724FC054610
:1043F00010B110F1540FE3D1CDF80C800FAB4FF09A
:1044000000080293CDF80480636800933A460423C1
:1044100041463846FFF70FFC0546002848D010F10A
:10442000540FCDD1414654F82130336081F001035F
:10443000099354F82330736016AB03EB81014FF0FE
:10444000FF3551F8203CB3600023F360022306934C
:10445000A44A92E8030010AB83E803004FF0FF3258
:10446000042106F10800F9F79FFC0023CDE907338A
:104470000C90A94605934FF0FF389B464046FFF746
:1044800048FB0422BB6E039283440DAACDE901B21E
:1044900032680092DB693A4600213846FFF7CBFBD1
:1044A000044668B114F1540F00F01A81254687E7DD
:1044B000DDE90E31C91A0029D4BF00210121B2E77C
:1044C0000C9A04210DA8F9F76FFC0D9B0C901BBAF8
:1044D00088EA030ABAF1000FCDF834A01DDA4FEADA
:1044E000185303F4F063A3F5A06463426341F268D8
:1044F000002A40F0FD80D6E90032C6E90023099B7E
:1045000016AA02EB830353F8203CB360069B012BF1
:104510003FF454AF012306939AE75046FFF7F9FAA8
:10452000BB6EDA6900EB0B03934200F2D9804FEACD
:104530001A5101F4F061B1F5A06F33680BF1040872
:1045400033D10421039114A9CDE9018100932146BF
:10455000134638463A46FFF76EFB04460028A1D1C1
:10456000149A0C9B9A4240F0BB800D9BFA6A1B0D7B
:1045700004210CA88AEAC37AF9F716FCF8620D98B0
:10458000FFF7C7FA059BB382109BB3615844119B98
:10459000F361C6E9030A079BF3754FF0FF330C93F1
:1045A0004B464D46D046994668E70CA90438CDE9FC
:1045B0000080029138463946FFF7C6FE04460028BF
:1045C0007FF470AF0D9B190D11F4E0601CD1059ABA
:1045D000C3F389239A4201D8013305930D99209B97
:1045E0000A9A4B4013400B9364D13268DDE92230C4
:1045F000CDE9142814AA9847041E0B9B57DA14F12E
:10460000540F3FF474AF51E7B0F5806F1DD1059A98
:1046100048B242FA81F18AB20592334A09EA0202AB
:1046200042F09F4242F4E002934202D149F0004935
:10463000D4E7B9F1FF3FD1D0C3F38923C9F389226D
:104640009342CBD809EB8029C8E7B0F5C06F336837
:1046500013D101F0010208210792BA6E039110A94B
:10466000CDE901810093D36921463A463846FFF7E8
:10467000E2FA04460028B1D014E7C1F30A0240F27E
:10468000FF518A42AAD10821BA6E039112A9CDE93D
:1046900001810093D36921463A463846FFF7CBFAA9
:1046A000044600287FF4FEAE0123089396E70D9B95
:1046B00003D199464B46A94673E70C4A89EA0301A0
:1046C0000A4052B1022CF5D1C9F38922C3F38921E2
:1046D0008A42EFD343F00049ECE74FF0FF39E9E7B6
:1046E000002304E7688D060800FC0F0000FCFF7F34
:1046F0000021B17513B3B96E8869B2FBF0F300FB0A
:104700001323DBB9089BCBB14FF0FF33149314ABE9
:104710000293129BCDE900233846CA6933683946B3
:10472000FFF712FE20B110F1540F01D0054647E605
:10473000DDE91332981A43424341B375314607F11C
:104740003C00FFF7FDF988B1FB6BC5F38922C3F389
:1047500089239A4204D145F00045219B43B912E0D8
:10476000691CFAD09A4288BFA5F58065219B3BB1B0
:10477000B28AC5F38923934228BF1346219A138036
:10478000002DBFF61DAEB38AC5F38925AB4294BF99
:1047900000256FF0010513E61FB50023CDE90233B4
:1047A00001934FF0FF330093FFF7FCFD05B05DF878
:1047B00004FB00002DE9F04F8DB015680693036AE5
:1047C0008B61436ACB612B78049280460E46002BA6
:1047D00000F08880464CC4F30A53022B059304D1A1
:1047E0002846444905F002FD05444249284605F0A3
:1047F00019FD0128074606D12B782E2B0CD105F187
:10480000010A5546E7E7022806D102463A492846FA
:1048100005F076FC002865D005EB070AD1464FF07D
:10482000010B3449484605F0E1FC814431494846D2
:1048300005F0F8FC0246C8B1012805D199F800102E
:104840002E2910D19144ECE702280CD107902A4977
:10485000484605F055FC079A28B9BBF1010BF1D188
:1048600009F1020ACDE70BF1010BEBE72B78002BE6
:1048700034D0049B1D60059B022B36D1C4F38924E0
:1048800040F2FF339C4206F118091BD10DF1240BB5
:104890001A4B0293069BCDF80CB0CDE900734A4643
:1048A0004FF0F04331464046CDE909850B97FFF7BD
:1048B00079FD041E12DBA4D1F37D002BE8D16FF04B
:1048C00001040BE00E4B0F4ACDF8009043EA84231D
:1048D00031464046FFF7F2FA041ED7DA20460DB003
:1048E000BDE8F08F6FF01504F8E76FF01304F5E7FB
:1048F00000FC2F00D4D50508C5E305086D49040860
:104900000800002000FC0F702DE9F04F87B007462B
:10491000129E884691469A4600240DF1100BA6423D
:1049200001D800201BE0351B109B082D28BF08254F
:10493000E318CDE900A3CDE902B5A9EB0403424693
:1049400000213846FFF777F948B9119B2A46191913
:10495000584605F0D5FB002804D005DA012007B041
:10496000BDE8F08F2C44DAE70220F8E730B51346B3
:104970008268C1F3090585B0AA4228BF2A4602927F
:10498000416801915968009101681B680446084616
:10499000FFF7BAFF28B9A368AB4202D034BF0120A9
:1049A000022005B030BD036B1944C1F30903003B7D
:1049B00018BF012321F0004141EAC3710163704730
:1049C000F8B5C6690D68083EB5420F4613D3B5FB6E
:1049D000F6F0013815F06EFA841CA5EB8404B4FBE4
:1049E000F6F4204615F066FAA5EB800504FB165593
:1049F0003D602046F8BD0020FCE72DE9F04F89B06E
:104A00000646DDF84C8005920F464BB94FF0FF3259
:104A1000C8F80020149A0020136009B0BDE8F08F98
:104A2000846E013B07A920460793FFF7C9FF12A92F
:104A300005462046FFF7C4FF4FF0040A81460DF1FA
:104A4000140BA945059A03D3129BC8F80020E1E78F
:104A5000A5EB0904B4FA84F495FAA5F3B3FA83F349
:104A6000C4F11F049C4228BF1C46A300CDE90023CB
:104A7000CDE902BA04233A4600213046FFF7DBF8BD
:104A80000028CAD10123A340ED1ADAE72DE9F04F3F
:104A9000CE6A90464A6BB24285B007460C465BD25E
:104AA000B61A9E4228BF1E46DFF8B0B0B14601F1EB
:104AB000400AB9F1000F01D1304618E0216B4803DC
:104AC00004D5BB6EE26BDB699A421BD1CA02636BF1
:104AD00010D404F13C02029204F13802CDE9003214
:104AE0005146D4E90A233846FFF787FF30B105B0B5
:104AF000BDE8F08F6FF00102C4E90E23216B41F491
:104B000080212163BB6EE26BDB6901929D1A4D45EA
:104B100028BF4D4611F48011CDE9028515D0A28839
:104B20004BEA8222009204F1080152463846FFF710
:104B3000AFFB0028DBD1636B2B446363E36B2B4437
:104B4000E363A844A9EB0509B3E7A26B00923846DA
:104B50005246FFF770F8ECE70020C8E7000010208D
:104B60002DE9F04F89B00646DDE9120A0F4690465E
:104B70001D4688B30138059005A9B06EFFF720FFE8
:104B80000DF1180B044614982946D04720BB1CB3DE
:104B900004F00109C9F102039B00CDE90050CDE901
:104BA00002B3424639463046FFF745F8A0B9E5431F
:104BB00005F00105A84207DB08AB03EB8505023CC5
:104BC00055F8085C4C44DEE706991498D047034634
:104BD0000120002BEED0184609B0BDE8F08FC36865
:104BE000184710B50C46826AE068FF2105F05CFAB0
:104BF0004FF0FF33236010BD2DE9F0430D460968E7
:104C00009846CB1C85B00646174603D9002005B050
:104C1000BDE8F083806EAC6883691C44013CB4FB42
:104C2000F3F45C430094D0F80890EB686A68C847D6
:104C30000028ECD1B8F1000F04D1B06E2946FFF77F
:104C4000D0FFE3E74FF0FF333B600294EB68019342
:104C50006B6800932B68224639463046FFF754FEB6
:104C60000028D4DBE9D06FF05300D0E72DE9F84FEE
:104C7000DDE90B5A0D9E07460C4690469946002EDC
:104C80003AD0002107E00A9A22609A69B5FBF2F354
:104C90005343C4E9013122680A98BB6E8242F2D1C3
:104CA0006068A842EFD89A6A0244AA42EBD9521B24
:104CB000E368B242A5EB000028BF324651461844D3
:104CC000934605F0ADF96368A2685D44EB1A934220
:104CD00038BF1346BA6EA360926A9A42DA44A6EBD2
:104CE0000B06CCD14B46424621463846FFF784FF9F
:104CF0000028C4D0BDE8F88F3046FBE7F0B585B09A
:104D0000CDE902231D464B6801930B6800930C46C6
:104D100017460023024600F11001FFF7A7FF0646E1
:104D200040B9E26829463846F9F73EF86368E06022
:104D30002B446360304605B0F0BD2DE9F04F0646C8
:104D400087B010469946FEF7E4FE4B6893464A69E1
:104D5000034493420C46804641D88B682BF0004AAE
:104D60008AEA03031BBA059305AA04233046FFF71A
:104D7000C5FF054678BBBBF1000FA8F1040720DA98
:104D80000DF1130B2FB30123CDE902B3D9F8043091
:104D9000043B4344DB1B0193D9F8003000933246B7
:104DA0003B4600213046FEF746FF40B901235A46F4
:104DB00021463046FFF7A2FF013F0028E2D005461A
:104DC00009E03B464A4621463046FFF797FF002858
:104DD000F5D1C4F808A0284607B0BDE8F08F6FF001
:104DE0001B05F8E713460A46D0E90001FFF7A5BF07
:104DF00010B504460B6AE3664B6BA1660846E36098
:104E000013B18B6B1BB9E3616FF00B0010BDE36155
:104E10002146FFF7E6FEA06E04F11001FFF7E1FE68
:104E2000A36EDA6B0AB96266EEE762661A6C002A54
:104E300008BFFF2222675A6C002A08BF6FF00042A9
:104E40006267996C40F2FE32002908BF1146A167E3
:104E50001A6DE267501C12D10023E36700204FF067
:104E6000FF33C4E90833C4E90A00C4E90F00C4E908
:104E70000C00C4E912006064A0632065C6E7002A44
:104E8000ECD1DA6C986A4AB1D3088842024628BF4E
:104E90000A469A4294BFE267E367DFE7DB69DB0813
:104EA000F3E710B5D1E9003482699A4210D1C369A1
:104EB000A34211D0D1E90234A34205D15B000A60BC
:104EC000C2694A60CB60002301338B60002010BDB3
:104ED000A242EFD1C469EBE76FF05300F7E700009F
:104EE0002DE9F0470123144600228CB0C4E90623C3
:104EF000194BDFF86C80DFF86C9006460F460FCB3D
:104F000008AD85E80F0004F1180A5046FEF7E6FDEB
:104F100010B16FF0010018E029462046FFF7C1FFED
:104F2000B0B93B6806937B68079305ABCDE9028374
:104F3000CDE90090094B0596524621463046FFF7D1
:104F400031FA0028DFD0831CDDD00CB0BDE8F0873B
:104F50006FF05300F9E700BF708D0608FF03F07F84
:104F6000093F0408080000202DE9F04F95B00446E1
:104F70000D46164600211C220CA8059305F094F856
:104F800001231393494B0FCB0DF1200888E80F0044
:104F900040F2022A12A8FEF7A1FD20B1A76A002F55
:104FA00054D1384640E041460CA8FFF77AFF00286C
:104FB00079D112993046A847002835D11399304647
:104FC000A84788BB12AA0CA92046FFF7E5FB58BBEF
:104FD000DFF8E4B0364F8146BDF844201FFA89F36C
:104FE0009A42D7D906AA0BEA892300923B43314A59
:104FF0000CA92046FEF762FF002804DA831C13D1B7
:1050000009F10109E8E7BAEB105F4FEA10530ED13E
:10501000079B0093CDE90156069B224600212046BE
:10502000FFF79EFD0028EBD015B0BDE8F08F059A84
:10503000002AE5D0B3F5007FE2D106993046A847B3
:105040000028F1D107993046A847EBE7BB79012B3F
:1050500001D03F68A3E73B6B03F48813B3F5803FAF
:1050600013D03B6B03F49013B3F5003FF1D1CDE9BE
:1050700001567B6B0093BB6B224607F14001204633
:10508000FFF76EFD0028E4D0CEE7CDE90156FB6ABC
:105090000093BB6A224607F140012046FFF760FDFE
:1050A0000028DED0C0E76FF05300BDE7708D060822
:1050B0000800002000FC0F7000FCFF0338B5C26D33
:1050C000436D1344C26EB3FBF2F102FB113343652F
:1050D000836EDA6A036ED1000025994294BF816520
:1050E00083650446C5652946406E04F0DDFF064928
:1050F000012322462046FFF737FF18B1C4E91655B1
:10510000E36E236638BD00BF793B040870B50446E2
:105110000D46A06DE36D834208D3236E002B2FD084
:105120002046FFF7CBFF0028F3D020E0616EDA08BD
:1051300003F007068A5CF240D20719D4626D13446B
:10514000E26EB3FBF2F002FB10332B60A56DE36D52
:10515000226E0133013AAB42E36522660ED2DA08D1
:1051600003F00703885CD84010F00100EFD170BD58
:105170000133E365236E013B2366CBE70020F6E7AE
:105180006FF01B00F3E77FB50C4604310646FFF7CE
:10519000BDFF054670BB21463046FFF7B7FF054609
:1051A00040BB2246042342F8080FCDE902230190B8
:1051B00022680092014632463046FEF73CFD10B1AF
:1051C00010F1540F19D1B36E5A6A002A09DDA36891
:1051D000013242F00102013B1344B3FBF2F35343AB
:1051E000A3604FF0FF330422C4E903230022C4E983
:1051F0000523E361284604B070BD0546FAE70000C8
:105200002DE9F04F044687B00D4605A92046FFF76B
:105210007DFF064658B9DDF81480A06E4146FFF7C1
:10522000DEFC0646002853D010F1540F56D030460D
:1052300007B0BDE8F08F2A6BCDF80C900DF1130A82
:1052400012F4801FCDE9017AA3EB07031CD0AA88D2
:10525000244941EA8222009205F108015A4620467B
:10526000FFF716F870B9CDE902A9CDE9008701234F
:10527000224604F110012046FFF7F8FC60B110F15E
:10528000540F2BD00646D2E7AA6B0092594622460D
:105290002046FEF7D0FCE5E70137EB6BBB42CAD8EE
:1052A000A36EE1699A6AE86C04F0BAFE23692B6484
:1052B00063696B64A369AB64A06E04F11001FFF72E
:1052C00090FC2B6BC5F8388043F400332B63AEE7BA
:1052D000074605F1400B4FF00109DEE74FF0FF33C1
:1052E000236192E7000010202DE9F04F93B0CDE943
:1052F00007230B6BDA0206460D461BD54C6B089B49
:10530000CA6AE318934238BF1346C26F9A4211D259
:10531000C36ECC630366FFF773FF2B6B044630B19B
:1053200043F400232B63204613B0BDE8F08F23F431
:1053300080132B63089B069305F140030C93069B97
:105340000BB9089CEFE72B6B13F4003204D0B16E5D
:10535000EF6BC9698F4249D1DB026F6B00F1DF80CF
:1053600005F140030A93C2B9BFB111AB0293013FEB
:1053700005F1380301930097119205F14001D5E939
:105380000A233046FFF739FB044608B12B6BC7E709
:10539000B06E05F14001FFF724FCF36E3366AB6B92
:1053A00009936B6B0593013B0B930FA93046FFF7F5
:1053B000ADFE04460028E9D1DDF83C80B06E4146E0
:1053C000FFF70DFC044630B114F1540FDED14FF05D
:1053D000FF332B64E9E7059BD6F868904BBBC5E922
:1053E0000E831F462B6B43F400332B63B36EDB69D4
:1053F000DF1B069B9F4228BF1F46079B0397029314
:10540000EB6B0193AB6B00930C9901233246304652
:10541000FFF72CFC0446002800F0858010F1540FA3
:10542000B4D129463046FFF7EBFE04460028E4D00D
:10543000ACE70B9B109310A94846FFF7C1FA109FE9
:10544000D9F81C3001379F42109750D1471C97FA6A
:10545000A7F7099B1193B7FA87F707F1010AA1464D
:105460000DF1440B4FEA89030D930423CDE902B3F8
:105470004FEA8903CDE900830A9901233246304679
:10548000FFF7F4FB044600289ED14F4535D109F1C2
:105490000109CA45E6D8C5F838804FEA8A0724E0F2
:1054A000099B0093CDE902BACDF80490A7EB09035C
:1054B000324600213046FEF7BEFB044600287FF44A
:1054C00065AFCDE902BACDE900890A9901233246D8
:1054D0003046FFF7CBFB044600287FF475AF09F197
:1054E00001094F45DCD8C5F83880EF637AE7A1465B
:1054F0004FF0010A0DF1440BF3E70423CDE902B3A9
:105500004FEA89030193119B00930146042332461D
:105510003046FEF790FB04460028B8D036E76FF01F
:105520000103AB63E1E76B6B3B446B63EB6B3B44A9
:10553000EB63079B3B440793069BDB1B0693F36ED1
:105540003366FCE6F0B50C46096B0546480397B098
:1055500008D5CA0258BF4FF0FF3321F4802158BF4D
:10556000236421638B0302D4002017B0F0BD11F433
:105570008011666BE76A3FD1542201A804F094FDC4
:10558000A36ACDE90B370123CDE90D3695E80F006D
:1055900011AF87E80F004FF0FF372F60626BE36AAF
:1055A0009A4212D304F1400701232A46394628467D
:1055B000FFF722FB20B310F1540FD6D12146284625
:1055C000FFF71EFE0028EFD0CFE701230DF1030205
:1055D00001A92846FFF75AFA0028C6DB01230DF17E
:1055E000030221462846FFF77FFE0028BDDB2B681B
:1055F0000133D3D01197D0E7BE422CBF66636763F7
:10560000A36BA362636BE362236B23F4003343F465
:105610008033C4E90C36A7E72DE9F7431E460B6B30
:1056200017465A0305460C4619D4216B0B051DD4A9
:10563000D4F834806B6F08EB06029A422FD811F42D
:10564000003919D033463A4621462846FFF74CFE2A
:10565000002808DB236B23F40023236303E0FFF718
:1056600071FF0028E1D003B0BDE8F083E36A626B0C
:10567000934288BF6363DBE7E36A9845E2D96363DB
:10568000636B9845DED901230DF1070221462846B8
:105690008DF80790FFF728FE0028F1DAE3E76FF0B6
:1056A0001A00E0E707B500230449019301AAFFF7B8
:1056B0005BFC00B9019803B05DF804FB2D3C0408C5
:1056C0002DE9FF41144601230022C4E90623134BB0
:1056D00006460F460FCB8DE80F006D4604F1180803
:1056E0004046FEF7FBF910B16FF0010010E02946CB
:1056F0002046FFF7D6FB70B939464046FEF7F8F969
:1057000030B1424621463046FFF746F80028E7D040
:1057100004B0BDE8F0816FF05300F9E7708D060822
:105720002DE9F3414D6B07460E46144613B1012B8C
:1057300009D12C447B6FA3423CD3AC4210D120460C
:1057400002B0BDE8F081022B08D1D1E90B329203FF
:1057500002D5AB4238BF2B461C44EBE72C46E9E7A9
:10576000336B5B031ED5D7F86880F26BD8F81C301A
:105770009A4217D0694640460095FFF721F901A9E2
:10578000054640460194FFF71BF985420AD1736C28
:10579000019A934206D8B16C0B449A4202D27463C8
:1057A000F263CCE731463846FFF7CCFE0028C7D17C
:1057B0007463C4E76FF01500C2E700002DE9F04FF5
:1057C0000D46816E6A688B69C96914325F1E4FF09D
:1057D000000A8A4294BFBF187F188BB0B7FBF3F75B
:1057E00004465F43D1466FF0030B6E68BE4219D387
:1057F0002B694FF0FF320892A9EB0302CDE900328A
:1058000008AE02962B6809F1040221462046FEF7F5
:105810009BFD002847D1089B534500F0B0806FF0F6
:10582000530040E0ABEB06033B44043640F2FE324B
:10583000934294BFF618B618BE424FF0FF0335D31B
:105840008DF81F30A26ED2E90632D21AB24236D398
:10585000012203920DF11F02CDE901622A68009234
:10586000002122462046FEF7E6F910B110F1540F50
:1058700019D1A36E9A6900964FF0FF33099309ABD3
:10588000CDE9012321462B6808922046FEF75CFDF6
:1058900010B110F1540F06D1404A08AB29462046FA
:1058A000FFF74BFA58B10BB0BDE8F08FA7F1140227
:1058B000964228BF1646BE428DF81F30C2D29DF8D0
:1058C0001F206B68D243ABEB0308C2F3C01202F592
:1058D000A062B04448EA0258AB68EA6848F47F28FE
:1058E00048F4406888EA03031BBA089308AB042114
:1058F0001846F8F759FA082208ABE86003920293B9
:105900006B6801932B68099004F110010093224603
:10591000002320460591FFF7A9F90028C3D1059976
:10592000B9F1000F04D16B68D5F80CA003F104099C
:105930009DF81F306E60DB431B0603F0004383EAD3
:105940000803AB60B7424FF0FF33EB6006D9A36E9C
:1059500062699B6A1344B3423FF647AF4FF0FF338F
:105960002360224600232046FFF746F900289AD1FB
:10597000A06E0369984700283FF437AF93E70422ED
:10598000CDE9009202962B6821462046FEF7DCFC0A
:10599000002888D1089B002B85D040E708FCFF5FDA
:1059A0002DE9F04F97B0CDE90823836EBDF88480D0
:1059B0005A6A8B68BDF888B00133002A04460D4648
:1059C0008B601ADC00270026A06E69681091002306
:1059D0004FF0FF32CDE91132CDE91323C36C002B18
:1059E0003CD0083B1593FFF7FAF8002838D010F1A7
:1059F000540F40F0BB803E4610E0013242F00102FD
:105A0000B3FBF2F102FB1133002BDBD1012610A90D
:105A1000284610931196FEF76BF8D0B14FF0FF3384
:105A200000274FF00109236110A92846CDE910791C
:105A3000FEF75EF850B1291D2046FFF767FB50B115
:105A400010F11C0F40F09280002EBDD16FF01B00B2
:105A50008CE03746B7E707464E46B5E7C369C0E76F
:105A60000DF14009042305F1080249462046FFF7DD
:105A700045F90028BBD10BAB07933E4B0693C8F109
:105A800000031BB2CDE904B33B4B0293099B019386
:105A9000089B009302462099CDF80C804FF0FF330D
:105AA0002046CDE90B49FEF7A5FA00289FD105F164
:105AB00018010846FEF712F860B9EA7D0B462F4937
:105AC00002F5C06241EA025220464946FFF735F925
:105AD00000288CD10023CDE90D330F9346B904F192
:105AE0003C010DA8FEF71FF804F13001FEF71BF88A
:105AF00004F1480A0DA85146FEF715F80D9B024621
:105B00006FF30903294620460D93FEF7E3F968BBBE
:105B1000DDE90D3213430F9A134308D0184A0DAB39
:105B200049462046FFF709F900287FF460AF49464F
:105B30002046FFF743FE00287FF459AFD5E9003235
:105B4000C5E90023119BEB60ABEB0808129BA5F89D
:105B500014802B61A064CAE9010036B904F13C034A
:105B6000303494E8070083E80700304617B0BDE8FA
:105B7000F08F00BFE54D040800FC0F4008FC0F004B
:105B80000CFCFF7F2DE9F0438DB00C4604A9BDF855
:105B90005490054617469846FFF7F5FA064628BB87
:105BA000E37D8DF82730A3690A93E3690B93BDF871
:105BB0005830CDE90193149B00933A46434604A91B
:105BC0002846FFF7EDFE002814DB049F059AA76125
:105BD0000123E261E37505F120012046FDF788FF0E
:105BE00020B9B9F1000F01D1C5E9087230460DB0F6
:105BF000BDE8F0830646F9E72DE9F04F97B0064679
:105C00000892DDF8849000220D469A46174640F22D
:105C1000014C40F2FF4E03F104082099AB8A8A42FE
:105C200026D1002F44D1AB7D002B56D14FF0FF334E
:105C3000B5F8148033610027BB46A8EB0709B9F11A
:105C4000010F00F2D980002F40F00981B36E5A6A2B
:105C5000002A00F318810023CDE90053CDF8088015
:105C6000209B524629463046FFF79AFE044607E13C
:105C70005AF83210080DC1F30A51614503D10133BE
:105C8000AB820132C9E7714503D1013BAB820127E9
:105C9000F7E700F4E064B4F5C06FF2D158F83210C1
:105CA0000B68AB614B68EB6100F00100E875E8E759
:105CB000002BB8D14A4629463046FFF701FD04467D
:105CC00028B1831CAFD0204617B0BDE8F08F99F8FB
:105CD0001730002BA7D0022474E0AB8AFE2BA5D886
:105CE000EA68B06E2B6810934FF0FF31CDE91312C4
:105CF000C16C2B6911921293F1B1083915910BA95E
:105D00000791AA4906910021CDE90411CDE90211BC
:105D100020990B96CDE900A110AF294630460C978B
:105D2000FEF768F9044648B114F11C0F3FF47EAF4A
:105D300014F1540FC7D179E7C169DEE70DF1340BD7
:105D400006F13008CDE90D000F9041465846FDF7A9
:105D5000EAFE06F13C03194606F148090993FDF7EE
:105D6000E2FE4946FDF7DFFEDDE90E210D9B0A4309
:105D70006FF309031A430D9310D05A462946304653
:105D8000FEF7A8F8044600289DD1894A5B463946AB
:105D90003046FEF7D2FF04460028C5D139463046CA
:105DA000FFF70CFD04460028BED198E80700119BC0
:105DB000EB60129B2B6106F13C0383E80700B4649F
:105DC000C9E90144089BB76A1B681093089B5B688C
:105DD000119306F120030993002F3FF474AF07F1EC
:105DE000080810A94046FDF783FE814600287ED0B2
:105DF0003F68F1E7B8461EE710ABBAB207936D4BA8
:105E0000069353421BB2CDE904836B4B0293209B54
:105E10000392CDE900A300224FF0FF33294630461C
:105E2000CDF840B0FEF7E6F8044648BBB36EDA6C36
:105E300002B9DA69B9F1FE0F0ED899694B1E03EB6E
:105E40005203283AB3FBF1F34B43934228BF134666
:105E5000109A9342BFF4F7AE07EB5907EDE6BFB2D5
:105E6000CDE90178209B0095524629463046FFF740
:105E700089FE04460028BDD010F11C0F3FF4E6AEA9
:105E8000002C9FDA1FE7AB680132013342F00102B8
:105E9000B3FBF2F102FB1133002B7FF4DCAE0127E0
:105EA00010A9284610931197FDF722FE814600287D
:105EB0007FF4D1AE3046FFF7F5FB041EFFF603AFCB
:105EC000F36E1C1BB4EBD30F7FF6C5AECDE9019882
:105ED000209B0095524629463046FFF753FE044664
:105EE00018B110F11C0FCBD1B5E6B846B3E6AE46FB
:105EF000BEE80F00C446ACE80F009EE80F008CE837
:105F00000F00089B984507D040F2FF4140F2014046
:105F1000209ABB8891451CD107F12009BA88B7F8AF
:105F20001CB05A45FFF464AFFB7F002B3FF460AF19
:105F300009994846FDF7DCFD10B1A2EB0B02BA80CF
:105F40004A4641463046FEF727FC0028E6D0044684
:105F5000B9E65AF83920C2F30A5C8C4517D1C2F36E
:105F600089229A4209D1BB79022B03D04FF0FF332B
:105F7000C7E9023309F10109CAE7FBD2013BBB8043
:105F8000BB79022BF6D1BB6A013BBB62F2E78445C9
:105F9000F0D1C2F389229A42ECD80133BB80BB799D
:105FA000022BE7D1BB6A0133EFE700BFE54D0408E0
:105FB0000CFCFF7F193C040800FC0F402DE9F04F5A
:105FC000866A9DB005460F4691469A46002E5FD1DF
:105FD0003B6804933E467B6805930FCE0CAC0FC420
:105FE00096E80F000DF1300814AE84E80F00CDE9FB
:105FF00000A64B463A4641462846FFF7FDFD041EE3
:1060000071DB04A93846FDF773FD48B9C646BEE802
:106010000F00BC46ACE80F009EE80F008CE80F00B4
:10602000022C29D105F1480239462846FDF752FFD6
:106030000446002857D1149BFA7D0493159B0593C1
:10604000954B019002F5C06243EA02530893012385
:106050000093183708AB04AA314628460997FFF782
:10606000CBFD041E3FDBB446BCE80F0047460FC71C
:106070009CE80F0087E80F00DFF82492874F4FF06D
:10608000000B012C40F0B38005F1200303938DE059
:1060900006F10800B84201D1366897E73946FDF7A6
:1060A00027FD0028F8D1B379012BF5D1336BD90244
:1060B000F2D5AB6EF26A9B6A9A42EDD9736BF363C9
:1060C000EB6E2B6631462846FFF79AF8044650B926
:1060D000336B23F48013336331462846FFF732FADB
:1060E00004460028D8D020461DB0BDE8F08F0AF144
:1060F000080104A8FDF7FCFC08B9CAE902249AF8D3
:106100000630022B07D10AF12C0104A8FDF7F0FCA0
:1061100008B9CAE90B24DAF800A052E001212846A8
:10612000FEF741FC314605F13000FDF709FD00287E
:1061300063D02A6BC5F838A0C2F389233A40C5E979
:106140000C2AC4F38922934201D2A4F58064149AE4
:106150000292069240F2FF32934214BF49EA83232F
:10616000002308930023CDE9093401930223DDF8CD
:1061700054A0009306AA08AB31462846CDF81CA0CF
:10618000CDF82C80FFF738FD041EACDB012C37D195
:10619000029BB646CDE9043ABEE80F00C446ACE81F
:1061A0000F009EE80F008CE80F00A346039904A897
:1061B000FDF79EFCDDE90C2408B9C5E90824D5F8F3
:1061C00028A0BAF1000F92D1324604A92846FEF762
:1061D00087FE041EA2DAA21C85D1324604A92846F5
:1061E000FFF76EFA044670B1831C7FF47CAFBBF1FD
:1061F000000F0CBF0024032475E740F2FF33A6E72D
:106200004FF0010AE9E72B6BC3F3090323B1CAF18D
:1062100000012846FEF7C7FB314605F13000FDF7C7
:106220008FFC002835D02A6BC2F389233A402A63B9
:106230000022C5E90D22149A0492159A059240F2A3
:10624000FF32934214BF49EA8323002308939DF849
:106250006730114903F5C06341EA03530022CDE9D9
:106260000A38022309920192009304AA08AB31462E
:106270002846FFF7C1FC041EFFF635AFB646BEE860
:106280000F00C446ACE80F009EE80F008CE80F003A
:10629000F7E640F2FF33CEE708FC0F00FF03008073
:1062A0000000F04F2DE9F041036BC3F30903A0B0E8
:1062B00004460F46002B51D000261C22002108A8BE
:1062C00003F0F2FE01238DF837300F9300250EA85E
:1062D000FDF704FC28B1002DEED1002E38D10126A7
:1062E000EBE70EAA10A92046FEF756FA58B99DF81A
:1062F000373003BB18AA0EA92046FEF7F1FD00288F
:106300002EDA811C5ED020B0BDE8F08191423DD1F3
:10631000039A39E0236BC3F389226FF39E2323632F
:106320000023C4E90D3340F2FF339A4235D0314B9C
:1063300043EA822332E00DF1400EBEE80F000DF17A
:10634000200CACE80F009EE80F008CE80F00BEE7C1
:10635000216B494249B22046FEF725FB0020D2E7D7
:10636000002EE8D10DF108080346234ACDF800803D
:1063700018A92046FDF7A2FD0028C4DBDDE90E3296
:1063800002999942C2D1039B9342D4D008A904F147
:106390003000FDF7D5FB0028BCD100230493174B38
:1063A000CDF81C800022CDE90523022304AA08A908
:1063B0002046FFF703FE0028A5DB032808BF45F0B1
:1063C000010584E7002EB6D0002FB4D004F14802B6
:1063D00010A92046FDF77EFD002894D19DF8572096
:1063E000074B02F5C06243EA0253049316AB0593D0
:1063F0000123DBE70000F04F00FCFF7F08FC0F608B
:1064000008FC0F0010B50446FFF7D8FD002806DB96
:1064100005D020460021BDE81040FFF743BF10BD66
:1064200010B5036B9B0590B0044622D500F1200205
:1064300008A9FEF7B1F9002844D1234B0293A36EBB
:10644000DB690393E36E0493236F0593636F0693F5
:10645000A36F07931D4B009302AB01936A46012380
:1064600008A92046FFF7CEFF60BB236B23F400731F
:106470002363E36B1B0D13F4E06F06D1012120466B
:1064800010B0BDE81040FFF70DBF04F1400208A9AD
:106490002046FEF781F9A8B9E36BA063C3F3892214
:1064A000236B6FF39E23C4E90C30094B43EA82232C
:1064B000CDE9023002AA012308A92046FFF7A2FF76
:1064C0000028DBD010B010BD010002001800102021
:1064D0000000F04F73B514460E4600F14802214605
:1064E0000546FDF7F7FC70B9E27D084B02F5C06286
:1064F00043EA02530093183401236A463146284682
:106500000194FFF77FFF02B070BD00BF08FC0F00D1
:1065100070B50B6B1E0386B005460C4653D4FFF7CF
:1065200011F8216B20B141F40021216306B070BD48
:10653000CA0348D504F108063046FDF7CFFA002813
:1065400041D111F480131FD0E36CE26A40F20120C4
:10655000A18842EA812242EA0052CDE90223226D5B
:10656000936843EA812343F081530493536805936E
:1065700002AA022331462846FFF744FF236BF8B1F5
:1065800043F400232363D1E729464FF0FF3241F85B
:10659000102B28462A46FEF72FFB0028C6D1A86EEE
:1065A000036998470028C1D1236BDB02CCD4D4E91E
:1065B0000A016B46CDE90001082240F20220C7E73C
:1065C00023F4803323630020B0E7000030B597B098
:1065D0000446FEF70DFC0546002848D1A36E01468F
:1065E000DA6A606E03F060FDD4E91A32DB6A656531
:1065F000DB00C4E91752934294BFA365A2650EA9BC
:106600002046FEF7C0FD00282FD11A4B0293A36E3F
:10661000DB690393E36E0493236F0593636F069323
:10662000A36F0793144BCDE90830144B0A93144B16
:106630000B93144B0C9302AB0D9308AA03230EA9E2
:106640002046FFF7DFFE80B98DF84E000346024674
:106650000EA92046FFF7D6FE38B9009001236A46FE
:106660000EA920460193FEF797F817B030BD6FF0E2
:106670000B00FAE701000200000010400800F00FD4
:106680005BE30508180010202DE9F0419AB004469C
:10669000FEF7AEFB0546002840F09A8001461C221A
:1066A00012A803F001FD012319934B4B4B4FDFF868
:1066B0003C810FCB08AE86E80F0018A8FDF70EFA54
:1066C000B0B1236B03EBD373236304F1300207CA29
:1066D00004F13C0383E80700E26EE36AB3FBF2F1E6
:1066E00002FB113363650023C4E91633226632E0EE
:1066F000314612A8FEF7D5FB002866D10823079380
:1067000005ABCDE90283364B0190009318AA354BB7
:1067100012A92046CDE90547FDF744FE002819DB04
:1067200049D040F30900013045D0129B2362139BEE
:1067300063620CAB00932B4A2B4B12A92046FDF74A
:10674000BDFB002806DB0C9B9AB21B0C022B06D06B
:106750006FF01500054628461AB0BDE8F081012A01
:10676000F6D8236B82F0010223F4007343EA42233C
:1067700023630F9B1BB1226F9342E9D82367109BC1
:106780001BB1626F9342E3D86367119B43B1A26F61
:106790009342DDD8E26FA3679A4294BFE267E36752
:1067A000A36E0E9A196A09B19142D1D1DB69E266F2
:1067B0000D9A9A42CCD104F1300212A92046FDF77D
:1067C00089FB00283FF479AFC4E76FF05300C1E7BD
:1067D0006FF00B05BFE700BF708D06085BE305088F
:1067E0000800F00F00FCFF7F180010206D4904081E
:1067F0000020704770B598B004460391FFF710FE73
:1068000000285CD1034603AA06A92046FDF7D2FF63
:10681000002854DBC0F3892340F2FF32934250D06A
:10682000000DA26A0E9202284FEA832504AE20D101
:1068300045F00053244A009643F0080306A9204679
:10684000FDF73CFB00283ADB324610A92046FDF755
:10685000A3FF002833D1159B33F47F022DD10121F2
:106860002046FEF7A0F80EAB8DF83E20ADF83C2098
:10687000A362002345F09F45059345F4E0050123FD
:10688000324606A920460495FFF7BCFD0E9BA36285
:10689000A8B9236BC3F309038BB14FF0FF31204636
:1068A000FEF781F806AA10A9FEF70AFF38B910AA68
:1068B00006A92046FFF70EFE01E06FF0260018B093
:1068C00070BD6FF01500FAE700FC0F702DE9F04F76
:1068D000ADB0CDE904120546FFF7A2FD034600283E
:1068E00040F015810DF1200904AA49462846FDF71C
:1068F00061FF061EC0F20D8140F2FF38C6F3892702
:10690000474505D16FF0150420462DB0BDE8F08F46
:106910000DF10E0305AA10A92846FDF74BFF041E32
:1069200032DBC4F389234345ECD010A94846FDF778
:10693000DFF8AB6A1893A31C804635D1DDF814A0AC
:106940007A49504603F06EFC1AF800301BB1330D43
:10695000022B40F0E0802B6F8342C0F0DF80B8F163
:10696000000F19D02B6B6FF39E2343EA872343F06C
:106970009F4343F4E0032B63089B6B630234099B42
:10698000AB634FD1BB460DE0A21CBDD10598FDF70E
:10699000D7FA0028C9D1B7E7BDF80E30BB42F1D80D
:1069A00007F1010B002343E0330DB3EB145F4FEA13
:1069B000145206D0022A0CBF6FF014046FF01304B7
:1069C000A2E7BDF80E30002840F0AB809F4201D115
:1069D000002499E7022A25D1554A0DF1880A42EA96
:1069E0008323CDF800A0534A10A92846FDF766FA84
:1069F000002854DB52461AA92846FDF7CDFE002890
:106A00004DD11F9B33F47F0247D101212846FDF76A
:106A1000CAFF18AB8DF86620ADF86420AB62B8F100
:106A2000000F9FD1BDF80E20434BBB4643EA8223A3
:106A3000BDF80E202293414B3C4943EA82230024B7
:106A4000CDE92434059B239418464FEA822A03F0AB
:106A5000E9FB059B27936FF313064AEA070346EA0F
:106A60000A0643F08053064343F48013CDE92839E6
:106A70002696B8F1000F02D12F4C44EA8B24002354
:106A80002B9322AA052310A928462A94FFF7BAFCC3
:106A9000044630B1189BAB6236E76FF0260004461F
:106AA00032E7B8F1000F17D02B6B1A0D12F4E06F1C
:106AB00012D06FF39E23C5E90C301F4BA86343EA45
:106AC0008723CDE9063006AA012349462846FFF769
:106AD00099FC04460028DDD1189BAB622B6BC3F3F5
:106AE0000903002B3FF474AF4FF0FF312846FDF748
:106AF0005AFF10AA1AA9FEF7E3FD044600287FF406
:106B000003AF1AAA10A92846FFF7E4FCC7E704461A
:106B1000FAE63446F8E66FF01304F5E66FF0230466
:106B2000F2E6022A7FF41EAF56E700BFD4D505086F
:106B30000800002000FC0F700000F04F0000104023
:106B400070B58AB016460191002301AA02A9054634
:106B5000FDF730FE041E0FDB01982F2103F034FBFC
:106B600010B1230D022B0AD1C4F38922334602A9A6
:106B70002846FDF7F7F9044620460AB070BD6FF0CD
:106B80001304F9E770B58CB0164603911D4603AAAD
:106B9000002304A90446FDF70DFE002823DBC0F303
:106BA000892040F2FF33984206D104F1200204A963
:106BB0002046FDF7F1FDB0B9A36F10990C4A00957E
:106BC000994228BF194606F5407641EA065141EA46
:106BD000802304A92046FDF771F9002805DA831CFB
:106BE00008BF6FF03C000CB070BDC0F30900FAE7BD
:106BF00000FCFF7F2DE9F0438BB013F0020F064637
:106C00000D46984603923BD1129B2B6505F1080770
:106C100000236B63EB63EB64C5F830802B1D03AA84
:106C200039463046FDF7C6FD041E05DAA31C1AD10D
:106C30000398FDF785F9B0B10123AB71B36A2B60FE
:106C4000A01CB5625FD118F4807F0CD0039C714901
:106C5000204603F0E7FA225C002A51D1336F8342C9
:106C600017D26FF023042B6B43F4002329462B63C8
:106C70003046FFF74DFC29463046FCF76FFF04E035
:106C8000FFF7CEFB04460028BED020460BB0BDE87F
:106C9000F083AB886049DFF88C8140EA832041EAC9
:106CA000832140F4801048EA8323CDE90412CDE922
:106CB0000604CDE908323946032304AA3046FFF71B
:106CC000A1FB10F11C0F0446CBD00028CBD14446C9
:106CD0004FF000084FF00C092B6D9A68904536D3A1
:106CE0001B68EB64002B62D0B06E05F14001FDF72C
:106CF00078FF40F20123B3EB145F5BD00024C4E7BC
:106D00006FF01304AFE718F4007F7AD1240D012C43
:106D10007AD1AB8818F4806F4FEA832308D043F010
:106D200000542B6B43F4803344F480142B63CFE77F
:106D300005F1280243F00053009243F00803374A5C
:106D400039463046FDF7BAF8041EC1DA8BE72A6BE4
:106D5000D10705D42B6B9A071DD408F10108BBE7B6
:106D60005868B5F804C009FB08F28118825C8B688A
:106D70004968009143EA8C2302F5407243EA0253CA
:106D80003946274A3046FDF799F80028E2DA831C95
:106D9000E0D0044667E72A6D526809FB0822916833
:106DA000B26F914233D843F480332B63D5E76FF051
:106DB0000B0458E72B6B43F480132B6300236B64A5
:106DC000B36E6FF00102AA62C4F309042A649A6ADE
:106DD000EC62AA64002C91D040F2FE339342A98861
:106DE00028BF134643EA8123EA6C009243F0005324
:106DF0000A4A39463046FDF761F8041EBFF67EAFF9
:106E000031E76FF010042EE76FF014042BE76FF0FA
:106E10001B0428E7D4D505080000104000FC0F70C3
:106E200000FCFF7F0000102070B505460E46FFF7FE
:106E30006FFB314604462846FCF790FE204670BDA5
:106E4000FFF766BB2DE9F0411F460B6B9B03054620
:106E50000C46164607D43B46324621462846BDE836
:106E6000F041FDF713BEFEF76DFB0028F3D0BDE83F
:106E7000F081FEF7D1BBFEF753BC486B70470000B2
:106E80002DE9F047A6B005460191FFF7C9FA04467F
:106E900088B9AB6A1C9301AA0DF102031EA928460A
:106EA000FDF788FC831C044609D1DDF804804046C8
:106EB000FDF746F840B9204626B0BDE8F087002827
:106EC000A8BF6FF01004F6E73D49404603F0AAF969
:106ED0002B6F8342064670D3EB6E2B6604AF3946A8
:106EE0002846FEF750F904460028E4D10DF1780C4D
:106EF000BCE80F000CAC0FC49CE80F0084E80F0046
:106F00000DF1480A9DF84730002B4DD1DFF8BC90B9
:106F1000012302AA39462846CDE9029AFFF772FA00
:106F200004460028C7D19DF88F30D3B101212846EF
:106F3000FDF739FD1CABAB6214AA01230CA98DF837
:106F40007640ADF87440CDE91497FFF75BFA1C9BCF
:106F5000AB6204460028AED14FF0FF312846FDF762
:106F600022FDBDF80220174B43EA8223149300232D
:106F70001593154B43EA8223CDE918379DF88F30DE
:106F8000002B124B46EA822618BF0023CDE91A37A0
:106F900046F40016042314AA1EA92846CDE9166853
:106FA000FFF730FA044686E752460CA92846FDF75B
:106FB000F3FB04460028A5D07DE76FF023047AE7B1
:106FC000D4D50508000010400800002008FC0F6020
:106FD000F0B587B001F1080603920C46002303AA1E
:106FE00031460546FDF7E6FB00282ADB030D022BA0
:106FF00029D1C0F3892040F2FF33984204AF15D164
:107000002B6A04936B6A05933A4631462846FDF78E
:10701000C3FBB0B9A368E362E36823630223A371EF
:10702000AB6AA080A0622360AC620AE0074B084A0A
:10703000009743EA802331462846FCF73FFF0028AB
:10704000E2DA07B0F0BD6FF01300FAE708000020A5
:1070500000FC0F7008B5FCF781FD002008BD0000A2
:107060002DE9F0410C46154606464FF48472002186
:10707000284603F019F8A36A63B92846022300F8EA
:10708000083B1A4903F094F8A36A0133A362012074
:10709000BDE8F081012B22D004F1200804F108079B
:1070A000A288A38B93420BD1E07F0028F0D0424608
:1070B00039463046FDF770FB0028E9D1A080024632
:1070C0002B4639463046FCF74DFF08B1831CDFD113
:1070D000A388023003F10103A380E1D0D4E728465E
:1070E000022300F8083B0249CCE700BFE7C70508C8
:1070F000C5E305080123FDF737BF000008B510EE12
:10710000103A23F000425B002DED028BB0EE408A76
:1071100011D4F7EE007A30EE678A38EE080AA8EE4E
:10712000080A02F079FF38EE000ABDEC028BBDE8D8
:10713000084001F07FBBB2F18B4F15D2BFEE000AC1
:10714000A8EE080A02F068FF70EE087AB7EE007A3F
:1071500087EE270AF0EE007A98EE270ABDEC028B44
:10716000BDE8084002F0BEB802F0BCF8BDEC028BEE
:10717000DFED027A30EE270A08BD00BF1872313FFA
:107180009FED0B7ADFED0B6AE0EE076A9FED0A7A5E
:10719000A6EE807ADFED096A27EE007AF0EE407AFB
:1071A000B7EE000AA7EEA60A87EE000A704700BFF6
:1071B0006BD30DBCBA132FBD75AA2A3EAEE534BF02
:1071C00010B510EE104A24F00043B3F17E5F2DEDB0
:1071D000028BB0EE406A14D319BF76EE467A9FED6B
:1071E000237ADFED237A9FED237A12BF87EE276A99
:1071F000E0EE077AB0EE676ABDEC028BB0EE460AAD
:1072000010BDB3F17C5F0BD2A3F50003B3F1645F53
:10721000F2D320EE000AFFF7B3FFA0EE066AEBE719
:10722000B0EEC06AB7EE008A38EE468AF6EE007A13
:1072300028EE278AB0EE480A02F0EEFEB0EE406A71
:10724000B0EE480AFFF79CFFA0EE066A002CDFEDC7
:107250000A7AB0EE007AE6EE077A9FED066A36EE1D
:10726000676AB8BFB1EE466AC6E700BF000000001B
:1072700000008003DA0FC93F6821A2B308B510EE01
:10728000103A23F00042B2F17E5F2DED028BF0EE5A
:10729000405A12D30AD19FED360ADFED367A002B21
:1072A000B8BFB0EE670ABDEC028B08BD70EE405A65
:1072B000DFED2F7A87EEA50AF5E7B2F17C5F11D2F8
:1072C000B2F14A5F9FED2C6A4ED920EE000AFFF71B
:1072D00057FFDFED2A7AE0EE657A75EEE75A36EE73
:1072E000650AE0E7002BB7EE008AF6EE007A1ADABC
:1072F00070EE085A25EEA78AB0EE480A02F08CFE1E
:10730000B0EE406AB0EE480AFFF73AFFDFED1C7AB4
:10731000E0EE067A9FED180A36EE276A30EE460A4E
:1073200030EE000ABFE738EE408A28EE278AB0EE3A
:10733000480A02F071FE10EE103A6FF30B0306EEEE
:10734000103AB0EE487AA6EE467A70EE067AF0EE83
:10735000405A87EE275AB0EE480AFFF711FFA0EE19
:10736000255A36EE050ADBE7B0EE460A9BE700BF7A
:1073700000000000DA0F4940DA0FC93F6821A2334C
:107380006821A2B310B52DED048B84B08DED010AF8
:10739000019B23F00042B2F18B4F08EE102A4FEA16
:1073A000D37410D3B0EE480A01F09CFFDFED1F7AD2
:1073B00030EE278A0CB1B1EE488AB0EE480A04B02C
:1073C000BDEC048B10BD5B0014D5F7EE008AB0EE67
:1073D000680AA8EE080A02F01FFE70EE087A88EE2E
:1073E000A70AF0EE007AA8EE270A01F07BFFB0EEC4
:1073F000408ADFE7B2F1665F10D368EE088AB7EE25
:10740000009A38EE890A02F007FE70EE097A88EEDB
:10741000A70A30EE080A01F00DFAE8E7DFED047A7A
:1074200078EE277ACDED037A039BC3E71872313FDC
:107430000000807BF4EE400AF1EE10FA10B5F0EE99
:10744000407A04D770EE207AB0EE670A10BD10EED5
:10745000902AB2F17E5F10EE103A03D1BDE81040E1
:1074600000F080B8940F04F0020444EAD37433F0BF
:10747000004308D1022C59D09FED317A032C08BF6C
:10748000F0EE477AE0E732F0004209D1DFED2D7AE5
:107490009FED2D7A14F0010F08BFF0EE477AD3E785
:1074A000B2F1FF4F10D1B3F1FF4F04F1FF3407D118
:1074B000022C3ED8254B03EB8403D3ED007AC3E7BF
:1074C000022C39D8224BF6E702F150619942DDD304
:1074D000B3F1FF4FDAD0A10703D503F15063934214
:1074E0000CD387EEA00AB0EEC00A00F03BF8012CE6
:1074F000F0EE407A04D1F1EE407AA5E7DFED157A9F
:10750000022C0AD0002C9FD09FED137A77EE877A59
:107510009FED127A77EEC77A96E79FED0F7A77EEB6
:10752000877A9FED0E7A77EE677A8DE7DFED0B7A3B
:107530008AE7DFED0B7A87E7DFED067A84E700BFA5
:10754000DB0F49C0DB0FC9BFDB0FC93F8C8D0608BD
:10755000808D0608000000002EBDBB33DB0F4940C4
:10756000DB0F493F10EE102A22F00043B3F1994F90
:1075700082B04FEAD2700ED3B4EE400AF1EE10FAA8
:1075800007D69FED410ADFED417A002818BFB0EE23
:10759000670A02B070473E498B420BD8B3F1665F71
:1075A0005AD212F0FF4FF4D160EE007ACDED017A9D
:1075B000019BEEE7374A9342F0EEC07A37D8A2F546
:1075C000D002934229D8F0EE006ABFEE007AA7EE0F
:1075D000A67A002377EEA67A87EE270A5A1C60EE79
:1075E000006A9FED2D6ADFED2D7ADFED2D5A26EE34
:1075F000A67AE7EE067A9FED2B6AA7EE876ADFEDA3
:107600002A7AE7EE257A67EE877AE6EE267A60EE4A
:10761000277A24D130EE670ABBE7B7EE007A77EE1F
:10762000C76A77EE877A012386EEA70AD6E71F4A54
:1076300093420BD8F7EE086AB7EE007AA7EEA67A67
:10764000022337EEE66A86EE070AC7E7BFEE007A46
:1076500087EE270A0323C1E74FF0FF33BEE7144A42
:10766000144902EB830201EB830393ED007A77EE7A
:10767000C77A37EEC00AD2ED007A37EEC00A00288A
:1076800087D0B1EE400A84E7DA0FC93FDA0FC9BFED
:10769000FFFFDF3EFFFF973F25AC7C3D0DF5113E20
:1076A0004712DABDA9AAAA3E98CA4CBEFFFF1B40EA
:1076B000A88D0608988D06081FB58DED010A019B5F
:1076C00023F00042B2F17C5F00EE102A4FEAD3743F
:1076D00022D2B2F13E5F0CD213F0FF4F04D160EE24
:1076E000007ACDED037A039B0CB1B1EE400A04B0F1
:1076F00010BD30EE007AF7EE007A67EE006A77EEA2
:10770000C07A86EEA70A30EE070A01F093F8F6EE8B
:10771000007A20EE270AE7E7F7EE007A77EEC07AE4
:1077200080EE277A37EE070AEFE7000070B510EE1B
:10773000105A864A25F00043934286B0044605D885
:10774000002380ED000A4360002022E0804A93423B
:107750003AD825F00043002DDFED7E7A7E4A23F0F3
:107760000F0318DD934230EE670A09BFDFED7B7A25
:107770009FED7B7A9FED7B7A30EE670A70EE477A59
:1077800030EE670AC0ED007A30EE470A80ED010A5C
:10779000012006B070BD934230EE270A09BFDFED2D
:1077A0006F7A9FED6F7A9FED6F7A30EE270A70EE59
:1077B000077A30EE670AC0ED007A30EE070A80EDF6
:1077C000010A4FF0FF30E4E7674A93426FD89FED1C
:1077D000677AB0EEC00AF6EE007AE0EE077AFDEEC8
:1077E000E77AF8EEE76A17EE900ADFED5A7AA6EE2E
:1077F000E70A1F28DFED5A7A66EEA77AF1EE665A9D
:1078000030EE677A09DC5A49461E25F0004251F8ED
:10781000261022F0FF028A4208D117EE101AC1F397
:10782000C751DA15C1EBD353082B02DC84ED007A83
:107830001AE09FED4A7AB0EE406AA5EE876A70EED4
:10784000467AE5EE877A9FED477AD6EE877A36EE6E
:10785000677A17EE103AC3F3C753D31A192B15DC06
:1078600084ED007AB0EE460A30EE470A002D30EE85
:10787000670A84ED010A8CDAB1EE477AB1EE400A6C
:1078800084ED007A84ED010A404282E79FED397A67
:10789000B0EE460AA5EE870A76EE407AE5EE877AE4
:1078A0009FED357AD6EE877A30EE677ABEE7B3F190
:1078B000FF4F06D330EE400A80ED010A80ED000A4A
:1078C00042E7DA15863AA3EBC25307EE903ABDEED3
:1078D000E77ADFED2A6AB8EEC77A77EEC77A8DEDE0
:1078E000037A67EEA67ABDEEE77AB8EEC77A77EE4E
:1078F000C77A8DED047A67EEA67AF5EE407AF1EE5E
:1079000010FACDED057A1DD1B5EE407AF1EE10FA00
:107910001AD002231A4901910221009103A821469D
:1079200000F0ECFB002DBFF634AFD4ED007AF1EEA1
:10793000677AC4ED007AD4ED017AF1EE677AC4ED8E
:10794000017AA1E70323E5E70123E3E7D80F493FE5
:10795000E3CB1640800FC93FD00FC93F00443537F5
:107960004344353708A3852E800F494384F9223FCD
:10797000B88D060800A3852E32318D240000804387
:10798000388E060870B510EE105A25F00044012319
:10799000B4F1FF4F2DED048B0646F0EE408A0360F4
:1079A00006D320EE008AB0EE480ABDEC048B70BD11
:1079B00034B9DFEDCF7AB7EE007A87EE278AF2E7A7
:1079C000B4F1E45F0BD2002DBEBF4FF0FF33036074
:1079D000B1EE400A01F086FCB1EE408AE3E7002DEB
:1079E00080F2CA82B4F1964FE3D2B4F17A5F9FED90
:1079F000C19A7ED2DFEDBE0A20EE090A002000F017
:107A0000F3FDB0EE408AB5EE408AF1EE10FAD0D028
:107A100028EE880AB0EEC00A89EE000A01F062FC86
:107A2000B5EEC08AF1EE10FA44BF4FF0FF33336079
:107A3000B4F17E5FB0EE409A00F09882B4F1804FCE
:107A400000F09482F1EE688A6B0000F1DD81AA4BB0
:107A50009C4200F2FC80B0EE680A01F043FCA74BA8
:107A60009C42B1EE408A40F2A280F7EE006A76EEC8
:107A7000E86A66EEA67A9FEDA26A9FEDA27ADFED34
:107A8000A25AA7EE867A9FEDA16AA7EE276A9FED1C
:107A9000A07AA6EE277A9FED9F6AA7EE276A9FED50
:107AA0009E7AA6EE277A9FED9D6AA7EEA56ADFED86
:107AB0009C5AE6EE275A9FED9B6AA5EEA76ADFED7A
:107AC0009A5AE6EE275A9FED996AA5EEA76A27EE25
:107AD000267AA6EE277AB6EE006AF0EE477AE6EE50
:107AE000C67A37EE888A002DBFF65DAF39EE488A38
:107AF00059E7B1EE408AB0EE480A01F035FDB4EE28
:107B0000408AF1EE10FA19D0F6EE007A28EE278AB4
:107B1000B0EE480A01F028FD38EE400A30EE000AC7
:107B2000F0EE407AFEEECF7A17EE903A062B39D877
:107B3000DFE803F02312121F1F2B2B00DFED7C7AEE
:107B400077EEE87A17EE903A03F0010307EE903AE9
:107B50009B00B8EEE70AE9E7F6EE007A37EEC00AD6
:107B6000DFED630A20EE090A00F070FAB1EE408AF8
:107B700049E7F7EE007A37EEC00ADFED5D0A20EE46
:107B8000090A002000F030FDF0E7F7EE087A30EE49
:107B9000670ADFED570A20EE090A00F057FAB1EE46
:107BA000400AE3E7F0EE007A30EE670AE5E7614B62
:107BB0009C4266D99FED607A38EEC77A67EE074A35
:107BC0009FED5E6ADFED5E6ADFED5E5A9FED5E5A05
:107BD00064EE877AE7EE866A9FED5C6AA6EEA76A96
:107BE000DFED5B6AE6EE276A9FED5A6AA6EEA76AAA
:107BF000DFED596AE7EEA65ADFED586AE5EEA76AAF
:107C0000DFED575AE6EEA75ADFED566AE5EEA76AB2
:107C1000DFED555AA7EEA55ADFED545AE5EE275A87
:107C20009FED535AA5EEA75ADFED525AE5EE275ABB
:107C3000E5EE876A9FED507AA6EEE77AF0EE477A96
:107C4000D4EE867A9FED4D7A77EEC77A49E74C4BB2
:107C50009C4206D9F0EE006A76EEE86A9FED248A2F
:107C600007E7484B9C4206D99FED477A9FED208A53
:107C700038EEC77AA2E7F7EE007A78EEE78A9FED52
:107C80001C8A9FED427ADFED427ADFED426AE8EE30
:107C9000877A9FED417AA7EEA87ADFED407AE7EE8A
:107CA000287A9FED3F7AA7EEA87ADFED497AE7EED2
:107CB000287A9FED3C7AE8EE876A9FED3B7AA6EE44
:107CC000A87ADFED3A6AE7EE286A9FED397AA6EEE8
:107CD000A87AF7EE006AE7EE286A67EEA87A87EEE0
:107CE000A67AFEEE006AF0EE477AE8EEA67AF8E6AB
:107CF00000000000DB0F49406666663F1F4A3B3FBD
:107D0000A283D33767976739752C3C38A1549C3AC6
:107D10007E02F23B01F0893D3F239E3D4584E238DF
:107D200034B6053AC66E3D3B1599A83C661AA53E89
:107D30000000004B07336D3E0C5BEC3E6B7BA539BE
:107D400076F4B7BA67F8663A85300DBA07E7C73BED
:107D5000474D06BD5EB9F73E27F9A3B9FE7771BB63
:107D60003D37933C3C2117BEF7E9AF399916143BD8
:107D7000FEFC28BC155A843D521CE631CDCDF83DA1
:107D800017A6DD3F1FA69D3FC316BB3F5E3C5B3C75
:107D900078756A3EAF72D53DB24B7A3FE73ABA3F4B
:107DA000F400223FDBD5523BDFEF443F2D39084042
:107DB000BE2E1D4067FF0538B435F13ABDD7F53604
:107DC000E440DA3CE6DC153E7ACCA63E5A245C3E22
:107DD0003F239EBDD6EE4B3A54BF983C6E0F303ECB
:107DE000C5D0383F3B2DB23FE8C4D5BAD23D5B3A4F
:107DF0001D7FD63E5C061CBAFD0C503A610B36BBAB
:107E0000ABAAAA3D00000000B4F1824FF7EE009A41
:107E100077D2BDEEE87A5FED196A1FED196A5FED62
:107E2000195AF8EEC77A17EE103A78EEE77A033B64
:107E3000A7EEA66A5FED1E6AE6EE276A1FED1F6ACF
:107E4000A6EEA76A5FED206AE6EE276A1FED216ABB
:107E5000A6EEA76A5FED226AE6EE276A1FED236AA7
:107E6000A7EEA56A5FED245AE6EE275A1FED256AB4
:107E7000A5EEA76A5FED265AE6EE275A1FED276AA0
:107E8000A5EEA76A66EEA76AE6EE279A86EEA98AAD
:107E9000F6EE006AA7EEA68A042B3FF624AEDFE8D2
:107EA00003F02D2A27240300B1EE087A37EE877AF3
:107EB000F1EE046A77EEA66A66EE876AB1EE007AA2
:107EC00037EE877A27EE267AB0EE080A37EE800A78
:107ED00020EE070AB0EE007A77EE877A27EE800A66
:107EE00001F000FA38EE008AFDE5B7EE007ADFE730
:107EF000F7EE006AE2E7B7EE007AE5E7B7EE000AD0
:107F0000E8E7B4F1B94FB0EE680A28D201F0EAF917
:107F100089EEA87A1FED4C6A5FED4C6A1FED4C8A22
:107F200067EE077A30EE690AE7EE866A1FED4F6A60
:107F3000A6EEA76A5FED506AE6EE276A1FED516A6A
:107F4000A6EEA76A5FED526AE6EE276AF6EE007AC1
:107F5000A6EE878A78EEE77AA7EE808AC3E501F07D
:107F6000C1F930EE698A28EE288ABCE51FED5B8AEC
:107F7000BCE51FED5C8A16E5B4F17E5FF9D0B4F183
:107F8000804FF6D01FED619A5EE500BF10EE901AAB
:107F90004B0030B50AD0F4EE600AF1EE10FA05D6C7
:107FA00010EE100AC0F3C752FF2A04D160EE200A77
:107FB00080EEA00A30BDB3EB400F05D3FAD1DFED60
:107FC000227A20EE270AF5E752BB4302B3FA83F385
:107FD0005A42013300FA03F3C1F3C7552DBB4C02DB
:107FE000B4FA84F465420134A140AA42A3EB01042F
:107FF00020DC002C01DBE2D02346D90D21D0002A61
:10800000CBBFA3F50003C2F1010243EAC25223FA37
:1080100002F200F0004040EA020300EE103AC9E725
:10802000C0F3160343F40003D6E7C1F3160141F48D
:108030000001DAE7002C01DBC1D023465B00013AE6
:10804000D3E75B00013AD8E70000000010EE103AD9
:1080500023F00043B3F1485FF0EE406AB7EE000A48
:1080600004D2FDEEE67A17EE902A42B326EEA67A07
:10807000DFED1A7A9FED1A6A1A4AA7EE276A934231
:10808000DFED197AE6EE077A9FED186AA7EE876AA8
:10809000DFED177AE6EE077A9FED166AA7EE876A9C
:1080A00060EEE60A26EE076AF6EE007AE7EE060ACA
:1080B00067EE277A04D877EEE07A30EE670A7047E9
:1080C0000D4A93429ABF03F17F4307EE103AB5EE93
:1080D000027A30EE470A77EEC77AECE74ED747AD23
:1080E000F6740F319999993E7CF293B4010DD03713
:1080F000610BB6BAABAA2A3D0000483F2DE9F04F0C
:108100002DED048BD9B017460293669ABA4B0390B3
:1081100053F822A0029B03F1FF3B3B1D0E4627DBD9
:10812000B7F1030848BF07F104084FEAE80808F16F
:108130000105679C9FEDB47AEB00A8EB0B0204935A
:10814000A7EBC5050AEB0B001CA9002314448342CE
:1081500011DD029A1CAB03EB82030DF5887C002134
:10816000514524DC039CDFEDA87A1846002217E075
:108170004FF00008DBE7D3425DBF14F803C007EE01
:1081800090CAF8EE677AF0EE477AE1EC017A0133B3
:10819000DDE7F4EC016A30ED017AE6EE877A013230
:1081A0005A45F6DDECEC017A01310433D8E708AB2F
:1081B00003EB8A03DFED938A9FED919A0593544672
:1081C000A300069358AB03EB840313ED140A08AA2B
:1081D00044AB03EB840310462146002950DC2846BB
:1081E000079200F0C9FBB0EE408AB4EE000A28EE18
:1081F000000A01F0B9F9F2EE007AA0EE678A002DCC
:10820000079AFDEEC87ACDED017AF8EEE77A38EEFE
:10821000678A47DD0DF12009601E019959F820C0D9
:10822000C5F1080E4CFA0EF3194403FA0EF3ACEB49
:1082300003030191C5F1070149F8203043FA01F920
:10824000B9F1000F3FDD019B4FF0000C01330193AA
:10825000614664456DDC002D04DD012D79D0022DD1
:1082600000F08180B9F1020F2DD1B7EE000A30EE97
:10827000488A41B3284600F07FFB38EE408A22E06E
:1082800060EE287A0139FDEEE77AF8EEE77AA7EE9C
:10829000C90ABDEEC00AA0EC010A33ED010A37EEAF
:1082A000800A9AE706D1631E08A951F823304FEAE5
:1082B0002329C5E7F6EE007AB4EEE78AF1EE10FA6C
:1082C00034DA4FF00009B5EE408AF1EE10FA40F0D2
:1082D0009D80611E00200DF1200C51454BDA0028D5
:1082E00067D0013C083D08A951F82420002A7FD01E
:1082F0002846B7EE000A00F03FFB621C44A99FED40
:10830000417A950001EB820108A82246002A80F2FA
:10831000AA802246002AC0F2C68044A901EB820747
:10832000364BDFED397A0020A11AB1E04FF0020997
:1083300089E752F8040B49B920B1C0F5807042F8C2
:10834000040C01200CF1010C014682E7C0F1FF0092
:10835000F5E704F1FF3C08A850F82C2002F07F025A
:1083600040F82C207EE704F1FF3C08A850F82C20B0
:1083700002F03F02F4E75CF8212001391043ACE73A
:10838000013352F8041D0029FAD00299069A04EB31
:10839000010C601C02F5B0722344679C6A441CA95E
:1083A0004C3A01EB8C0104EB0809834204DA1C46C9
:1083B00006E7059A0123E4E719F80040DDF80CC050
:1083C00007EE904AF8EE677A0024E1EC017ADFEDDF
:1083D0000E7A8E465C4503DDE2EC017A0130E4E77B
:1083E000FCEC016A3EED017A0134E6EE877AF1E7B2
:1083F000013C083D78E700BF2C8F0608008F060877
:10840000000080430000803B00000000049BB0EEB1
:10841000480AD81B00F0B0FA1FED077AB4EEC70A7D
:10842000F1EE10FA19DB5FED097A60EE277A08AAFF
:10843000FDEEE77A0835F8EEE77AA7EEC70AFDEE1B
:10844000E77ABDEEC00A10EE103A42F8243017EE7B
:10845000903A013442F824304AE7BDEEC00A08AA37
:1084600010EE103AF6E750F8223007EE903AF8EEA8
:10847000E77A013A67EE807A20EE070A61ED017A29
:1084800044E7F3EC016AB7EC017AE6EE877A013053
:10849000504501DC8842F4DD58AB03EB810141ED2E
:1084A000287A013A36E7669B022B0ADC002B28DC8F
:1084B00045D0019B03F0070059B0BDEC048BBDE82B
:1084C000F08F669B032BF4D130A92A1F0A44104673
:1084D0002746002F56DC2046012863DC5FED367A04
:1084E0004A19012C6EDCDDED306A9DED317AB9F16F
:1084F000000F6DD1C6ED006A86ED017AC6ED027AF5
:10850000D7E730AA1FED407A2A44214600292ADA0B
:10851000B9F1000F2DD0F1EE477AC6ED007ADDED0E
:10852000307A77EEC77A31A90122944224DAB9F180
:10853000000F01D0F1EE677AC6ED017AB9E730AAF3
:108540005FED4F7A2A44002C07DAB9F1000F01D011
:10855000F1EE677AC6ED007AABE732ED017A013CC5
:1085600077EE877AEFE772ED017A013937EE277AF5
:10857000CCE7F0EE477AD0E7B1EC017A013277EE42
:10858000877AD2E770ED017AD0ED016A37EEA67AEC
:10859000013F77EEC77A80ED007A77EEA67AC0EDDC
:1085A000017A96E772ED017AD2ED016A37EEA67A8A
:1085B000013877EEC77A82ED007A77EEA67AC2EDBF
:1085C000017A89E732ED017A013C77EE877A88E714
:1085D000F1EE666AB1EE477AC6ED006A86ED017A81
:1085E000F1EE677A8AE700BF10EE103A23F00043FD
:1085F000B3F1485F04D2FDEEC07A17EE903A5BB358
:1086000020EE007ADFED157A9FED156AA7EE276A56
:10861000DFED147AE6EE077A9FED136AA7EE876A1C
:10862000DFED127A60EE076AE6EE077A30B99FED69
:10863000106AA7EE276AA6EE260A704767EEE67A6A
:10864000B6EE006AE0EE867AD7EE870ADFED097AA9
:10865000E6EEA70A30EE600A704700BFD3C92E2F9E
:10866000342FD7B21BEF3836010D50B98988083C3A
:10867000ABAA2ABEABAA2A3E10EE103A23F0004263
:10868000B2F1465F16D2FDEEC07A17EE901A39BBF2
:10869000431C134306D1F0EEC07AB7EE007A87EEA2
:1086A000270A7047012800F0A180FFEE007A87EECC
:1086B000800A70474E498A4212D3002BDFED4D7A73
:1086C000B8BFB1EE400A77EEC07A9FED4B0AB8BF53
:1086D000F1EE600A30EE600ADFED480A30EE270A5C
:1086E00020EE007A9FED466ADFED466ADFED465ADE
:1086F0003F4967EE077A8A42E7EE866A9FED436A52
:10870000A6EEA76ADFED426AE6EE276A9FED416AB0
:10871000A6EEA76ADFED406AE6EE276A9FED3F6AA4
:10872000A7EEA56ADFED3E5AE6EE275A9FED3D6AB9
:10873000A5EEA76ADFED3C5AE6EE275A9FED3B6AAD
:10874000A5EEA76AF0EE667AE6EE077A60EE075AC3
:10875000F0EE606AE7EEA56ADFED357AE6EE870AAD
:10876000E5EEA70A70EE206A1DD307EE900AF8EE38
:10877000E77A66EEA65A76EEA76A9B1785EEA66A9A
:1087800003F00203C3F1010307EE103A76EE606ACC
:10879000B0EE006A70EE666AB8EEC77AE6EEC67AA8
:1087A00027EE270A704701281ED0FFEE007A87EED9
:1087B000A66A16EE903A6FF30B0305EE903A16EEAA
:1087C000103A6FF30B0307EE903AB7EE007AA5EE7E
:1087D000A77A35EEC00A70EEC00AA0EEA77AE7EEDF
:1087E000067AB0EE670A7047B0EE660A704700BFBF
:1087F00040A12C3FDA0F493F6821223300000000DE
:108800005FAE9BB745F4A3388453D937C8261A3ACC
:1088100016696B3BA427B33C8988083E7AC095381B
:10882000B937813948DEBE3A1F37113CD10D5D3D65
:10883000ABAAAA3E10EE103A444A45491A448A426D
:1088400082B077D913F1814F0ED3BFEE007AB4EE28
:10885000470AF1EE10FADFED3F7A18BF30EE407AAA
:1088600087EE270A02B070475A00B2F1CE4F08D205
:1088700013F0FF4FF6D160EE007ACDED017A019B47
:10888000F0E7354A93425CD9F7EE007A70EE276A3A
:1088900016EE903A03F5950303F5F6430D33DA0D22
:1088A0007F3A182A4ADC012ACBBF36EEC00A36EEE0
:1088B000E77A37EEC00A30EE470A80EE267AC3F335
:1088C0001601264B0B4406EE903A36EEE70AF0EE20
:1088D000007A70EE277ADFED226A9FED226ADFEDE3
:1088E000224AC0EE275A25EEA55A65EE057AA7EE74
:1088F000A66ADFED1E6AE7EEA46A66EE856A9FED62
:108900001C5AE6EE276A07EE902AB6EE006A20EEC1
:10891000066AF8EEE77AE0EE066AA7EE857AA6EE3A
:10892000A57AA0EE467A30EE070A9FED127AA7EEFE
:10893000870A97E7B3F1FF4FA6D393E79FED057A38
:10894000BDE79FED047A0022C1E700BF30EC2BC1E8
:108950002FEC2B410000000019F695BEF304353FC3
:10896000269E783E13CECC3EEEE9913EAAAA2A3F3F
:10897000D1F717378071313F7F2815DDDFED167A8B
:10898000A0F17F037F2B20EE270A06DDA0F1FE0376
:108990007F2B20EE270AA8BF7F237F33DB0507EE5E
:1089A000903A20EE270A704710F17E0F12DADFEDC1
:1089B0000B7A00F17E0313F17E0F20EE270AECDA2A
:1089C00000F1FC036FF07D02934220EE270AB8BF4E
:1089D0001346E2E70346E0E70000007F0000800066
:1089E00010EE901A31F0004070B500F0678210EE82
:1089F000105AB5F17E5F00F0618225F00042B2F1BD
:108A0000FF4F02D8B0F1FF4F04D970EE207AB0EEDC
:108A1000670A70BD002D1EDAB0F1974F80F05782C3
:108A2000B0F17E5F37D3C415C4F1960440FA04F365
:108A300003FA04F484422CD103F00103C3F10203CE
:108A4000B0F17E5F28D1002980F23E82B7EE007A35
:108A5000C7EE007ADBE7B0F1FF4F4FF00003EFD134
:108A6000B2F17E5F0CD9DFEDB77A0029A8BFF0EE36
:108A7000607ACCE7B2F17E5F00F020820223EFE75C
:108A8000002A00F02982002980F21B82F1EE607A30
:108A9000BDE70023D4E70023B1F1804F02D160EE9F
:108AA000007AB4E7B1F17C5F40F01682002DC0F28D
:108AB0001382BDE8704001F0AFBA012BA7D1F1EEEF
:108AC000677AA4E7002D18DA23B930EE400AC0EE29
:108AD000007A9CE7012BBFEE006AB7EE007A18BF60
:108AE000B0EE476AB0F19A4F64D9974B9A4207D8D3
:108AF00000290ADA9FED957A09E0B7EE006AF1E7FE
:108B0000934B9A4208D90029F4DC9FED927A66EEE5
:108B1000077A67EE877A7AE7B7EE007A77EEC77A58
:108B2000DFED8D5AB5EE007AE7EEC75AB6EE007A61
:108B3000A5EEE77A67EEA76ADFED885A66EE876AE8
:108B40009FED877A27EE667ADFED866AA7EEA67A32
:108B5000F0EE476AE7EEA56A16EE903A6FF30B0364
:108B600006EE903AB0EE665AA7EEE55A77EE457AF1
:108B70006FF30B0107EE101A70EEC75A67EEA00AEA
:108B800066EE877AE5EEA60A30EEA77A17EE102A8F
:108B9000B2F1864FAEDC40F00781DFED736A37EE4D
:108BA000677A70EEA66AF4EEC76AF1EE10FAA1DCFD
:108BB00013460AE115F0FF4F08BF9FED6C7A6C4831
:108BC00002BF67EE877A6FF0170217EE904A4FEAFE
:108BD000E45318BF00227F3B1344C4F316028242C1
:108BE00042F07E5406DD6348824240F3A98001339F
:108BF000A4F500040020604A02EB800292ED005AC6
:108C000007EE104A75EE077AF7EE006A86EEA74A7D
:108C100077EE455A65EE844A14EE902A6FF30B0204
:108C200006EE902A554A02EA640242F0005202F52A
:108C3000800202EB405207EE902AE6EEE75A37EE4A
:108C4000C55A64EEA47A37EE457A9FED4D5AE6EEAA
:108C5000C75A9FED4C7AA7EE875A9FED4B7AA5EE47
:108C6000277A9FED3D5AA7EE275A9FED487AA5EE49
:108C7000277A9FED475A65EE845AA7EE275A34EEBD
:108C8000A67A27EEA74A27EE257AF0EE087AA4EE18
:108C9000057AB0EE675AA6EEA65A35EE075A15EEDB
:108CA000102A6FF30B0205EE102A75EE677AE6EED6
:108CB000E67A77EE677A67EEA47AE5EE857AF0EEEB
:108CC000675AE6EE855A15EE902A6FF30B0205EE11
:108CD000902AB0EE657AA6EEC57A2E4A02EB8002A3
:108CE00077EEC77A9FED2C7A9FED2C5A67EE877A44
:108CF0009FED2B7AE5EE877A92ED007A77EE877A10
:108D000007EE103AF0EE676A264BE5EE856A03EB54
:108D10008003D3ED004AB8EEC77A76EEA46A76EE09
:108D2000876A16EE903A6FF30B0306EE903A36EE32
:108D3000C77A37EE647AA5EEC57A77EEC77A17E779
:108D4000012058E700000000F7FF7F3FCAF2497199
:108D50000700803F6042A20DABAAAA3E00AAB83F1E
:108D60003BAAB83F70A5EC363CAA38330000804BD4
:108D700071C41C00D6B35D00508F060800F0FFDF01
:108D800055326C3E42F1533E05A38B3EB76DDB3E40
:108D90009A99193F408F06084F38763F0040763F3A
:108DA000C623F6B8488F06085A4B22F00041994274
:108DB0003FF6ABAE5848824277D137EE677AB4EED1
:108DC000E07AF1EE10FABFF6A0AEDB157E3B4FF471
:108DD000000018411044C0F3C75350497F3B19416C
:108DE000014007EE101AC0F3160040F40000C3F172
:108DF00017031841002A77EEC77AB8BF404277EED2
:108E0000A06A9FED477ADFED475A16EE903A6FF36E
:108E10000E0306EE903A76EEE77AB7EE000A70EEB1
:108E2000E70ADFED417A66EEA77AE0EE877AB0EEE8
:108E3000677AA6EEA57AB0EE475AA6EEE55A67EE37
:108E4000076A77EEC57ADFED395A9FED395AE6EEBB
:108E5000855A9FED385AA5EEA65ADFED375AE5EE52
:108E6000265A9FED365AA5EEA65AF0EE475AE5EE81
:108E7000665AF0EE006A27EE255A75EEE65AE7EEDE
:108E8000277AC5EE256A76EEE77A77EEC77A30EE76
:108E9000670A10EE103A03EBC053B3F5000F0ADA7D
:108EA000FFF76AFD60EE067AB1E5B1F17C5F0B4633
:108EB0008BD80020A3E700EE103AF3E7F7EE007A34
:108EC000A5E5DFED1F7AA2E5F0EE407A9FE5B0F16F
:108ED000FF4F3FF4CFAD022325F04046B6F17E5F51
:108EE0001446F0EEC07A02D0002A7FF4EBAD0029E0
:108EF000BCBFB7EE007AC7EE277A002DBFF687AD6C
:108F0000A2F17E521A437FF4D8AD37EEE77AC7EE6E
:108F1000077A7CE500001643000016C3000080FFBE
:108F20001872313F0072313F8CBEBF350EEADDB59D
:108F30004CBB313355B38A38610B36BBABAA2A3EE2
:108F40000000000010EE103A3F49DA0F23F0004312
:108F50008B4282B01BD901F5313101F5E4718B42AE
:108F600006D93AB9DFED397A20EE270A02B0704708
:108F7000002A5BD09FED367AC7EE007ACDED007AFD
:108F8000009934498B4251D99FED330AEEE73349BA
:108F90008B4236D932498B4248D882F00100801A80
:108FA00007EE900A9FED2F7AF8EEE77AF0EE406A2E
:108FB000E7EEC76A9FED2C7A67EE877A36EEE70A0E
:108FC00020EE006ADFED295A9FED297AA6EE257A78
:108FD000F0EE405AE7EE465AB0EE006A20EE250A5F
:108FE00036EE656A80EE067AB7EE000A77EE677AAB
:108FF00077EEA67A37EE800A0028B7D002B0FFF7E6
:10900000BBBCB3F1645F0BD8DFED107A70EE277A4A
:10901000CDED017AF7EE007A019B30EE270AA5E745
:10902000DFED0D7AF0EE406A0020C9E7114B9FEDAD
:10903000127A03EB8203D3ED007AE0EE077AFDEEBD
:10904000E77A17EE900AABE74FACAE420000007F24
:1090500001000080B4F1CF42000000001872B13E60
:109060009215853F0072313F8EBEBF35155235BB1C
:109070008FAA2A3E388F06083BAAB83F10EE102A66
:10908000754822F00043834282B04FEAD27112D970
:10909000B3F1FF4F00F28280002940F0DA80DFED6B
:1090A0006F7AB4EEE70AF1EE10FA46DDDFED6C7A86
:1090B00027EE800A72E06B48834264D96A4A934281
:1090C00054D89FED6A7A89BB30EE477ADFED687A33
:1090D000012337EE670A37EE407A77EE677AF6EECD
:1090E000005A20EE254ADFED636A9FED635A20EEB9
:1090F000047AF0EE084AA7EE265AF7EE006AB0EEC0
:10910000666AA5EE076AE4EE464AB1EE084AA0EEAA
:10911000644A36EE645A85EE046A26EE076A002B2E
:1091200040D190EE067A30EE470A37E030EE077A0B
:10913000DFED527A4FF0FF33CBE79FED517A20EE0F
:10914000077AF6EE007A77EE877ADFED486AFDEE71
:10915000E77AB0EE407A17EE903AF8EEE77AA7EEAB
:10916000E67ADFED436A67EEA67AB2E79FED447ACE
:109170000029F6EE007AFEEE006A20EE077A18BFAC
:10918000F0EE667ADFE7B3F14C5F09D212F0FF4FE1
:1091900004D160EE007ACDED017A019B02B07047F8
:1091A00000239CE736EE676A5A1CD0EE067A77EE0B
:1091B000C77A06D170EE677ABEEE000AA7EEA50A5E
:1091C000ECE7012B16D1BDEE007AB4EEC70AF1EE42
:1091D00010FA06D570EE255AB8EE000A77EEE57A59
:1091E00066E770EE677AB0EE007AE7EE876AB0EE77
:1091F000660AD3E703F17F02D205382B07EE102A67
:109200000ED970EE677A802B77EEA67A04BF9FEDB9
:10921000147A77EEA77A27EE277A37EE660ABDE74B
:10922000C3F17F02D20506EE102A162BCBBF77EED4
:10923000867A30EE670A70EE677A76EEC66ACBBF42
:1092400077EEA67A30EE260A27EE870A20EE070A86
:10925000A4E7BFEE000AA1E743B895418071B1428F
:109260000000007F1872B13E9115853F8071313F3B
:10927000D1F717371030CF3A688808BDD1F717B744
:109280003BAAB83FB5EEC00AF1EE10FAF8EE007A4C
:1092900048BFB1EE400A10B520EE270A4CBF0124AA
:1092A0000024FFF7EBFEB0EE007A30EE077AC0EE56
:1092B000077A0CB9F1EE677AB0EE670A10BD0000CC
:1092C000DFED067A08B530EE670AFFF73BFEDFED0B
:1092D000047A20EE270A20EE270A08BDBCE32243C9
:1092E0000000007A10EE103AA3F50002B2F1FF4F31
:1092F00059D35A0006D160EE007ABFEE007A87EEAD
:10930000270A7047002B04DA30EE407ADFED2B7A23
:10931000F5E7DFED2B7A60EE277A6FF0180117EE94
:10932000903A284A9FED285A9FED284A9FED280A37
:109330001A44D30D7F3B0B4406EE903A254BC2F303
:109340001602134407EE103AF7EE007A77EE677ACA
:10935000B0EE007A37EE877AF8EEE66AC7EE875A03
:109360009FED1D7A65EEA54A26EE800A24EEA46ADA
:10937000A6EE075A9FED197AA6EE047A27EE247A14
:10938000A5EE067AB6EE006A27EE866AA6EE277A82
:10939000A7EE250AA6EE670A30EE270ADFED107A5F
:1093A000A6EEA70A7047B3F1FF4F06D2B3F17E5F76
:1093B00001D00021B5E79FED010A704700000000D1
:1093C0000000004C0DFB4A0013CECC3EEEE9913E6E
:1093D000D1F71737F304353F269E783EAAAA2A3FD5
:1093E0008071313F08B5FFF77DFFDFED027A80EE37
:1093F000270A08BD8E5D134010EE103A07B51D4ACE
:1094000023F00043934200EE103A1DD8B3F1665F9B
:10941000F7EE003A0BD2DFED187A30EE270A8DED29
:10942000010A019BB0EE630A03B05DF804FBFFF78D
:1094300025FE20EE007A30EE230A30EE000AC7EE59
:10944000007A37EEA30AEFE70C4A93420CD8FFF7F5
:1094500079FDF7EE007AC7EE803AF6EE007A73EE09
:10946000803A23EEA70ADFE703B05DF804EBFFF7CD
:1094700027BF00BF1672313F0000807B1672B142D9
:1094800010EE103A10B51C1E1C4B24F00044BEEE2A
:10949000003AF6EE007AA8BFB0EE673A9C42F0EED2
:1094A000403A00EE104A23D8FFF7E8FDB4F17E5FA2
:1094B00013D2B4F1665F0DD3F7EE007A70EE277A1F
:1094C00020EE007AC7EE273AF0EE007AD0EE273A87
:1094D00063EE833AB0EE630A10BDF7EE007A70EEE9
:1094E000277AC0EE273A33EE800A63EE003AF1E7BE
:1094F00033EE033AFFF7E4FEF7E700BF1672B1421E
:1095000010EE103AC3F3C7517F39162982B013DC2D
:10951000002913DB124A0A4113420DD0DFED117A04
:1095200030EE270A002B8DED000AA8BF9B1800998A
:1095300023EA020300EE103A02B07047DFED097A29
:1095400030EE270A002B8DED010A019A04DB5B0047
:1095500018BF4FF07E53EDE74FF00043EAE700BF3E
:10956000FFFF7F000000807B10EE103AC3F3C7516D
:109570007F39162982B013DC002913DB124A0A4115
:1095800013420DD0DFED117A30EE270A002B8DED5E
:10959000000AB8BF9B18009923EA020300EE103AB4
:1095A00002B07047DFED097A30EE270A002B8DED0F
:1095B000010A019A05DA5B00054B08BF4FF0004332
:1095C000ECE70023EAE700BFFFFF7F000000807B9D
:1095D000000080BF10EE101AC1F3C753763B1F2B5B
:1095E00082B013DC082BD8BF01234FF0FF3222FAE0
:1095F00003F319420AD0DFED067A30EE270A21EA9A
:1096000003038DED010A019A00EE103A02B0704793
:109610000000807B10EE103AC3F3C752952A18D889
:10962000DFED0C7ADB0F15BF30EE670A30EE270A4C
:1096300030EE270A30EE670AB5EE400AF1EE10FA76
:1096400007D19FED050ADFED057A002B18BFB0EEBC
:10965000670A70470000004B000000000000008017
:1096600010EE103A07B5184A23F00043934206D88B
:10967000DFED160A03B05DF804EBFEF7E7BCB3F1CB
:10968000FF4F04D330EE400A03B05DF804FB684698
:10969000FEF74CF800F0030001289DED000ADDED17
:1096A000010A05D0022808D050B9FEF7CFFCEBE73D
:1096B000FEF79AFFB1EE400AE6E7FEF7C7FCF9E7CE
:1096C0000120FEF791FFDFE7D80F493F00000000BF
:1096D00010B510EE104A24F00043B3F1FF4F2DED0A
:1096E000068B10D3F7EE006A86EE807AE40F6400F2
:1096F000C4F1010407EE904AF8EEE77A37EE870AE4
:10970000BDEC068B10BD9E4A934244D8B3F1465F30
:1097100014D214F0F84F0CD1DFED9A7A60EE277A6C
:10972000B2EE007AE0EE077AB4EE000A27EE800A85
:10973000E6E7DFED957AA0EE270AE1E760EE007A32
:10974000DFED926A9FED927A9FED926AA7EEA67A7C
:10975000DFED916AE7EE276A9FED907AA6EEA77A91
:10976000DFED896AE7EE276A9FED8D7AA7EE867AAC
:109770009FED8C6AA7EE276A9FED8B7AA6EE277A7B
:109780009FED8A6AA7EE276AB7EE007AA6EE277ADF
:10979000C6EE877ACFE7864A934244D8F7EE007A3E
:1097A000B0EEC00A30EE670A9FED827ADFED826A82
:1097B0009FED826AE0EE076A002C9FED817AA6EEAB
:1097C000807ADFED806AE7EE006A9FED7F7AA6EE91
:1097D000807ADFED7E6AE7EE006A9FED7D7AA6EE85
:1097E000807ADFED7C6AE0EE066A9FED7B6AA6EE8A
:1097F000806ADFED7A6AE6EE006A9FED796AA6EE8E
:10980000806ADFED786AE6EE006AE6EE807A87EE3F
:10981000270AABBFDFED747ADFED747A30EE270AEA
:1098200037EEC00A6CE7724A934208D9002CBFEEAB
:10983000000AF7EE007AA8BFB0EE670A60E76D4A4B
:10984000B0EEC0AA20EE000AB7EE009A9342C9EE2D
:10985000007A62D89FED687ADFED686ADFED688A8A
:10986000E7EE876A9FED677AA6EEA77ADFED666A74
:10987000E7EE276A9FED657AA6EEA77ADFED646AC8
:10988000E7EE276A9FED637AA6EEA77ADFED626ABC
:10989000E7EE278A9FED617AA7EEA67ADFED606A90
:1098A000E7EE276A9FED5F7AA6EEA77ADFED5E6AA4
:1098B000E7EE276A9FED5D7AA6EEA77ADFED5C6A98
:1098C000E7EE276A9FED5B7A1AEE103AA6EEA77ACA
:1098D0006FF30B0308EE103AF0EE49AABEEE020A4F
:1098E000E7EE27AAA8EE480AFFF72CFBF0EE409A15
:1098F00088EEAA0A78EE4A7A3AEE088AA7EE880A33
:10990000FFF720FB69EE809A002C89EE8A0AACBF33
:1099100039EE400A30EE490AF2E6DFED476A9FED84
:10992000477ADFED478AA7EEA67ADFED466AE7EED3
:10993000276A9FED457AA6EEA77ADFED446AE7EE47
:10994000276A9FED437AA6EEA77ADFED426AE7EE3B
:10995000278A9FED417AE7EE876A9FED407AA6EE6F
:10996000A77ADFED3F6AE7EE276A9FED3E7AA6EE23
:10997000A77ADFED3D6AE7EE276A9FED3C7AA3E721
:10998000FFFF573FD475833FD475033EB156C7B729
:109990008914BDBB1AE284B68F52E9BCEB6BA6BE3C
:1099A00049EE0A391681A63B632A853DCEBBCB3EE4
:1099B000FFFF9F3FC0F90DBBB351113DA35A443C7B
:1099C000C21CE3BD54FEA23E0892BEBE0568D43E52
:1099D000C6CD1ABB136E5F3C0733013EE71A933DB9
:1099E00085570A3F31F3D93D0B56583F0B5658BFA8
:1099F000FFFFBF406DDB36407E071DC12B93A2C227
:109A000093A021BCE79A38C38C6522C3578079C2E2
:109A100022F028C1B7A031BF977F77BD7C3FD240ED
:109A20001F45D9420B81D643C95821446F48D943B9
:109A300063A80943CE359D4175C2F1C30B2380C491
:109A400092A021BC41641FC4EAA220C34B108EC166
:109A5000D49D4CBFA743ED431287B3C1CE901F45A1
:109A6000BBFD47455917C04471E5A24359B4F241C3
:109A700010B510EE104A24F00043B3F1FF4F2DED66
:109A8000068B0ED3E40F640007EE904AF7EE006AEF
:109A9000B8EEE77AC6EE807A37EE270ABDEC068B81
:109AA00010BDA64A934244D8B3F10E5FF7EE007A98
:109AB00002D237EEC00AF1E720EE007ADFEDA06AAD
:109AC0009FEDA06ADFEDA05AA7EE266AB4F17A5F97
:109AD000DFED9E6AE6EE076A9FED9D6AA6EE876A55
:109AE000DFED9C6AE6EE076A9FED9B6AE7EE065A99
:109AF0009FED9A6AA5EE876ADFED995AE6EE075A5E
:109B00009FED986AA5EE876AF0EE675AE6EE075A6F
:109B100086EEA57A27EE007A04DA37EE007A37EE81
:109B2000C70ABBE7F6EE007A30EE670A30EE070AA6
:109B3000BFE78D4A934247D8F7EE007AB0EEC00AED
:109B400030EE670A9FED897ADFED896A9FED896AB9
:109B5000E0EE076A002C9FED887AA6EE807ADFEDB2
:109B6000876AE7EE006A9FED867AA6EE807ADFEDDF
:109B7000856AE7EE006A9FED847AA6EE807ADFEDD3
:109B8000836AE0EE066A9FED826AA6EE806ADFEDE8
:109B9000816AE6EE006A9FED806AA6EE806ADFEDDC
:109BA0007F6AE6EE006AB0EE676AA6EE806A87EE2C
:109BB000060A02DBDFED7A7A7BE79FED7A7A30EEF8
:109BC000070A30EE270A69E7774A934200F2A98034
:109BD000A2F1D472A2F59232B0EEC0AA933A20EE6E
:109BE000000AB7EE007A9342C7EE007A61D8DFED43
:109BF0006F6A9FED6F6A9FED6F9AA7EEA66ADFED21
:109C00006E6AE6EE276A9FED6D6AA6EEA76ADFED43
:109C10006C6AE6EE276A9FED6B6AA6EEA76ADFED37
:109C20006A6AE6EE276A9FED696AA6EEA79ADFEDFB
:109C3000686AE7EE866A9FED676AA6EEA76ADFEDBF
:109C4000666AE6EE276A9FED656AA6EEA76ADFED13
:109C5000646AE6EE276A9FED636AA6EEA76ADFED07
:109C6000626AE6EE276A1AEE103AA6EEA77A6FF35A
:109C70000B0308EE103ABEEE020AA8EE480AF0EE18
:109C8000478AFFF75FF9F0EE409A89EE280A78EEEE
:109C90004A7A3AEE088AA7EE880AFFF753F969EE86
:109CA000809A002C89EE8A0A3FF7F8AEF0EE007A2F
:109CB000FFE6002C02DA4D4A93423BD89FED4C6AF6
:109CC000DFED4C6A9FED4C9AE7EE866A9FED4B6A9A
:109CD000A6EEA76ADFED4A6AE6EE276A9FED496ABB
:109CE000A6EEA76ADFED486AE6EE276A9FED476AAF
:109CF000A6EEA79ADFED466AA7EEA66ADFED456AF3
:109D0000E6EE276A9FED446AA6EEA76ADFED436A96
:109D1000E6EE276A9FED426AA6EEA76ADFED416A8A
:109D20009FE79FED410A002CF0EE007AD8BFB0EE1D
:109D3000670AB3E6B0EE000AB0E600BFFFFF573F88
:109D4000B156C7B78914BDBB49EE0A398F52E9BC79
:109D5000EB6BA6BED475033E1AE284B61681A63B11
:109D6000632A853DCEBBCB3EFFFF9F3FC0F90DBBB5
:109D7000B351113DA35A443CC21CE3BD54FEA23E64
:109D80000892BEBE0568D43EC6CD1ABB136E5F3CBA
:109D90000733013EE71A933D85570A3F31F3D93D1A
:109DA000D4A71E3E0B56583FFFFFDF417E071DC163
:109DB0002B93A2C293A021BCE79A38C38C6522C31F
:109DC000578079C222F028C1B7A031BF977F77BDF5
:109DD0007C3FD2401F45D9420B81D643C95821440C
:109DE0006F48D94363A80943CE359D41FFFFBF406B
:109DF00075C2F1C30B2380C492A021BC41641FC46F
:109E0000EAA220C34B108EC1D49D4CBFA743ED43A3
:109E10001287B3C1CE901F45BBFD47455917C044BB
:109E200071E5A24359B4F2410000000010EE103A6F
:109E3000002110B523F0004201600F49541E8C42EE
:109E400018D213F0FF4F0AD1DFED0C7A60EE277ABB
:109E50006FF0180117EE903A016023F0004201689C
:109E6000D21523F0FF437E3A43F07C53114400EEB9
:109E7000103A016010BD00BFFFFF7F7F0000004C63
:109E80009FED0A7AF0EEC06AF4EE476AF1EE10FA3E
:109E9000F0EE407A06D8B5EE400AF1EE10FA01D0A5
:109EA000FEF76ABDB0EE670A704700BFFFFF7F7F15
:109EB00010EE103AC3F3C7517F391629F0EE407AFD
:109EC0000CDC002906DA03F0004307EE903AC0EDFF
:109ED000007A7047084A0A411A4204D103F000434D
:109EE00000EE103AF3E723EA020307EE103A30EEF1
:109EF000470AF0EE477AEAE7FFFF7F0010EE103ADC
:109F000007B5194A23F00043934207D8DFED170A3B
:109F1000002003B05DF804EBFEF766BBB3F1FF4F22
:109F200004D330EE400A03B05DF804FB6846FDF749
:109F3000FDFB00F0030001289DED000ADDED010AA4
:109F400006D0022807D060B90120FEF74DFBEAE7F2
:109F5000FEF77CF8E7E70120FEF746FBB1EE400A8A
:109F6000E1E7FEF773F8F9E7D80F493F000000007A
:109F700010EE103A07B5124A23F00043934207D877
:109F8000DFED100A012003B05DF804EBFEF774BBAF
:109F9000B3F1FF4F04D330EE400A03B05DF804FB89
:109FA0006846FDF7C3FB400000F00200DDED010A4A
:109FB0009DED000AC0F10100FEF75EFBEDE700BF7A
:109FC000DA0F493F0000000007B501A8FDF7DAFCF1
:109FD00003B05DF804FB00009FED0D7AF0EEC06A5F
:109FE000F4EE476AF1EE10FA07B506D99FED097A4B
:109FF00030EE070A03B05DF804FB01A8FDF7C2FCD0
:10A00000FEF7A0FF019B002BB8BFB1EE400AF1E7BD
:10A01000FFFF7F7F0000807FB1EEC00A7047000025
:10A0200040EA010330B59D071CD15FEA920E24D0AF
:10A030000D46031F01EB8E0C51F8044B43F8044FFF
:10A040006145F9D105EB8E0100EB8E0E940744BFFC
:10A0500031F8023B2EF8023BD30702D50B788EF87D
:10A06000003030BD002AFCD0431E0A4411F8014BD9
:10A0700003F8014F9142F9D130BD8646E6E700BFB3
:10A0800081420ED28B1898420BD2531E0B4452B110
:10A090000244013913F801C902F801CD8B42F9D10C
:10A0A0007047FFF7BDBF704710B400F003040C43C6
:10A0B00018D15FEA920C21D000EB8C01034643F8E3
:10A0C000044B8B42FBD100EB8C0C910744BF002367
:10A0D0002CF8023BD30702D500238CF800305DF842
:10A0E000044B7047002AFAD0C9B20244034603F871
:10A0F000011B9342FBD15DF8044B70478446E4E7B3
:10A10000024406E010F801CB11F8013B9C4504D352
:10A1100006D89042F6D1002070474FF0FF307047CC
:10A1200001207047017849B10346194613F8012F01
:10A13000002AFAD1C0F10100084470470846704770
:10A140000138013903E062B1934207D30DD810F80A
:10A15000013F11F8012F002BF5D112B14FF0FF3064
:10A160007047181E18BF012070470120704700BFBC
:10A1700010B509E010F8013B013A5BB111F8014B51
:10A1800044B1A3420FD311D88C468646002AF1D1A0
:10A19000104610BD9CF800302BB99EF80020101E10
:10A1A00018BF012010BD4FF0FF3010BD012010BDC1
:10A1B0000B7802462BB102F8013B11F8013F002B4E
:10A1C000F9D1002313707047037853B1CAB202E08B
:10A1D00010F8013F2BB19A42FAD1914218BF0020EA
:10A1E00070471A46914218BF0020704730B4047877
:10A1F000ACB10D7884467DB12B460A4602E012F8D8
:10A20000013F2BB19C42FAD11CF8014F002CF3D135
:10A21000ACEB000030BC7047284630BC704720468D
:10A22000F8E700BF30B404789CB10D78844695B14E
:10A230002B460A4602E012F8013F2BB19C42FAD1AC
:10A24000ACEB000030BC70471CF8014F002CEFD184
:10A25000F6E72046F6E71CF8014F002CFBD1EFE7AC
:10A2600010B5037842788478C07888B079B9CDE9A0
:10A270000123009403461021074A0DEB0100F9F772
:10A28000A5FB014604A8E9F7C1FB08B010BDCDE964
:10A2900001400092EFE700BFC8E3050813B50C4684
:10A2A0001146FFF7DDFF00902046E7F781F8694689
:10A2B00001900220EBF77CFA02B010BDF7B50C4616
:10A2C00001A91546E9F77AFF019B13B3024603443F
:10A2D0009A42164606D212F8011B2E29F8D03039C0
:10A2E0000929F5D9E11C27464FF00A0E0023B04298
:10A2F000024604D210F801CBBCF12E0F0CD1DBB218
:10A3000075B90B70A1420DD1B24203D00B48E2F7F0
:10A31000CFFC236003B0F0BD0EFB03C3303BE6E788
:10A320003B70EFE7B242F1D213782E2B01F1FF31EF
:10A3300007F10107EAD1501CD8E700BFD4E30508B4
:10A3400037B50C461546022101AAE3F703FE019B2F
:10A350002A4618682146FFF7B1FF019B5868E3F7CA
:10A360002FFD03B030BD0000042807B5034606D812
:10A3700001460C4803B05DF804EB09F04BBC0A4AF7
:10A3800006216846F9F722FB00F108036B444422DA
:10A39000411C684603F8082C09F03CFC03B05DF84A
:10A3A00004FB00BFD8E30508DDE30508F8B5244D3C
:10A3B000AB7DDB0732D52E68706801282ED9B168D5
:10A3C000431ECA5C0A2A29D14A1E002B01DC1A4608
:10A3D00008E0D45C0A2CFAD0013BF6E78C5C202C18
:10A3E00002D101329042F9D8002B0CDD541CA0425E
:10A3F00009D15C1E0C448C4205D014F8017D0A2F53
:10A400000CD0202FF7D00144D21A11F8023C3A2B7D
:10A410004FEA920400D10134013C00D2F8BD094951
:10A4200004223046D6F710FF0648042109F0F2FB5B
:10A430002B6904332B61AB7D43F00203AB75EBE773
:10A44000F4040020C0E30508024820220021FFF7A1
:10A450002BBE00BFA400002038B505460B4C6B682E
:10A4600063600022A260227508464FF0FF32C4E903
:10A4700003232560A16100F005FE6B680BB9012381
:10A48000A375BDE83840FFF791BF00BFF40400207A
:10A49000F8B503780446CBB10D4F386F18B121469B
:10A4A000FFF74EFE90B12046FFF73CFE461C3046BB
:10A4B000D5F7E9FE054648B132462146FFF7B0FD23
:10A4C00004491C22081DFFF7DBFD3D67F8BD00BFF6
:10A4D00034000020A40000202DE9F3419C4C0646E6
:10A4E000A56820684768042D00F2A481DFE815F014
:10A4F000050006010F017A019E01731E042B05D889
:10A500006368BB4265D0012E00F07881B31E132B27
:10A510004BD8DFE813F05E015E0082017D014E0141
:10A520004A004A004A004A001F004A004A003B0114
:10A530004A0014004A004A004A004A003F00E2680C
:10A54000062A40F30F81A37D23F00203A3754FF089
:10A55000FF363EE02169791AD6F76EFF00252368A1
:10A560005B68BB4203D27B48032109F053FB22689E
:10A570002369D2E90110C91A184409F04BFB23687A
:10A5800058682369C01A401BFFF7EEFE23692B446D
:10A590002361D8E761682269521AD6F754FF266909
:10A5A0006368F61A002E31DCD9E70D2E01D00A2E91
:10A5B0002FD1637D0BB19E420FD16748667500F0C5
:10A5C00061FD2068D6F7C1FE63681844FFF760FF9D
:10A5D0002E46304602B0BDE8F08100236375082E98
:10A5E00001D07F2E25D1216962689142ABD9A1EBC0
:10A5F000020C2B46634503EB020E11D1042BB4BFB2
:10A60000012604263246891BD6F71DFF4FF00108AC
:10A610001EE000231B2E6375E1D10123A36092E7A6
:10A62000866816F80E60202E01D10133E2E701267C
:10A63000E8E7A37D9A0719D5092E14D0202E51D111
:10A640004FF00008032184F81680D6F7F5FE0326A4
:10A650003046FFF789FE23699B1B2361B8F1000F89
:10A660007FF47DAFAAE00023A3756CE7092E39D1F2
:10A67000E7B183682269134413F8010CD6F73AFF57
:10A68000A0B1364B019304260025019B2169206867
:10A690005A1C01922944012293F80080D6F7B4FE97
:10A6A0000135B54280F80080EFD158E72368606833
:10A6B0009D6821692A4A091A01AB2844F0F7CCF9B0
:10A6C000064600283FF43FAF431CDDD1A06900F0EF
:10A6D000D9FC2268636821699068C91A184409F096
:10A6E00099FA3BE7A6F120035E2B3FF62CAF2169D8
:10A6F0000122D6F789FE0125067030E74F2E04D0DF
:10A700005B2E40F09780022388E7042386E7A6F1BA
:10A710003003092B03D80323A360267513E7002316
:10A72000413EA360072E3FF60EAF01A353F826F07B
:10A730003FA504088DA70408B3A70408D3A70408FD
:10A7400047A5040811A8040847A50408FDA70408A4
:10A75000F4040020E2E305088CE40508C0E30508E2
:10A760004C100608344B03EB8203551C596F00292B
:10A770003FF4E9AE6368E5604360D6F738FE2268CF
:10A78000636826695568F61AED1A0BE7E368002B33
:10A79000FFF6D9AE6168013B791AE360D6F74CFE4B
:10A7A000E268002AEBDB244B206803EB8203196F7D
:10A7B000E3E72569BD422CBF00250125002D7FF769
:10A7C000C2AE2368986823692946184409F022FA22
:10A7D000DCE6226963689A427FF6B5AE0025A8469A
:10A7E000012635E77E2E25D1237D313B072B21D84D
:10A7F000DFE803F00420130E2020040E26696368AE
:10A800000025F61AAE42A5607FF79DAEA8461FE769
:10A81000256900237D1BA360D0E72169B94209D2D5
:10A820000122D6F710FE0023A36097E6462EEFD054
:10A83000482EE3D00023F1E63400002008B5FFF7EE
:10A840000BFE09F0CFF9FFF747FE431CF9D008BD16
:10A8500000B58BB06846D5F783FC044B1968091A1C
:10A860008908D5F74BFE0BB05DF804FB34000020DF
:10A87000014B1860704700BF2800002008B54368EE
:10A8800080685B6800219847BDE80840E6F790BD06
:10A89000F8B50D686B6807465B68A8680C4601212F
:10A8A0009847E6F785FD022F064608D16B68606879
:10A8B000AD681F68E3F784FA01462846B84730467A
:10A8C000F8BD000038B5054614200C46D5F7E9FC64
:10A8D000044A8460C0E900250622C2600022027496
:10A8E00038BD00BF588F060870B5062892B00546DF
:10A8F0000E4623D002B3E2F713FCD5F7ABFD684652
:10A90000D5F776FC044660B931462846E1F700FDEC
:10A91000D5F744FCD5F7A6FDE2F718FC204612B0A7
:10A9200070BD07490748B9F72FF901990548E3F7C2
:10A93000A3F94FF0FF34EDE7E2F726FC0024EDE742
:10A94000E6E305084C10060810B5027C0446D0E981
:10A950000210FFF7C9FF013006D16368A0681B68C9
:10A96000002198470623E36010BD10B50446084651
:10A9700011460022E2F728FE2046FFF7E5FF0620F9
:10A9800010BD000070B5067804461EB14FF0FF35CB
:10A99000284670BD09F026F9C31E012B05460BD8C9
:10A9A00001210C48217009F035F9032DEED10A4838
:10A9B00046643C30D5F734FCA388013B9BB2A380AE
:10A9C000002BE5D10548012109F024F96388A38013
:10A9D000DEE700BF12E40508340000203CE405086F
:10A9E0002DE9F0439BB004464FF0000908A8154636
:10A9F0000E46CDF82490D5F7FBFB05F00107804605
:10AA0000002860D115F008032DD01020D5F730FCB8
:10AA1000534A12694260034600F1080294E80300B9
:10AA200082E80300A06842461946E0F7EDFE2906D9
:10AA3000064602D40320FFF71BFF09F039FA04464B
:10AA40003046E1F733FC4FF0FF30FFF711FF0120F4
:10AA5000E2F7C0FBD5F7A2FB1FB14248012109F084
:10AA6000D9F801264DE0EA061DD5D4E90121E120FF
:10AA7000D8F7B0FB0446012ED4F8008007D14FEA86
:10AA8000C80141F0020140F2CD20E1F745FA32461B
:10AA9000214606A8D9F70CF8C5F38002414606A85E
:10AAA000DCF7B4F8C3E76B0605D594E80E00E120A7
:10AAB000D8F744FBDEE7A806DDD52046D6F7DAFA5C
:10AAC000D8F796FBD6E74FF0FF30FFF7D1FE4846A8
:10AAD000E2F780FB6A0602D5A368206898471FB199
:10AAE0002048012109F096F8099B1F491868EBF7E7
:10AAF0003FFE044600282ED109991C48E3F7BCF814
:10AB00002646AB071ED51A4B1B78DBB109F0D0F9EE
:10AB10001849021B1548B9F737F806AB05AA04A96E
:10AB200003A8D6F7E3FA069B0193059B124900930D
:10AB30000E48DDE90323B9F727F80CF089FE0B482E
:10AB4000D6F7A8F81FB10748012109F063F830468D
:10AB50001BB0BDE8F08300244FF48076D1E700BF3E
:10AB60003400002012E405088C2406084C10060866
:10AB70001005002014E40508A9E0050808B5E3F76E
:10AB80001FF9034B003818BF01201870062008BDBC
:10AB90001005002008B503784BB901210170044865
:10ABA00009F038F809F01EF803380128FAD808BD72
:10ABB00012E40508F0B58BB0202106A8D6F756FBA5
:10ABC0000027354800F05EFA0797344800F05AFA3B
:10ABD00009F008F8431E032B45D8DFE803F00236DE
:10ABE000414907990229ECD1089B1A78052AE8D136
:10ABF0005E78412E05D02A4809F00CF8002307930F
:10AC0000E3E7284809F006F8802401250321684677
:10AC1000ADF800408DF8025008F0FCFF00238DF8DD
:10AC2000043001AB0393204B049332461F4BADF825
:10AC30000640294603A8ADF808400593FFF7D0FE6B
:10AC4000C205DBD54FF4807008E0194800F01AFA0D
:10AC500006A8D6F735FB174B002018700BB0F0BDD7
:10AC600000230793B4E7C1B206A8D6F77DFBAFE790
:10AC7000114800F007FA079B33B90D4800F002FABB
:10AC800006A8D6F71DFBDDE71122012106A8FFF774
:10AC9000A7FEC30598D5D5E720E40508E3D4050849
:10ACA000C88F06083BE4050885A9040895AB04088D
:10ACB0008CE40508110500203EE4050870B586B057
:10ACC000202102A8D6F7D2FA3F48404C00F0DAF92A
:10ACD0003F4800F0D7F93F4800F0D4F93E4800F073
:10ACE000D1F900252E46012026810395EFF7DCFDE2
:10ACF000014602A8FFF7A2FD013804284AD8DFE880
:10AD000000F0030F27131C00324800F0BBF902A823
:10AD1000D6F7D6FA314B01221A70002006B070BD6A
:10AD20002C4800F0AFF9CFE72A4800F0ABF902A8B1
:10AD3000D6F7C6FA4FF48070F0E7294800F0A2F980
:10AD4000039508F04FFFC1B203298DF8071003D116
:10AD5000204800F097F9C6E704290AD11D4800F001
:10AD600091F90121162202A8FFF73AFEC305BAD5D0
:10AD7000E0E702A8D6F7F8FA9DF807300D2B03D1CB
:10AD8000184800F07FF9DCE701210DF1070008F019
:10AD900041FFD6E7039B002BA5D002A8D6F7D5FA32
:10ADA000EFF79CFD70B10A2102A8D6F7DDFA022068
:10ADB000EFF77AFD014602A8FFF740FD0328C7D050
:10ADC0000428EAD10021CDE730D70508340000205F
:10ADD00041E405088CE4050869E405081105002034
:10ADE0008FE40508BFE4050820220121FFF7F8BD24
:10ADF00037B50C466A4601A90546EFF76BFF019986
:10AE000084F0010201294FEAC2120BD0022906D0B8
:10AE1000074908482A46B8F7B7FE002005E042F087
:10AE2000080201210098FFF7DBFD03B030BD00BF31
:10AE3000C6E405084C100608002210B51146044669
:10AE4000EFF748FF022805D120460121BDE8104058
:10AE5000FFF7CEBF2046F7F7FFFC022804D12046BB
:10AE6000BDE81040FFF7C0BF012010BDEFF3108117
:10AE700072B6064B1B68C21A002A054ADABF0133B4
:10AE80001360106081F31088704700BF1C0500201C
:10AE90001805002040694B69C01AC00F70470000B8
:10AEA0002DE9F843EFF31188F02383F312880E4F56
:10AEB00000243D68A14625B93C6088F31188BDE8AF
:10AEC000F88369680948C5F80490E2F701FB2B8A0A
:10AED0009B07064605D4224604482946E2F7D7FADE
:10AEE00004463546E7E700BF1405002095AE040888
:10AEF0002DE9F8431D4B1E4E1F6834684FF00008C3
:10AF00004FF0010914E061681A48C4F80480E2F7C0
:10AF1000DFFA228AE369D107054613D5C2F380021E
:10AF200021461846FFF7E0FC78B1A4F812902C46B1
:10AF3000CCB16069C31B002BE5DD3460BDE8F8438C
:10AF4000FFF794BF0BB120469847638A022BEED1DE
:10AF5000D4E9053213446361214606482A46E2F7E4
:10AF600096FA0446CCE73460BDE8F8831C0500205F
:10AF70001405002095AE04082DE9F341EFF3118785
:10AF8000F02383F31288114E00253468A8462CB9AB
:10AF9000356087F3118802B0BDE8F08161680C4824
:10AFA000C4F804800194E2F793FA019B1B8A9B0783
:10AFB000044603D5012101A8D5F7A0FA2A46019934
:10AFC0000348E2F764FA0546E1E700BF14050020F4
:10AFD00095AE0408002370B54360C3600C4B1B683A
:10AFE000194404464161EFF31186F02383F312887C
:10AFF000084D01462A680848E2F749FA8442286069
:10B0000002D16069FFF732FF86F3118870BD00BF7F
:10B010001C0500201405002095AE040838B5024632
:10B02000EFF31185F02383F31288044C0448216860
:10B03000E2F76FFA206085F3118838BD140500200F
:10B0400095AE040838B545180146A94206D1884294
:10B0500015D2BDE83840091A08F0DCBD0C4614F8DA
:10B06000013B0A2B09D1884202D2091A08F0D2FD0D
:10B070000348022108F0CEFD20462146E5E738BD11
:10B080008CE4050810B50446FFF74CF8014620464D
:10B09000BDE8104008F0BEBD0329104601D108F0FC
:10B0A00087BD04291DBF16224FF0FF301A60002013
:10B0B00070470846114608F0ADBD70B515460C4600
:10B0C0008E18B44201D1284670BD08F08BFD04F8FB
:10B0D000010BF6E738B5054614466A68013A012ABD
:10B0E000084604D82146FFF7ADFF204638BD0122AF
:10B0F0001A604FF0FF34F8E770B5054608460C4675
:10B10000E2F78CFD6368034902462846BDE87040BB
:10B11000B8F73ABDE2E4050870B5154642680C463A
:10B1200062B94E19A64201D1284670BD08F05AFDF9
:10B130000D2808BF0A2004F8010BF3E701221A606A
:10B140004FF0FF35F0E7830705D16422B0FBF2F33F
:10B1500002FB13034BB94FF4C873B0FBF3F203FBCC
:10B160001200B0FA80F040097047012070470000DB
:10B17000074B4A1E10B533F8114033F8123002293C
:10B18000A4EB030402D1FFF7DEFF0444204610BD08
:10B19000B090060810B5064B4C1E022933F8144037
:10B1A000144402D9FFF7CFFF0444204610BD00BF6E
:10B1B000B0900608F8B5154600233D4A0EF012FE81
:10B1C000002B044616461F4604DA394AB61843F1E6
:10B1D0000007013C4FF461620023304639460EF00F
:10B1E00001FE3C2228710023304639460EF0FAFD5C
:10B1F000002316463C220EF0F5FDE31C6A7107227F
:10B2000093FBF2F2C2EBC2029B1A48BF0733EB7109
:10B2100004F50334274BAE7104F56A7448F6AC614B
:10B2200094FBF3F203FB124393FBF1F4042C08BFED
:10B23000032401FB143340F2B55093FBF0F11929BC
:10B2400008BF182100FB113340F26D1093FBF0F0A2
:10B25000042808BF03206FF4B67606FB003364268B
:10B260007243192606FB04220A4400EB820000F513
:10B27000C86080B2104C2880002214F8011B99424B
:10B2800013DDD2B2911CC9B20B2904D901300A3A9C
:10B2900080B2D1B228805A1C0131D2B2C9B2EA7050
:10B2A000A970FFF777FF2881F8BD5B1A0132E4E748
:10B2B00080510100B13A0200A4900608F8B51D467D
:10B2C000A0F2B27740F26D135F4304466FF4C86397
:10B2D0001C44A308DB194FEAE77646F10006642711
:10B2E000B4FBF7F7DB1B66F100064FF4C877B4FB3D
:10B2F000F7F4E41846F10006593C46F1FF36FFF733
:10B3000049FF0B4B01380019A0FB032146F1000651
:10B3100003FB0611DDE906303C2404FB03004FF477
:10B32000616303FB0500801841F10001F8BD00BF17
:10B33000805101002DE9F041079E069F3C2596FBB8
:10B34000F5F405FB14682744B8F1000FB8BF07F106
:10B35000FF3797FBF5F605FB167706EB0304B8BF3E
:10B36000A844002F4FF01805B8BF04F1FF3401F1D5
:10B37000FF3194FBF5F305FB134403EB02064FF09A
:10B380000C02B8BF3C3791FBF2F3002C02FB131107
:10B39000BCBF641906F1FF36002903EB0005BCBFF2
:10B3A000891805F1FF350131002E0DDD2846FFF724
:10B3B000DFFEB04212D3CDE9067823463246284656
:10B3C000BDE8F041FFF77ABF013904BF05F1FF3551
:10B3D0000C212846FFF7CCFE0644E5E701310D2994
:10B3E000A6EB000604BF01350121DFE7044B00F0A6
:10B3F0000F0200099A5C185C40EA0210C0B2704764
:10B40000CA9006082DE9F04FD0F8009087B01F468B
:10B410000B440446561E0193B9F1000F4DD0BA46B5
:10B42000019B9A454DD0A37916F8018F002B00F0AF
:10B430009F804FF0080B0025E268D388D26818F08F
:10B44000010F08BF1B0493616379002B40F09580C6
:10B45000484608F04FFDA2682179D388D2680129B7
:10B4600008BF1B0493612269D368127A1B69120911
:10B470006D00D34003F00103EDB21D436379002B4F
:10B4800040F08980484608F035FDA2682179D388CC
:10B49000D26800297DD09361BBF1010BC8F3470846
:10B4A000CAD13FB1A3791BB12846FFF79FFF0546DC
:10B4B0008AF800500AF1010AB2E73D46019BAB420F
:10B4C00002D107B0BDE8F08FA3790093009A16F877
:10B4D000013F002A44D0226994F804E0D168127A2E
:10B4E000039112090492E268B2F80690D2F80CA017
:10B4F000A268B2F806C0D2684FEA09414FF00808C6
:10B50000002005914FEA0C4BD9075ABF0599CAF89C
:10B510001810CAF818904100BEF1010F039818BF27
:10B52000C2F818C0C9B208BFC2F818B002910069C9
:10B530000499C840029900F001000843BEF1000FD1
:10B5400013D0C2F818C0B8F10108C3F34703DBD128
:10B5500027B1009B0BB1FFF749FF28700135ADE71C
:10B560001846FFF743FF0346B5E7C2F818B0EAE70D
:10B570004046FFF73BFF80465BE7A2682179D3880E
:10B58000D268012908BF1B049361484608F0B2FC49
:10B5900069E71B047FE7A2682179D388D26821B1CB
:10B5A0009361484608F0A6FC76E71B04F8E710B55F
:10B5B0000446B1B980682179C388C26899B19361A2
:10B5C00000231A46012108F06FFB00231A46E068A9
:10B5D000012108F069FB002320691A46194608F08A
:10B5E00063FB002010BD1B04E9E70000F0B585B047
:10B5F0000D460AF0A9F800231A460521044608F072
:10B6000053FB062201A92846E2F706FE029B042B03
:10B6100002D82848E1F74CFBE368E2889A61FA20F7
:10B6200008F012FCE388E2681B049361122008F022
:10B630000BFCEFF31186102383F31288E368E28892
:10B640009A610A2008F056FC08F038FC0746E368C7
:10B650001D69237A1B09DD4015F001051FD19622D3
:10B6600001212046F0F762FC00281DDB019F6422C7
:10B6700001212046F0F75AFC002815DBEB1030289A
:10B68000FA5C94BF00200120013540EA4200282DD9
:10B69000F854ECD186F31188062005B0F0BD08F00F
:10B6A0000DFCC01B6428D2D986F311886E20E1F707
:10B6B000F5FC00BF50D1050810B5084B04461868CA
:10B6C0004FF47A73B0FBF3F000F02AFA002221461F
:10B6D0004FF0FF3000F0D2F9002010BD0000002034
:10B6E000014B1868704700BF1C050020014B18680B
:10B6F000000C7047002004E0024B1868C0F30B00F8
:10B70000704700BF002004E07047000010B50446F9
:10B71000002800F09F80036C23B9436480F83C301C
:10B72000FFF7F2FF236CDB0600F19280236C23F419
:10B73000885323F0020343F002032364464B5A6804
:10B7400022F440325A605A6861680A435A6023689A
:10B7500021695A6822F480725A605A6842EA0122CA
:10B760005A605A68A16822F040725A605A680A43C7
:10B770005A609A68E16822F400629A609A680A4303
:10B780009A603649A26A8A4256D0996821F070615F
:10B79000996099680A439A609A68E16A22F0405277
:10B7A0009A609A680A439A609A68A16922F0020234
:10B7B0009A609A6842EA41029A60226A002A43D05B
:10B7C0005A6842F400625A605A6822F460425A6031
:10B7D000626A5868013A4FF4604191FAA1F1B1FAF6
:10B7E00081F18A4002435A60DA6AE16922F4700208
:10B7F000DA62DA6A013942EA0152DA629A68216B46
:10B8000022F400729A609A6842EA41229A609A6829
:10B81000616922F480629A609A68002042EA81227B
:10B820009A606064236C23F0030343F001032364F4
:10B83000002384F83C3010BD9A6822F070629A6050
:10B840009A6822F04052AEE75A6822F40062CAE7D2
:10B850000120EDE70120EEE7002301400100000F89
:10B8600082B00023019390F83C30012B4ED001238D
:10B8700080F83C3003689A68D10705D59A68D207EA
:10B8800014D4002002B070479A68214942F00102A6
:10B890009A60204A1268B2FBF1F202EB4202019276
:10B8A000019A002AEAD0019A013AF8E7026C22F4E0
:10B8B000E06222F0010242F4807202645A6851058B
:10B8C00041BF026C22F4405242F480520264026C86
:10B8D00012F480521CBF426C22F006024264002225
:10B8E00080F83C206FF022021A600B4A5268D206A0
:10B8F00008D19A6812F0405FC3D19A6842F0804242
:10B900009A60BEE7054A9342BBD1F2E70220B9E74D
:10B9100040420F00000000200023014000200140B1
:10B9200090F83C30012B14D003689A6822F0010291
:10B930009A609B68DB0707D4036C23F4885323F0D9
:10B94000010343F001030364002380F83C301846F0
:10B950007047022070470000F7B50023019390F86C
:10B960003C30012B05467DD0012380F83C3008682F
:10B970002B688E68092884B230D904EB4402DF6852
:10B980001E3A4FF0070C0CFA02FC27EA0C07DF60A6
:10B99000DF6806FA02F23A43DA604968062901EBE9
:10B9A00081022AD8596B053A1F26964021EA0601E2
:10B9B0005963596B04FA02F20A435A632A4A9342C2
:10B9C00007D1122834D1D2F8043343F48003C2F8EB
:10B9D0000433002085F83C0003B0F0BD1A6900EB89
:10B9E000400C072707FA0CF722EA07021A611A69C6
:10B9F00006FA0CF616431E61CFE70C294FF01F0123
:10BA00000BD81E6B233A914026EA01011963196B8A
:10BA100004FA02F20A431A63D0E7DE6A413A91401F
:10BA200026EA0101D962D96A94400C43DC62C5E779
:10BA30000E4A904201D01128CBD10D494B6890425B
:10BA400043F400034B60C4D10A4B0B4A1B68B3FBA1
:10BA5000F2F30A2253430193019B002BB9D0019BBF
:10BA6000013BF8E70220B7E7002001401200001078
:10BA7000002301400000002040420F00164B30B56B
:10BA8000DC68C4F30224C4F10703251D042B28BF7E
:10BA90000423062D4FF0FF358CBF033C002405FA2C
:10BAA00003F321EA0303A54022EA0502A34000288C
:10BAB00043EA0203ACBF00F16040084A4FEA0313B7
:10BAC000B8BF00F00F00DBB2AABF00F5614013540D
:10BAD00080F8003330BD00BF00ED00E014ED00E061
:10BAE000002807DB044A4109012300F01F008340BE
:10BAF00042F82130704700BF00E100E000280CDB75
:10BB00004309064900F01F0020330122824041F81A
:10BB10002320BFF34F8FBFF36F8F704700E100E02A
:10BB20000138B0F1807F0BD24FF0E023054A586115
:10BB3000F02182F823100020072298611A617047D3
:10BB40000120704700ED00E070B590F83440866D3C
:10BB5000012C34D0012480F8344090F83540012C79
:10BB60004FF0000429D1022580F83550446504685F
:10BB7000256825F48025256063608368402B0EBF0F
:10BB8000A260A160E260C26D08BFE1603F23934004
:10BB9000B360236843F016032360636943F08003B6
:10BBA0006361036C1BB1236843F0080323602368BF
:10BBB00043F001032360002070BD80F83440022070
:10BBC000FAE70000F7B5002301935C4B856D1F6811
:10BBD000C36D2E6808229A40324204460CD0016898
:10BBE0000868400708D5086820F004000860AA60CB
:10BBF000626D42F001026265514A9A40324208D0B9
:10BC000021684969090641BFAA60626D42F00202DB
:10BC100062654C4A9A40324208D021680968880718
:10BC200041BFAA60626D42F00402626510229A4030
:10BC3000324210D02368196809070CD5AA601A6827
:10BC4000500337D51B68190301D4236C00E0A36CA3
:10BC50000BB120469847E16D20228A4032423AD00B
:10BC600023681868C60636D5AA6094F83520052AD8
:10BC70001A6827D122F016021A605A6922F080024F
:10BC80005A61226C0AB9A26C1AB11A6822F0080231
:10BC90001A603F238B40AB60002384F834300123CB
:10BCA00084F83530236D002B45D0204603B0BDE825
:10BCB000F04018471A68D2055EBF1A6822F00802E1
:10BCC0001A60C2E7500327D51B68190331D4636C8F
:10BCD0000BB120469847636D6BB3636DDA0719D5D6
:10BCE00022684FF41653B7FBF3F7052384F8353079
:10BCF000136823F001031360019B0133BB420193DE
:10BD000002D81368DB07F7D4002384F8343001230A
:10BD100084F83530E36CC6E71A6812F4807208D1F3
:10BD2000196821F010011960012384F8342084F887
:10BD30003530E36BCCE703B0F0BD00BF000000205E
:10BD40000100800004008000406D7047036810B55A
:10BD5000084C0246D9B210391820B1FBF0F0205C33
:10BD6000D06523F47F7020F003005F2988BF043082
:10BD7000906510BDE490060870B50446FFF7B0FC6E
:10BD80000546002C60D0002384F83430226802235A
:10BD900084F83530136823F00103136022681368B8
:10BDA000D8072ED413683248A1691840D4E9013568
:10BDB0002B43E5682B4325692B4365692B43E569D4
:10BDC0000B432B43256A2B430343606A042802BFBD
:10BDD000D4E90B5635432B4313605369042823F0F1
:10BDE000070343EA000335D1A06AE56A03438DB334
:10BDF00091B9012820D030F002012BD1E90129D5D9
:10BE00001DE0FFF76DFC401B0528C7D92023032048
:10BE1000636584F8350070BDB1F5005F16D1032865
:10BE200018D801A151F820F03FBE0408FDBD040858
:10BE30003FBE040839BE0408B5F1C07F0AD14023D3
:10BE40006365012384F835300120E4E70228F6D940
:10BE50000328D3D053612046FFF778FFE26D3F23DC
:10BE60009340836000200123606584F83530D2E779
:10BE70003F8010F038B50546F0B190F83530022B10
:10BE8000DCB217D003681A6822F001021A6000249D
:10BE900021221C605C609C60DC601C615A61FFF7C1
:10BEA00055FFEA6D3F23934083606C6585F834400D
:10BEB00085F83540204638BD0124FBE72DE9F74FD2
:10BEC000DFF880815D4A00234FF001090C6809FA10
:10BED00003FA0AEA04053AEA040440F0A0804C6838
:10BEE00024F0100EBEF1020F14D14FEAD30C00EB78
:10BEF0008C0C03F0070BDCF820604FEA8B0B0F274C
:10BF000007FA0BF726EA07070E6906FA0BF63E4317
:10BF1000CCF82060D0F800B04FEA430C032606FAB4
:10BF20000CF72BEA070BFE4304F0030707FA0CF7A4
:10BF30000EF1FF3E47EA0B07BEF1010F076010D874
:10BF4000876806EA070ECF6807FA0CF747EA0E077C
:10BF50008760476827EA0A0E27099F4047EA0E07CD
:10BF60004760C76837408E6806FA0CF63E43C660E5
:10BF7000E60054D500260196D8F8446046F4804681
:10BF8000C8F84460D8F8446023F0030707F18047FD
:10BF900006F4804607F59C37019603F0030C019EDA
:10BFA000D7F808E04FEA8C0C0F2606FA0CF62EEABA
:10BFB000060E234EB04239D006F58066B04237D027
:10BFC00006F58066B04235D006F58066B04233D0C3
:10BFD00006F58066B04214BF0726042606FA0CF662
:10BFE00046EA0E06BE601668EF4314F4803F0CBFAD
:10BFF0003E402E431660566814F4003F0CBF3E408E
:10C000002E435660966814F4801F0CBF3E402E43AA
:10C010009660D668A40254BF3E402E43D6600133DA
:10C02000102B7FF453AF03B0BDE8F08F0026D5E7A7
:10C030000126D3E70226D1E70326CFE7003C0140E3
:10C04000000002400038024001680246486910F4CE
:10C0500080600CD06FF480634B6104231364202153
:10C060000023136382F83C3082F83D1001207047B2
:10C070002DE9F047089D0646884691461F464FEA3F
:10C08000114A3368BAF1010F1FD15C6928EA040430
:10C09000A4B2B4FA84F46409A14501D000200CE0F4
:10C0A0007A1CEFD05FB900232022336386F83C303E
:10C0B00086F83D20032086F83E30BDE8F087FFF784
:10C0C0000FFB401BB842DCD9EDE79C69E443C4F3A5
:10C0D000400484F00104E4B2DEE72DE9F0410446B7
:10C0E0000F46164698462568686927EA000080B220
:10C0F00098B16B695A0512D52B6843F400732B6015
:10C100006FF480636B610423236420220023236384
:10C1100084F83C3084F83D200120BDE8F081731C98
:10C12000E2D046B900232022236384F83C3084F80F
:10C130003D200320F1E7FFF7D3FAA0EB0800B0425F
:10C14000D1D9EFE770B504460D46164621684B6914
:10C1500013F0400301D000200DE04A69D2060BD550
:10C160006FF010024A612022236484F83C3023637C
:10C17000012084F83D2070BD5DB9236C43F020039D
:10C180002364202384F83D30002384F83C300320CE
:10C19000F1E7FFF7A5FA801BA842D7D9EDE770B504
:10C1A00004460D46164623685B695B0701D50020EF
:10C1B00012E02046FFF748FF70B96A1CF3D065B95A
:10C1C000236C43F02003236420220023236384F89C
:10C1D0003C3084F83D20032070BDFFF781FA801BBE
:10C1E000A842E0D9ECE770B504460D461646236830
:10C1F0005B691B0601D5002012E02046FFF724FFF3
:10C2000070B96A1CF3D065B9236C43F02003236432
:10C2100020220023236384F83C3084F83D2003204F
:10C2200070BDFFF75DFA801BA842E0D9ECE7000083
:10C230002DE9F0431546026885B0DDE90C78994692
:10C24000136843F4807313600E46CDF800803B46BC
:10C2500000224FF001110446FFF70AFF20B1032628
:10C26000304605B0BDE8F08323681C4906F0FE06A1
:10C270001E613A4643462046FFF72FFF20B1236C4C
:10C28000042BECD10126EBE7236803905A69039253
:10C290009B690393424639462046039BFFF7A3FF61
:10C2A000064640B1236C042BD9D12268136843F4AD
:10C2B00000731360E6E7B9F1010F236802D1EDB214
:10C2C0001D61CDE72A0A1A61394642462046FFF72A
:10C2D0008AFF0028E6D12368F1E700BF02000100D1
:10C2E0002DE9FF479A46036815461A6842F48062B2
:10C2F0001A601A68DDE90C7842F480721A600E4602
:10C30000CDF800803B4600224FF001110446FFF7B4
:10C31000AFFE18B1032004B0BDE8F08723682E49B2
:10C320005FFA86F906F0FE061E613A46434620464D
:10C33000FFF7D3FE18B1236C042BEBD114E0236874
:10C3400003905A6903929B690393424639462046FB
:10C35000039BFFF748FF48B1236C042BDAD1226816
:10C36000136843F4007313600120D4E7BAF1010F9E
:10C37000236825D1EDB242461D6139462046FFF7BC
:10C3800032FF02460028E7D121680B6843F480732E
:10C390000B602046CDF800803B464FF00111FFF7BF
:10C3A00067FE0028B6D122680B4949F001031361EA
:10C3B000204643463A46FFF790FE0028ABD0BAE746
:10C3C0002A0A1A61394642462046FFF70CFF002828
:10C3D000C2D12368CEE700BF020001007047000011
:10C3E00038B50446002867D090F83D3003F0FF02CE
:10C3F0001BB980F83C20FFF7F1FF2268242384F862
:10C400003D30136823F00103136001F0D7FC2B4982
:10C410006268B0FBF1F1431E2948256882426960D9
:10C4200024D85200B3FBF2F2531C40F6FC720131E7
:10C430001342296230D10423EB61D4E9073213435C
:10C440002B60D4E903231343AB60D4E905321343D3
:10C45000EB602B6843F001032B6000202023206455
:10C4600084F83D30206384F83E0038BD4FF4967068
:10C4700041434FF47A70B1FBF0F101312962A168B8
:10C4800069B119214A43B3FBF2F30133C3F30B0340
:10C4900083B143F44043CFE7C3F30B03CCE702EB94
:10C4A0004202B3FBF2F20132C2F30B0313B143F4C5
:10C4B0000043C1E70123BFE70120D6E740420F0058
:10C4C000A0860100704710B5044698B10268242385
:10C4D00080F83D30136823F001031360FFF7F2FF8B
:10C4E0000020206484F83C0084F83D00206384F838
:10C4F0003E0010BD0120FCE72DE9F043044685B065
:10C5000098460C9F0D469146FFF7EAF894F83D30A7
:10C51000202B064604D00225284605B0BDE8F0834E
:10C5200000905F49192301222046FFF7A1FD002852
:10C53000F1D194F83C30012BEDD02168012384F82F
:10C540003C300B68DB075EBF0B6843F001030B60F8
:10C550000B6823F400630B60212384F83D30102323
:10C5600084F83E3000232364A3F58033A4F82A80A6
:10C57000E362638D2385E36AC4F82490042B04D01E
:10C58000012B02D013F5803F04D10B6843F4807374
:10C590000B6002E0236B122BF7D000963B46002283
:10C5A0004FF001112046FFF763FD002833D12369C6
:10C5B0002268B3F5804F20D105F0FE051561394999
:10C5C00033463A462046FFF788FD054610BB2368F0
:10C5D00003905A6903929B690393039B238D3BBB92
:10C5E00021680A6842F400720A60202284F83D2023
:10C5F00084F83C3084F83E308EE7EB1103F00603FC
:10C6000043F0F0031361284933463A462046FFF7CA
:10C6100064FD48B1236C236C042B4FF0000384F8B5
:10C620003C3014D1012577E72368EDB21D61C6E7E0
:10C63000324639462046FFF7D6FD50B1236C042B15
:10C6400005D12268136843F400731360EAE70325F9
:10C6500062E7616A2068228D4B1C63620B7803617C
:10C66000638D013B9BB26385D0F814C0531E9BB20F
:10C670001CF0040F23850AD04BB18B1C63624B78EE
:10C680000361638D013B9BB2023A6385228532468A
:10C6900039462046FFF783FD00289FD0CEE700BF34
:10C6A0000200100002000100080001002DE9F04323
:10C6B000044689B09846109F0E469146FFF710F841
:10C6C00094F83D30202B054604D00226304609B0B0
:10C6D000BDE8F08300909649192301222046FFF718
:10C6E000C7FC0028F1D194F83C30012BEDD0216833
:10C6F000012384F83C300B68D8075EBF0B6843F019
:10C7000001030B600B6823F400630B60222384F8A1
:10C710003D30102384F83E3000232364A3F580339A
:10C72000A4F82A80E362638D2385E36A0A68C4F86B
:10C73000249042F48062042B0A6004D0012B02D0C2
:10C7400013F5803F04D10B6843F480730B6002E063
:10C75000236B112BF7D000953B4600224FF00111BF
:10C760002046FFF785FC002830D122692368B2F506
:10C77000804F1CD146F00106F6B21E616D492B4672
:10C780003A462046FFF7A9FC0646F0B9238D2168FA
:10C79000002B49D0012B5BD10B6823F480630B6025
:10C7A00004904B6904938B690493049B42E04FEA25
:10C7B000E61808F0060848F0F0021A615E492B46B8
:10C7C0003A462046FFF789FC48B1236C236C042BC2
:10C7D0004FF0000384F83C3062D1012676E72368ED
:10C7E0005449F6B21E613A462B462046FFF775FCC7
:10C7F00002460028E9D12368079059690791996991
:10C8000007910799196841F48071196020460095D5
:10C810003B464FF00111FFF72BFC0028D6D12268D0
:10C8200048F0F1031361A9E703904B6903938B6907
:10C830000393039B0B6843F400730B60238D13BBBE
:10C84000202284F83D2084F83C3084F83E303DE7D7
:10C85000022B0B680DD123F480630B600B6843F44B
:10C8600000630B6005904B6905938B690593059BED
:10C87000E4E743F480630B6006904B6906938B6991
:10C880000693069BDAE7032B5AD8012B0AD12A46D6
:10C8900039462046FFF756FC08B3236C202B9CD169
:10C8A000032613E7022B254900953B464FF0000273
:10C8B000204622D1FFF7DCFB0028F1D123681A685B
:10C8C00042F400721A601A69636A591C61621A7034
:10C8D000238D013B2385638D013B9BB263852368D8
:10C8E0001A69636A591C61621A70238D013B2385A2
:10C8F000638D013B9BB26385A0E7FFF7B9FB02465E
:10C900000028CDD12368196821F480611960196964
:10C91000636A581C60621970238D0849013B2385A6
:10C92000638D013B9BB26385204600953B46C1E782
:10C9300002001000020001000800010004000100D4
:10C940002A4639462046FFF7FDFB0028A5D123687B
:10C950001A69636A591C61621A70238D013B238531
:10C96000638D013B9BB2638523685A6952077FF54B
:10C9700065AFB5E72DE9F043044685B01E4689460C
:10C980009046FEF7ADFE94F83D30202B074640F070
:10C990009C80B9F1000F03D1012005B0BDE8F08300
:10C9A000B8F1000FF8D094F83C30012B00F08D80E6
:10C9B00025684749012384F83C302B68DB075EBFBC
:10C9C0002B6843F001032B602B6823F400632B607A
:10C9D000212384F83D30202384F83E3000223D4B53
:10C9E0002264A4F82A80E362638D23852B68C4F84F
:10C9F000249043F480632B60009033462046FFF779
:10CA000037FB0246002841D1236802905969029100
:10CA10009B690293029B2369B3F5404F0ED12C49C9
:10CA2000009733462046FFF723FB00282ED12368CA
:10CA300003905A6903929B690393039B228DBAB9B1
:10CA4000009733464FF482312046FFF711FBE8B9D7
:10CA500023686FF480625A611A6822F480621A6057
:10CA6000202384F83D3084F83C0084F83E0094E7AD
:10CA70003A4631462046FFF7B6FB236840B11A68B4
:10CA800022F480621A60236C042B85D0032084E793
:10CA9000616A4A1C62620A781A61628D013A92B236
:10CAA0006285228D5D69501E80B26D072085C5D5D7
:10CAB0000028C3D0881C606249781961638D013BEE
:10CAC0009BB2023A63852285B8E7022065E700BF82
:10CAD000020001000000FFFF2DE9F043044685B08D
:10CAE0001F4689461646FEF7FBFD94F83D30202B85
:10CAF000804640F0AA80B9F1000F04D101252846F4
:10CB000005B0BDE8F083002EF8D094F83C30012B3E
:10CB100000F09B802568012384F83C302B68D907FE
:10CB200058BF2B684A495CBF43F001032B602B6858
:10CB300023F400632B60222384F83D30202384F803
:10CB40003E300022434B22646685E362638D238579
:10CB50002B68C4F8249043F480632B6000903B461C
:10CB60002046FFF785FA054600282FD1236802905A
:10CB70005A6902929B690293029B238DC3B926686E
:10CB80007369DB0641D5002303937269039232680F
:10CB900042F001023260039A326822F4806232600D
:10CBA000202284F83D2084F83C3084F83E30A6E70B
:10CBB000424639462046FFF7C5FA236840B11A6855
:10CBC00022F480621A60236C202B97D1032596E70C
:10CBD0001A69636A591C61621A70238D013B2385AF
:10CBE000638D013B9BB2638523685A695207C4D5A4
:10CBF0001A69636A591C61621A70238D013B23858F
:10CC0000638D013B9BB26385B7E72046FFF71CFAB3
:10CC100058B99FB9236C43F02003236420220023DA
:10CC2000236384F83C3084F83D202268136823F4A1
:10CC300080631360236C042BC8D15FE7FEF750FDBF
:10CC4000A0EB080087429AD2E4E7022557E700BF2D
:10CC5000020001000000FFFFF7B50F461146002259
:10CC6000019290F83D20202A044602D0022003B011
:10CC7000F0BD364A106846F2A812B0FBF2F0192255
:10CC800050430190019A501E01903AB9202322632B
:10CC900084F83C2084F83D300320E8E72568AA6941
:10CCA0009007EFD494F83C20012ADFD0012284F8C9
:10CCB0003C202A68D2075EBF2A6842F001022A603F
:10CCC0002A6822F400622A60212284F83D2000268E
:10CCD000102284F83E20266463851D4BE362638D39
:10CCE00061629BB2238567640BB3606B194AC263B0
:10CCF000194AC264C0E9106605F11002866406652F
:10CD0000FEF722FF23681A6842F480621A601A68EC
:10CD100042F480721A6084F83C605A6842F44072AF
:10CD20005A605A6842F400625A6000209FE72A68FD
:10CD300042F480622A602A6842F480722A6084F891
:10CD40003C306B6843F4E0636B60EEE7000000206A
:10CD50000000FFFF7BD7040847D7040873B50446DB
:10CD60000020019094F83D00202802D0022002B05B
:10CD700070BD364846F2A8150068B0FBF5F01925DD
:10CD8000684301900198451E019538B9202320631E
:10CD900084F83C0084F83D300320E8E72568A86962
:10CDA0008607EFD494F83C000128DFD0012084F8F6
:10CDB0003C002868C0075EBF286840F0010028607A
:10CDC000286820F400602860222084F83D000026B6
:10CDD000102084F83E00266463851D4BE362638D5A
:10CDE00062629BB2238561640BB3A06B1949C16376
:10CDF0001949C164C0E910668664066505F1100131
:10CE0000FEF7A2FE23681A6842F480621A601A686C
:10CE100042F480721A6084F83C605A6842F44072AE
:10CE20005A605A6842F400625A6000209FE72A68FC
:10CE300042F480622A602A6842F480722A6084F890
:10CE40003C306B6843F4E0636B60EEE70000002069
:10CE50000000FFFF7BD7040847D7040873B5002301
:10CE60000446019394F83D30202B104602D0022056
:10CE700002B070BD002959D0002A57D02C4B46F281
:10CE8000A8121B68B3FBF2F3192253430193019BD1
:10CE90005A1E01923BB92022236384F83C3084F867
:10CEA0003D200320E4E723689A699507EFD494F8BE
:10CEB0003C20012ADBD0012284F83C201A681D4E58
:10CEC000D2075EBF1A6842F001021A601D681A4656
:10CED00025F40065212342F8105B84F83D302023BF
:10CEE00084F83E300025144B25646085E362638D31
:10CEF000606B61629BB22385C663104EC664C0E955
:10CF0000105585640565FEF71FFE23681A6842F414
:10CF100080621A6084F83C505A6842F440725A6049
:10CF20005A6842F400625A602846A1E701209FE750
:10CF3000000000207BD704080000FFFF47D704084B
:10CF400073B50023019390F83D30202B04460E4624
:10CF500002D0022002B070BD00295AD0002A58D059
:10CF60002D4B46F2A8111B68B3FBF1F319214B437B
:10CF70000193019B591E01913BB92022236384F840
:10CF80003C3084F83D200320E4E723689969880752
:10CF9000EFD494F83C100129DBD0012184F83C1037
:10CFA0001968C9075EBF196841F001011960186866
:10CFB000194620F40060222341F8100B84F83D301C
:10CFC000202384F83E300025144B25646285E362FB
:10CFD000638DA06B124A66629BB22385C263114ABD
:10CFE000C264C0E91055324685640565FEF7ACFDA4
:10CFF00023681A6842F480621A6084F83C505A68C8
:10D0000042F440725A605A6842F400625A602846FC
:10D01000A0E701209EE700BF000000200000FFFF06
:10D020007BD7040847D704082DE9F34704469A46FE
:10D030000C9E88469146FEF753FB94F83D30202B1A
:10D04000054603D0022002B0BDE8F08700903F49BA
:10D05000192301222046FFF70BF80028F2D194F89B
:10D060003C30012BEED02068012384F83C3003686B
:10D07000DA075EBF036843F001030360036823F42B
:10D0800000630360212384F83D30402384F83E3060
:10D090000A9B63620027BDF82C30276463852C4B04
:10D0A000E362638D23854A46CDE9006553464146D8
:10D0B0002046FFF7BDF8002830D0236C84F83C7080
:10D0C000042B0DD10120BEE7FFF78DF850B1236C82
:10D0D000042B05D12268136843F400731360F1E751
:10D0E0000320B0E7616A2768228D4B1C63620B78CE
:10D0F0003B61638D013B9BB263857B69501E80B2AF
:10D100005B0720850AD548B18B1C63624B783B6175
:10D11000638D013B023A9BB222856385238D2A46AB
:10D1200031462046002BCFD1FFF739F80028CED169
:10D130002268136843F400731360202384F83D30A1
:10D1400084F83C0084F83E007DE700BF0200100038
:10D150000000FFFF2DE9F047044686B09A46109F75
:10D160000D469146FEF7BCFA94F83D30202B06465A
:10D1700004D00225284606B0BDE8F0870090754926
:10D18000192301222046FEF773FF0028F1D194F8FD
:10D190003C30012BEDD02068012384F83C3003683B
:10D1A000D9075EBF036843F001030360036823F4FB
:10D1B00000630360222384F83D30402384F83E302E
:10D1C0000E9B63624FF00008BDF83C30C4F840800D
:10D1D0006385614BE362638D23852946CDE9007643
:10D1E00053464A462046FFF77BF8054630B1236C8C
:10D1F00084F83C80042B4BD10125BBE7228D2368AA
:10D20000A2B902905A6902929A690292029A1A6825
:10D2100042F400721A60238D002B2CD1202284F856
:10D220003D2084F83C3084F83E30A3E7012A0AD13F
:10D230001A6822F480621A6003905A6903929A690C
:10D240000392039AE3E7022A0ED11A6822F480625D
:10D250001A601A6842F400621A6004905A690492D3
:10D260009B690493049BD6E705905A6905929B69D4
:10D270000593059BCFE7032B52D8012B0AD13246E9
:10D2800039462046FEF75EFF08B3236C202BB3D14E
:10D2900003256FE7022B314900963B464FF0000211
:10D2A000204622D1FEF7E4FE0028F1D123681A6857
:10D2B00042F400721A601A69636A591C61621A703A
:10D2C000238D013B2385638D013B9BB263852368DE
:10D2D0001A69636A591C61621A70238D013B2385A8
:10D2E000638D013B9BB2638595E7FEF7C1FE024665
:10D2F0000028CDD12368196821F48061196019696B
:10D30000636A581C60621970238D1449013B2385A0
:10D31000638D013B9BB26385204600963B46C1E787
:10D32000324639462046FEF70DFF0028ADD123686E
:10D330001A69636A591C61621A70238D013B238547
:10D34000638D013B9BB2638523685A6952077FF561
:10D3500062AFBDE7020010000000FFFF0400010003
:10D360002DE9F04F044685B09A46002302930E9FA4
:10D37000BDF83C6088469146FEF7B2F994F83D301E
:10D38000202B03D0022005B0BDE8F08F384B1D687C
:10D3900046F2A813B5FBF3F519235D430295029BF2
:10D3A0005A1E029243B92363202384F83D300023A0
:10D3B00084F83C300320E6E72568AB699A07EED491
:10D3C00094F83C30012BDDD0012384F83C302B68ED
:10D3D000DB075EBF2B6843F001032B602B6823F44F
:10D3E00000632B60212384F83D30402384F83E30D5
:10D3F0004FF0000B1F4BC4F840B06762668526856E
:10D40000E362002E31D02323019000934A46534615
:10D4100041462046FEF70CFF054630B1236C042B35
:10D42000C5D184F83CB00120ADE7606B124B226897
:10D43000C363124BC36410323346C0E91055856490
:10D4400005653946FEF780FB236803955A69039208
:10D450009A69039284F83C50039A5A6842F48072A5
:10D460005A605A6842F400625A6000208BE700BF9D
:10D47000000000200000FFFF7BD7040847D7040806
:10D480002DE9F047044686B09A46002303930E9F89
:10D49000BDF83C6088469146FEF722F994F83D308D
:10D4A000202B03D0022006B0BDE8F0874B4B1D684F
:10D4B00046F2A813B5FBF3F519235D430395039BCF
:10D4C0005A1E039243B92363202384F83D3000237E
:10D4D00084F83C300320E6E72568AB699A07EED470
:10D4E00094F83C30012BDDD0012384F83C302B68CC
:10D4F000DB075EBF2B6843F001032B602B6823F42E
:10D5000000632B60222384F83D30402384F83E30B2
:10D5100000232364A3F580336685E362638D67622D
:10D520009BB223222385CDE90020002B3DD053461A
:10D530004A4641462046FEF7D3FE034638B1236CE7
:10D54000042BC4D1002384F83C300120ABE7A06B4E
:10D55000234A2168C263234AC264C0E910333A46B1
:10D560008364036510313346FEF7EEFA2368012E1B
:10D570000BBF1A685A6822F4806242F480520CBFD2
:10D580001A605A60002204925969049199690491C1
:10D5900084F83C2004995A6842F480725A605A68B0
:10D5A00042F400625A6000207DE753464A464146F5
:10D5B0002046FEF795FE0028C1D1236805905A69E0
:10D5C00005929A690592059A1A6842F400721A60E7
:10D5D000202384F83D3084F83C00E4E7000000207C
:10D5E0007BD7040847D704082DE9FF4704461F46A8
:10D5F00089469246FEF774F894F83D30202B054694
:10D6000003D0022004B0BDE8F08700904A491923F6
:10D6100001222046FEF72CFD0028F2D194F83C3080
:10D62000012BEED0012384F83C3023681A68D2071E
:10D630005EBF1A6842F001021A601A6822F40062A2
:10D640001A60242384F83D3000263C4B266409F000
:10D65000FE09E3622268136843F4807313604FF09D
:10D66000011100953B4600222046FEF701FD08B15E
:10D670000320C7E72368C3F81090FEF731F823684A
:10D6800059695B6994F83D200546C1F34001C3F335
:10D690008023D2B24FF0A0080B4301D1A02A21D1A0
:10D6A00020684FF0200884F83D80436913F0020F92
:10D6B000036843F40073036028D000230393436995
:10D6C000039383690393039B1B490095192301224C
:10D6D0002046FEF7CDFC0028CAD184F83D8084F8AE
:10D6E0003C008FE767B984F83D80236859695B691E
:10D6F00094F83D20C1F34001C3F38023D2B2CBE7BD
:10D70000FDF7EEFF401BB842EDD8EEE76FF4806303
:10D71000436109490095192301222046FEF7A8FC20
:10D720000028A5D10136B24594D884F83C0084F88D
:10D730003D80012066E700BF020010000000FFFFEF
:10D7400070477047704710B5846BFEF7FDFA0228EA
:10D7500012D02268136823F4806313600023202210
:10D76000638584F83D2084F83E30236C43F0100339
:10D7700023642046FFF7E6FF10BD08B5806B90F8E4
:10D780003D3090F83E20212BD9B2D2B2036803D0AD
:10D7900022290CD1202A0AD15A6822F400625A6048
:10D7A000002242855A6842F440725A6008BD1A68E5
:10D7B00022F480621A601A6842F400721A605A6891
:10D7C00022F480525A605A6822F400625A600023A0
:10D7D0004385036C13B1FFF7B5FFE7E7202280F81C
:10D7E0003D2090F83E2080F83E30402A02D1FFF7DD
:10D7F000A8FFDBE7FFF7A4FFD8E790F83D007047EC
:10D800004FF4807393FAA3F3B3FA83F303F18453D1
:10D8100003F560339B0001221A6070470B4A1368BE
:10D8200023F0030303431360094B1A69012942F0F3
:10D8300004021A6105D130BF1A6922F004021A618C
:10D84000704740BF20BF20BFF6E700BF0070004018
:10D8500000ED00E0054A136843F002031360044A38
:10D86000136943F00403136130BF70470070004038
:10D8700000ED00E04FF4007393FAA3F3B3FA83F3DF
:10D8800003F1845303F560339B0001221A60704753
:10D890000368F7B50446D8073BD42368990700F11D
:10D8A000868023681E0700F1D18023685D072AD592
:10D8B000002301938F4B904D1A6C42F080521A64F2
:10D8C0001B6C03F080530193019B2B6843F480731E
:10D8D0002B60FDF705FF06462B68DA0540F1DA807C
:10D8E000A368844D012B40F0DC802B6F43F00103D3
:10D8F0002B67FDF7F5FE7F4E054641F28837336F03
:10D900009B0740F1EF80A269002A40F0F9800020D7
:10D9100015E0784B9A6802F00C02042A07D09A6846
:10D9200002F00C02082A0CD15B685A0209D5714B2F
:10D930001B689B03B1D56368002BAED1012003B0F7
:10D94000F0BD63686B4DB3F5803F11D12B6843F494
:10D9500080332B60FDF7C4FE664E054633689F0397
:10D960009BD4FDF7BDFE401B6428F7D90320E6E7F2
:10D97000B3F5A02F04D12B6843F480232B60E5E797
:10D980002A6822F480322A602A6822F480222A60DF
:10D99000002BDFD1FDF7A4FE06462B6898037FF528
:10D9A0007CAFFDF79DFE801B6428F6D9DEE7514B66
:10D9B0009A6812F00C0F07D09A6802F00C02082A3D
:10D9C00016D15B68590213D44A490B689A0702D5ED
:10D9D000E368012BB2D10B682069F82292FAA2F217
:10D9E000B2FA82F223F0F803904003430B6058E749
:10D9F000E268424BDAB101221A60FDF771FE3D4D3B
:10DA000006462B689B070CD52B682169F82292FAF1
:10DA1000A2F2B2FA82F223F0F80391400B432B609A
:10DA20003FE7FDF75DFE801B0228EAD99EE71A60FA
:10DA3000FDF756FE2F4E054633689F077FF531AF41
:10DA4000FDF74EFE401B0228F6D98FE762692B4B8B
:10DA500082B10122C3F8802EFDF742FE254E054615
:10DA6000736F98073FF521AFFDF73AFE401B022880
:10DA7000F6D97BE7C3F8802EFDF732FE1D4E054632
:10DA8000736F99077FF511AFFDF72AFE401B02283F
:10DA9000F6D96BE7FDF724FE801B02287FF61CAF4A
:10DAA00064E7052B04D12B6F43F004032B671CE7BD
:10DAB0002A6F22F001022A672A6F22F004022A67E5
:10DAC000002B7FF416AFFDF70BFE41F288370646B8
:10DAD0002B6F98077FF517AFFDF702FE801BB8424A
:10DAE000F6D943E7FDF7FCFD401BB8427FF607AFD0
:10DAF0003CE700BF00380240007000400000474291
:10DB00002C4DAB6803F00C03082B3FF417AF2A4BE6
:10DB1000022A4FF000021A663FD1FDF7E1FD0646EA
:10DB20002B68990133D4D4E9073243EA0201636ACE
:10DB300047F6C07292FAA2F2B2FA82F2934043EA36
:10DB40000102A36A5B08013B4FF4403191FAA1F155
:10DB5000B1FA81F18B401343E26A4FF0706191FAA0
:10DB6000A1F1B1FA81F18A4013436B60124B114D60
:10DB700001221A66FDF7B4FD04462B689A013FF5B1
:10DB8000C6AEFDF7ADFD001B0228F6D9EEE6FDF7A7
:10DB9000A7FD801B0228C3D9E8E6FDF7A1FD0446D6
:10DBA0002B689B017FF5B3AEFDF79AFD001B0228A1
:10DBB000F6D9DBE600380240000047421E4B9A6867
:10DBC00002F00C02042A32D0082A32D159685A686D
:10DBD00012F4800F01F03F0147F6C0721BD0586865
:10DBE00092FAA2F31040B3FA83F3D840134B584390
:10DBF000B0FBF1F08000104B5B684FF4403203F44F
:10DC0000403392FAA2F2B2FA82F2D34001335B00BF
:10DC1000B0FBF3F070470A48B0FBF1F1586892FA94
:10DC2000A2F31040B3FA83F3D8404843E3E7054832
:10DC300070470348704700BF00380240105E5F0025
:10DC40000024F40040787D01554B1A6802F00F0261
:10DC50008A422DE9F04104460D462FD322689607EB
:10DC600036D4D0073CD44E4B1A6802F00F02AA42B9
:10DC700000F286802268510700F18A80130707D5D9
:10DC8000484A2169936823F4604343EAC1039360DF
:10DC9000FFF794FF434B9B68F02203F0F00392FAE6
:10DCA000A2F2B2FA82F2D3403F4AD35CD8403F4B53
:10DCB00018600020FDF700FD002007E0CAB21A70CE
:10DCC0001B6803F00F038B42C8D00120BDE8F08130
:10DCD0003449A0688B6823F0F00303438B60C0E7EE
:10DCE0006268304B012A1DD11B6813F4003FECD051
:10DCF0002C4EB36823F003031343B360FDF7F0FC2D
:10DD00006368012B074641F2883815D1B36803F0E8
:10DD10000C03042BA7D0FDF7E3FCC01B4045F5D94D
:10DD20000320D3E7911E01291B6802D813F0007F5E
:10DD3000DDE713F0020FDAE7022B0AD1B36803F034
:10DD40000C03082B8FD0FDF7CBFCC01B4045F5D949
:10DD5000E6E7032B0FD1B36803F00C030C2B82D042
:10DD6000FDF7BEFCC01B4045F5D9D9E7FDF7B8FC6F
:10DD7000C01B4045D4D8B36813F00C0FF6D172E73E
:10DD8000EAB21A701B6803F00F03AB429DD171E732
:10DD90000449E0688B6823F4E05303438B606DE72C
:10DDA000003C024000380240A4A105080000002009
:10DDB000014B1868704700BF00000020084B18682E
:10DDC000084B9B684FF4E05203F4E05392FAA2F23E
:10DDD000B2FA82F2D340044AD35CD840704700BF05
:10DDE00000000020003802409CA10508084B18687C
:10DDF000084B9B684FF4604203F4604392FAA2F22E
:10DE0000B2FA82F2D340044AD35CD840704700BFD4
:10DE100000000020003802409CA10508036813F0B0
:10DE2000050FF7B5044638D123689A0730D500238B
:10DE300001934E4B4E4D1A6C42F080521A641B6C8B
:10DE400003F080530193019B2B6843F480732B6094
:10DE5000FDF746FC06462B68D80556D5434D2B6F7B
:10DE600013F4407357D1236903F44072B2F5407F35
:10DE70003E4A71D1916823F0704021F4F81120F4EA
:10DE8000407001439160116FC3F30B030B431367A1
:10DE900023681B0764D4002035E0364B334D002245
:10DEA0009A66FDF71DFC06462B681B0125D4D4E9B4
:10DEB000011347F6C07292FAA2F2B2FA82F29340CC
:10DEC00043EA0102E368294E4FF0E04191FAA1F1E3
:10DED000B1FA81F18B401343C5F88430254B012200
:10DEE0009A66FDF7FDFB054633681F019CD4FDF7DC
:10DEF000F7FB401B0228F7D904E0FDF7F1FB801B7C
:10DF00000228D1D9032003B0F0BDFDF7E9FB801B47
:10DF10000228A0D9F6E7226902F440729342A2D007
:10DF20002B6F144A0121C2F8401E23F440730021D4
:10DF3000C2F8401E2B672B6FD90794D5FDF7D0FB95
:10DF400041F2883706462B6F9A078CD4FDF7C8FB41
:10DF5000801BB842F7D9D5E7916821F4F81191E711
:10DF6000054B227DC3F8E02195E700BF0038024051
:10DF7000007000400000474200104742026838B578
:10DF8000D36823F0A003D3600446FDF7A9FB054640
:10DF90002368DB689B0601D5002038BDFDF7A0FB98
:10DFA000401BB0F57A7FF3D90320F6E738B5036854
:10DFB000DA685206044601D5002038BD4FF0FF3222
:10DFC000DA60FDF78DFB05462368DB685B06F3D45A
:10DFD000FDF786FB401BB0F57A7FF5D90320ECE70F
:10DFE0000023092803D840EA0310C0B270470A385A
:10DFF0000133C0B2F5E72DE9F041037F012B05465F
:10E000000E464FF002072ED00168477701230377B1
:10E0100030787478B7788B6842BB13F0400308BF40
:10E02000F370FFF7DDFF80462046FFF7D9FF044677
:10E030003846FFF7D5FFF37840EA034343EA084345
:10E0400043EA0424CA234B6253234B622846FFF75A
:10E05000ADFF2A680746A8B1FF23536204236B77FC
:10E0600000232B7701273846BDE8F08113F04003E9
:10E0700008BFF3702402F37844EA00443C4344EAC6
:10E080000344DFE704F07F3424F0FE441460936817
:10E0900023F480239360D6E90330916803430B4354
:10E0A0009360D36823F08003D360946814F0200455
:10E0B0000AD12846FFF762FF30B12B68FF225A626F
:10E0C00004236B772C77CDE72B68FF225A6201235C
:10E0D0006B7700232B77C6E7F8B5037F012B054646
:10E0E0004FF002061FD00123037746770E784C7855
:10E0F0008F78C8787603C2B146EA00433B4343EACF
:10E1000004242B68CA225A6253225A622846FFF717
:10E110004DFF2A680646F0B1FF23536204236B7754
:10E1200000232B7701263046F8BDE30641BF24F0DB
:10E1300010040A34E4B24C70FFF752FF0146204647
:10E14000FFF74EFF04463846FFF74AFF40EA060352
:10E1500043EA0143D3E724F07F4424F0C004546031
:10E16000D36823F08003D360946814F020040AD1AC
:10E170002846FFF703FF30B12B68FF225A620423C1
:10E180006B772C77CEE72B68FF225A6201236B77DF
:10E1900000232B77C7E7030903EB830300F00F008D
:10E1A00000EB4300C0B270470368986A70B54860DE
:10E1B00018691C68C0F30E00C4F30645C4F30626B4
:10E1C000886005F04003C4F3054004F07F04087044
:10E1D0004E708C70CB7052B9FFF7DDFF087030467F
:10E1E000FFF7D9FF48702046FFF7D5FF8870002061
:10E1F00070BD38B503685B68C3F30740C3F30425FB
:10E2000003F03F04C3F34233C8704D708C700B7041
:10E2100052B9FFF7C0FFC8702846FFF7BCFF48702F
:10E220002046FFF7B8FF8870002038BD2DE9F8437D
:10E230009846037F012B04460F4616464FF0020016
:10E240002AD02568607701232377CA236B62532382
:10E250006B62EB68DA0306D5FDF742FA8146256862
:10E26000EB68DB030AD446EA0806FF233E43EE636D
:10E2700000206B620123637720770DE0FDF730FA11
:10E28000A0EB0900B0F57A7FE9D92368FF225A6232
:10E290000320002360772377BDE8F883037F012BF9
:10E2A00002464FF0020016D013685077CA20586219
:10E2B00053205862986820F40020986098680143C1
:10E2C0009960996841F400019960FF21596200202A
:10E2D0000123537710777047027F012A03464FF0DE
:10E2E00002000FD01A685877CA2151625321516237
:10E2F000916821F400019160FF2151620020012208
:10E300005A77187770472DE9F041069F04468846F2
:10E3100016461D462268936838EA03030CBF0123A2
:10E320000023B34201D100202BE06B1CF3D055BB7E
:10E3300023685A6822F0E0025A606268B2F5827F70
:10E340000AD1A268B2F5004F02D0B2F5806F03D1B6
:10E350001A6822F040021A60A26AB2F5005F09D181
:10E360001A6822F400521204120C1A601A6842F45D
:10E3700000521A60012384F85130002384F8503091
:10E380000320BDE8F081FDF7ABF9C01BA842C1D363
:10E39000CEE713B50B460092802100220446FFF71A
:10E3A000B2FF20B1636D43F020036365032002B028
:10E3B00010BD704710B50446002836D00023836294
:10E3C00090F8513003F0FF021BB980F85020FFF79E
:10E3D000F0FF2168A269022384F851300B6823F012
:10E3E00040030B60D4E901300343E0680343206934
:10E3F000034360690343E0690343206A0343A06A5F
:10E40000034302F4007003430B60120C636A02F0D2
:10E4100004021A434A60CB6923F40063CB610020F5
:10E420000123606584F8513010BD0120FCE770477E
:10E4300010B5044680B10268022380F85130136899
:10E4400023F040031360FFF7F2FF0020606584F8BB
:10E45000500084F8510010BD0120FCE72DE9F04385
:10E460001E4690F85030012B85B004460D4691466B
:10E4700000F0A080012380F85030FDF731F994F8C6
:10E480005130012B8046DFB240F09280002D4FD0FA
:10E49000B9F1000F4CD0032384F85130A2682563F2
:10E4A00000236365C4E91033A4F83690A363E387BF
:10E4B000A3872368A4F83490B2F5004F08BF1A6808
:10E4C000E16804BF42F480421A601A6852065EBFD7
:10E4D0001A6842F040021A60B1F5006F62683AD1E2
:10E4E0001AB1E28E92B2012A06D135F8022BDA6017
:10E4F000E38E013B9BB2E386E38E9BB293B9CDF8EA
:10E5000000803346012202212046FFF7FCFE70B94D
:10E51000424631462046FFF73CFF00283AD02023F0
:10E52000636505E023689A689007DED456B903272F
:10E53000012384F85130002384F85030384605B068
:10E54000BDE8F083711CD7D0FDF7CAF8A0EB080036
:10E55000B042D1D3EBE71AB1E28E92B2012A06D1D2
:10E5600015F8012B1A73E38E013B9BB2E386E38E11
:10E570009BB2002BC3D023689A689207F0D4002E78
:10E58000D5D0731CF3D0FDF7ABF8A0EB0800B04278
:10E59000EDD3CCE7A36833B903932368DA68039219
:10E5A0009B680393039B676D003F18BF0127BFE77C
:10E5B0000227BDE70227C1E72DE9F0431F4690F887
:10E5C000503085B0012BDDF8308004460D461646EC
:10E5D00000F0E280012380F85030FDF781F894F8D4
:10E5E00051306268012B8146D9B20AD0B2F5827FE0
:10E5F00040F0D080A368002B40F0CC80042940F08C
:10E60000C98005B14EB90120012384F8513000239F
:10E6100084F8503005B0BDE8F083002FF3D094F8B3
:10E620005130A663012B04BF052384F85130002329
:10E630006365C4E910332368E787E7861968A7870D
:10E64000480658BF1968256358BF41F04001A786A6
:10E6500058BF1960E168B1F5006F51D11AB1E28E6F
:10E6600092B2012A06D135F8022BDA60E38E013B23
:10E670009BB2E3860127E38E9BB2B3B9E38F9BB2D3
:10E680009BB9CDF800904346012202212046FFF7B6
:10E690003AFE002832D14A4641462046FFF779FE2D
:10E6A00000286BD020236365ADE777B1E38E9BB282
:10E6B0005BB123689A68910707D535F8022BDA60B9
:10E6C000E38E013B9BB2E3860027E38F9BB263B1ED
:10E6D00021688A6812F0010207D0CB6826F8023B55
:10E6E000E38F013B9BB2E3871746B8F1FF3FC2D0EF
:10E6F000FCF7F6FFA0EB09004045BCD3032083E7FD
:10E700001AB1E28E92B2012A06D115F8012B1A73C2
:10E71000E38E013B9BB2E3860127E38E9BB21BB9DC
:10E72000E38F9BB2002BACD077B1E38E9BB25BB191
:10E7300023689A68920707D515F8012B1A73E38EA0
:10E74000013B9BB2E3860027E38F9BB263B1216854
:10E750008A6812F0010207D0CB6806F8013BE38F0C
:10E76000013B9BB2E3871746B8F1FF3FD5D0FCF7DA
:10E77000B7FFA0EB09004045CFD3BFE7A368002B4C
:10E780007FF442AF23680390DA6803929B68039397
:10E79000039B39E7022037E702203BE72DE9F341ED
:10E7A0001E464368B3F5827F04460D4617460CD1DA
:10E7B000836853B9042380F85130134600960A4603
:10E7C000FFF7FAFE02B0BDE8F08194F85030012B5B
:10E7D00000F08280012384F85030FCF781FF94F828
:10E7E0005130012B8046D8B274D1002D57D0002F64
:10E7F00055D0A268A787042384F8513000212368EC
:10E800006165B2F5004FE787E18608BF1A68A56326
:10E8100008BF22F48042C4E910112163A18608BF19
:10E820001A601A6857065EBF1A6842F040021A6002
:10E83000E368CBB1E38F9BB2D3B123689A68D20768
:10E840003DD5DB6825F8023BE38F013B9BB2E387B4
:10E85000F0E723689A68D0071FD51B7B05F8013BBA
:10E86000E38F013B9BB2E387E38F9BB2002BF0D198
:10E870006368B3F5827F0BD1A368B3F5004F02D074
:10E88000B3F5806F04D12268136823F0400313604E
:10E89000606D003818BF012001E03EB9032001235C
:10E8A00084F85130002384F850308BE7711CDBD0A2
:10E8B000FCF716FFA0EB0800B042D5D3EEE7002E20
:10E8C000ECD0731CB6D0FCF70BFFA0EB0800B042F5
:10E8D000B0D3E3E70220E2E7022073E710B590F837
:10E8E0005030012B044646D0012380F8503090F878
:10E8F0005130012BD8B23CD1002936D0002A34D077
:10E90000032384F8513000236365C4E91033E286A1
:10E91000A363E387A387A368A2862268A06C216310
:10E92000B3F5004F02BF136843F480431360134BE9
:10E930000364134BC363134BC36400230365E38E6B
:10E940000C329BB2FDF700F923681A6852065EBFCD
:10E950001A6842F040021A605A6842F020025A6077
:10E960005A6842F002025A600020002384F85030B6
:10E9700010BD0220F9E70220FAE700BF4DEB0408C2
:10E9800093EB040871EB040838B5044690F8500086
:10E99000012865D0012084F8500094F85100012826
:10E9A000C5B208D06068B0F5827F55D1A068002854
:10E9B00052D1042D50D1002950D0002A4ED0002B26
:10E9C0004CD094F85100A386012804BF052084F898
:10E9D000510000206065E386E387A38794F85130F7
:10E9E0002163042BC4E9100019BF1E491E4B1F49A7
:10E9F0001F4BE06CA263C0E90F311E4B2168C3645A
:10EA0000E38F00259BB20C310565FDF79DF8226868
:10EA1000A06C5368216B43F001035360E38E0C320A
:10EA20009BB2C0E90F55C0E91355FDF78DF8236877
:10EA30001A6852065EBF1A6842F040021A605A68AD
:10EA400042F020025A605A6842F002025A600020E6
:10EA5000002384F8503038BD0220F9E70120F7E7A1
:10EA60000220F8E765EB040845EC040859EB0408BC
:10EA7000F5EB040871EB040870B5866804460D4692
:10EA800013465EB94268B2F5827F07D1042280F84E
:10EA90005120BDE870400A46FFF776BF94F8502039
:10EAA000012A47D0012284F8502094F85120012AED
:10EAB000D0B23DD1002D37D0002B35D0042284F8C0
:10EAC00051202168A38700226265B6F5004FE387D5
:10EAD000E28608BF0B68E06CA28608BF23F480437F
:10EAE000C4E91022A56308BF0B60134B0364134BEA
:10EAF000C363134BC36400230365E38F2A469BB2B1
:10EB00000C31FDF721F823681A6852065EBF1A68B7
:10EB100042F040021A605A6842F020025A605A6875
:10EB200042F001025A600020002384F8503070BD8A
:10EB30000220F9E70220FAE759EB0408F5EB040894
:10EB400071EB0408704770477047704708B5806BD9
:10EB5000FFF7FBFF08BD704708B5806BFFF7FBFFB1
:10EB600008BD704708B5806BFFF7FBFF08BD704715
:10EB7000806B026808B5536823F003035360436D4C
:10EB800043F010034365012380F85130FFF7EFFF96
:10EB900008BD37B50546846BFCF7A2FD2B681B68E2
:10EBA000DB05024622D421684B6823F002034B6048
:10EBB00020466421FFF7EDFB18B1636D43F020039D
:10EBC0006365A36833B901932368DA6801929B688F
:10EBD0000193019B0023E386012384F85130636D88
:10EBE00023B12046FFF7C3FF03B030BD2046FFF737
:10EBF000A9FFF9E708B50346806B1B681B68DB05B6
:10EC00001DD403685A6822F003025A604268B2F5C4
:10EC1000827F0AD18268B2F5004F02D0B2F5806FD0
:10EC200003D11A6822F040021A600023C38701232F
:10EC300080F85130436D13B1FFF799FF08BDFFF71E
:10EC400082FFFBE738B50546846BFCF749FD2B686E
:10EC50001B68DB05024619D464212046FFF799FBA7
:10EC600018B1636D43F0200363652268536823F095
:10EC7000030353600023E386E387012384F85130C4
:10EC8000636D1BB12046FFF772FF38BD2046FFF7CA
:10EC90005BFFFAE7036A23F0010370B50362036ABE
:10ECA000446882690D6822F073022A438D6823F05C
:10ECB00002032B430A4DA8420BD1CD6823F0080371
:10ECC0002B43D1E9055624F44074354323F0040363
:10ECD0002C43446082614A684263036270BD00BF96
:10ECE00000000140036A23F4807370B50362036A75
:10ECF0004468C2690D6822F073022A438D6823F4C8
:10ED0000007343EA05230B4DA8420DD1CD6823F4CF
:10ED1000006343EA0523D1E9055624F44054354302
:10ED200023F4806344EA05144460C2614A68C26304
:10ED3000036270BD00000140036A23F4805330B5C4
:10ED40000362036A4468C2690D6822F4E64242EA3B
:10ED500005228D6823F4005343EA0533064DA8428B
:10ED600002BF4D6924F4804444EA85144460C261C2
:10ED70004A680264036230BD0000014070470268C7
:10ED8000022380F83930136843F001031360012334
:10ED900080F8393000207047022380F8393003684A
:10EDA000196A41F21112114208D1196A40F2444223
:10EDB000114202BF1A6822F001021A60012380F892
:10EDC0003930002070470368DA6842F00102DA60E7
:10EDD0001A6842F001021A60002070477047036809
:10EDE00089B1042907D01A6A22F001021A621A6A4C
:10EDF00042F001021A621A6A22F010021A621A6ABA
:10EE000042F0100206E01A6A22F001021A621A6A3F
:10EE100042F001021A621A6842F001021A600020F0
:10EE20007047704770477047704703681A699107C9
:10EE300010B504460ED5DA6892070BD56FF00202C2
:10EE40001A61012202769B699B0777D0FFF7EAFFE0
:10EE50000023237623681A69500710D5DA68510712
:10EE60000DD56FF004021A61022222769B6913F419
:10EE7000407F204668D0FFF7D5FF00232376236824
:10EE80001A6912070FD5DA6810070CD56FF008025F
:10EE90001A6104222276DB69990720465AD0FFF7CF
:10EEA000C1FF0023237623681A69D20610D5DA68D9
:10EEB000D0060DD56FF010021A6108222276DB69A8
:10EEC00013F4407F20464BD0FFF7ACFF002323769E
:10EED00023681A69D10708D5DA68D20705D56FF01B
:10EEE00001021A61204605F0C1FD23681A69100667
:10EEF00008D5DA68110605D56FF080021A61204640
:10EF000000F065FB23681A69520608D5DA685006D6
:10EF100005D56FF040021A612046FFF785FF236890
:10EF20001A69910622D5DA6892061FD56FF0200281
:10EF300020461A61BDE8104000F048BBFFF771FFA2
:10EF40002046FFF770FF83E7FFF76BFF2046FFF7D0
:10EF50006AFF92E7FFF765FF2046FFF764FFA0E72F
:10EF6000FFF75FFF2046FFF75EFFAFE710BD000031
:10EF7000194A036890420ED0B0F1804F0BD0A2F531
:10EF80007C42904207D002F58062904203D002F5A5
:10EF90008062904208D14A6823F070031343CA6824
:10EFA00023F4407313430AE00C4A9042F7D002F571
:10EFB00080629042F3D002F580629042EFD003600D
:10EFC0008B68C3620B688362034B984204BF0B6972
:10EFD000036301234361704700000140004001408A
:10EFE00010B50446A0B190F8393003F0FF021BB908
:10EFF00080F83820FFF7C2FE0223206884F83930F9
:10F00000211DFFF7B5FF012384F83930002010BD22
:10F010000120FCE7F8B50C460546002840D090F8E2
:10F02000393003F0FF021BB980F83820FFF7D6FE15
:10F030002946022385F8393051F8040B836823F000
:10F0400007038360FFF794FF816822688369A669DC
:10F05000076A1143A26823F4407323F0030342EAD2
:10F0600006221A432369E6691B0143EA0623E66880
:10F070003343266A22F47C4222F0FC0243EA063340
:10F08000134366696268816027F0AA0742EA0612A4
:10F09000836117430123076285F839300020F8BDEA
:10F0A0000120FCE770B51546026A154E22F00102F8
:10F0B00002628269046AB04222F003021ED0B0F1FB
:10F0C000804F1BD0A6F57C46B04217D006F580666F
:10F0D000B04213D006F58066B0420FD006F59A36DE
:10F0E000B0420BD042F0010263F3071201F00A01B3
:10F0F00024F00A0319438261016270BD2A43F3E7D9
:10F1000000000140F8B590F83830012B04460D4658
:10F1100017464FF0020019D0012384F8390084F813
:10F120003830D1E900122068EB6887B9FFF7BAFFE1
:10F130008369AA6823F00C038361836913438361A5
:10F140000123002084F8393084F83800F8BD042FFA
:10F15000AE68056A1AD125F0100505628569076A4F
:10F1600025F44075090145EA022527F0A00701F0C2
:10F17000A00163F30F35394385610162836923F48C
:10F1800040638361836943EA0623D8E7082F19D1D6
:10F1900025F480750562C569076A25F00305090233
:10F1A000154327F4206701F4206163F30715394301
:10F1B000C5610162C36923F00C03C361C3693343B2
:10F1C000C361BDE725F480550562C569076A25F46A
:10F1D0004075090345EA022527F4204701F4204140
:10F1E00063F30F353943C5610162C36923F440639A
:10F1F000C361C36943EA0623E2E70000036A23F020
:10F20000100370B50362036A446882690D6822F4D2
:10F21000E64242EA05228D6823F0200343EA051303
:10F220000B4DA8420DD1CD6823F0800343EA0513AE
:10F23000D1E9055624F44064354323F0400344EA01
:10F240008504446082614A688263036270BD00BFC6
:10F250000000014010B590F83830012B04464FF003
:10F2600002000DD0082A84F8390018D009D872B1EC
:10F27000042A10D00123002084F8393084F83800A3
:10F2800010BD0C2AF6D12068FFF756FDF2E7206882
:10F29000FFF700FDEEE72068FFF7B0FFEAE7206820
:10F2A000FFF720FDE6E738B590F83830012B04462B
:10F2B0004FF0020010D00123082A84F8383084F877
:10F2C00039003CD009D8D2B1042A28D0012300202B
:10F2D00084F8393084F8380038BD0C2AF6D120681B
:10F2E000FFF72AFDC3690A6943F40063C361C36978
:10F2F00023F48063C361C36943EA02232DE02068DD
:10F30000FFF7C8FC83690A6943F0080383618369D6
:10F3100023F004038361836913438361D6E7206884
:10F32000FFF76CFF83690A6943F4006383618369B3
:10F3300023F480638361836943EA0223EDE7206855
:10F34000FFF7D0FCC3690A6943F00803C361C369CE
:10F3500023F00403C361C3691343C361B6E7036ABF
:10F3600010B501248C4023EA04030362036A8A4037
:10F370001A43026210BD0000006808B50122FFF7C1
:10F38000EEFF064B984202BF436C43F400434364D4
:10F39000036843F001030360002008BD0000014042
:10F3A000FFF7EABF082908B5006822D012D8B9B122
:10F3B00004291AD00122FFF7D2FF104B984202BF56
:10F3C000436C43F400434364036843F00103036068
:10F3D000002008BD0C29EDD1C36843F0100302E002
:10F3E000C36843F00203C360E4E7C36843F0040367
:10F3F000F9E7C36843F00803F5E700BF00000140E8
:10F40000FFF7D0BF082908B5006836D026D859B311
:10F4100004292ED00022FFF7A2FF1A4B98420DD1EB
:10F42000026A41F211131A4208D1026A40F24443BF
:10F430001A4202BF436C23F400434364026A41F260
:10F4400011131A4208D1026A40F244431A4202BF21
:10F45000036823F001030360002008BD0C29D9D103
:10F46000C36823F0100302E0C36823F00203C36003
:10F47000D0E7C36823F00403F9E7C36823F0080367
:10F48000F5E700BF00000140FFF7BCBF006808B50A
:10F490000122FFF764FF036843F0010303600020CB
:10F4A00008BD082908B500681BD00BD881B1042914
:10F4B00013D00122FFF753FF036843F001030360F9
:10F4C000002008BD0C29F4D1C36843F0100302E00A
:10F4D000C36843F00203C360EBE7C36843F004036F
:10F4E000F9E7C36843F00803F5E7082908B50068A1
:10F4F00025D015D8D1B104291DD00022FFF72FFF48
:10F50000026A41F211131A4208D1026A40F24443DE
:10F510001A4202BF036823F001030360002008BD04
:10F520000C29EAD1C36823F0100302E0C36823F07A
:10F530000203C360E1E7C36823F00403F9E7C3688B
:10F5400023F00803F5E7036A10B504248C4023EA8E
:10F5500004030362036A8A401A43026210BD006812
:10F5600008B50422FFF7EFFF436C43F40043436404
:10F57000036843F001030360002008BDFFF7EFBFFD
:10F5800090F83830012B02461ED0CB68886823F4EF
:10F5900040730343486823F480630343086823F4FB
:10F5A00000630343086923F480530343486989696E
:10F5B00023F40053034323F440430B43116800201A
:10F5C0004B6482F8380070470220704770477047DC
:10F5D0002DE9F8430368C1681A69044622F44052D1
:10F5E0000A431A612569A268D968C0692A43656916
:10F5F00021F416412A4321F00C0102430A43DA6048
:10F600005A69A16922F440720A43B0F5004F5A6169
:10F61000834A40F08580934203D002F58062934292
:10F6200049D1FEF7E3FB63684FF019095B0009FB62
:10F6300000F7B7FBF3F7FEF7D9FB636809FB00F5AA
:10F640005B00B5FBF3F5FEF7D1FB63684FF0640890
:10F650005B0009FB00F0B0FBF3F0B0FBF8F008FB37
:10F660001056FEF7C3FBB7FBF8F76368F6003236B7
:10F67000B6FBF8F6760009FB00F55B003F0106F4E7
:10F68000F876B5FBF3F5FEF7B1FB636822685B0023
:10F6900009FB00F0B0FBF3F0B0FBF8F008FB1053EF
:10F6A000DB003233B3FBF8F303F007033B4433448E
:10F6B0009360BDE8F883FEF781FB63684FF019099A
:10F6C00009FB00F75B00B7FBF3F7FEF777FB636816
:10F6D00009FB00F55B00B5FBF3F5FEF76FFB636814
:10F6E0004FF064085B0009FB00F0B0FBF3F0B0FBE7
:10F6F000F8F008FB1056FEF761FBB7FBF8F76368FC
:10F70000F6003236B6FBF8F6760009FB00F55B0032
:10F710003F0106F4F876B5FBF3F5FEF74FFBB4E7CF
:10F72000934202D03F4A934246D1FEF75FFB6368A3
:10F730004FF019099B0009FB00F7B7FBF3F7FEF741
:10F7400055FB636809FB00F59B00B5FBF3F5FEF77D
:10F750004DFB63684FF064089B0009FB00F0B0FBB1
:10F76000F3F0B0FBF8F008FB1056FEF73FFBB7FBD9
:10F77000F8F763683601323609FB00F59B00B6FBEB
:10F78000F8F63F0106F0F006B5FBF3F5FEF72EFBA9
:10F79000636822689B0009FB00F0B0FBF3F0B0FB4C
:10F7A000F8F008FB10531B013233B3FBF8F303F0FE
:10F7B0000F0333433B447BE7FEF700FB63684FF0E6
:10F7C000190909FB00F79B00B7FBF3F7FEF7F6FA00
:10F7D000636809FB00F59B00B5FBF3F5FEF7EEFA55
:10F7E00063684FF064089B0009FB00F0B0FBF3F086
:10F7F000B0FBF8F008FB1056FEF7E0FAB7FBF8F79D
:10F800006368360109FB00F59B003F013236B5FB0A
:10F81000F3F5B6FBF8F606F0F006FEF7CFFAB7E719
:10F820000010014000140140704710B5044640B379
:10F8300090F8393003F0FF021BB980F83820FFF749
:10F84000F3FF2268242384F83930D36823F400536B
:10F85000D3602046FFF7BCFE23681A6922F4904269
:10F860001A615A6922F02A025A61DA6842F4005297
:10F87000DA6000202023E06384F8393084F83A30DD
:10F8800010BD0120FCE70000084910B50C6924F404
:10F8900040740C610C6944F440740C610C6944F0D0
:10F8A00001040C610260436010BD00BF003C0240D7
:10F8B000074B1A6922F440721A611A6942F4007205
:10F8C0001A611A6942F001021A610160704700BFB3
:10F8D000003C0240074B1A6922F440721A611A690F
:10F8E00042F480721A611A6942F001021A610180C1
:10F8F000704700BF003C0240204BDA68D00606D5B6
:10F900001F49CA6942F01002CA611022DA60DA683F
:10F91000910606D51A49CA6942F00802CA61202236
:10F92000DA60164BDA68520606D51549CA6942F004
:10F930000402CA614022DA60DA68100606D510496E
:10F94000CA6942F00202CA618022DA600B4BDA68AF
:10F95000D10507D50A49CA6942F00102CA614FF4CC
:10F960008072DA60DA68920706D50549CA6942F002
:10F970002002CA610222DA60704700BF003C0240E8
:10F9800020050020064B1A69002ABFBF054A5A60AD
:10F9900002F188320020B4BF5A600120704700BFD6
:10F9A000003C024023016745034A136943F00043CA
:10F9B00013610020704700BF003C0240114B70B53E
:10F9C00000220446DA61FBF78BFE0F4D0646EB681A
:10F9D000DA030CD4EB68DB0744BF0123EB60E86873
:10F9E00010F4F97007D0FFF787FF012003E0611CD6
:10F9F000EDD00CB9032070BDFBF772FE801BA04256
:10FA0000E5D9F7E720050020003C02402DE9F04150
:10FA10001F4E9846337E012B07460D46144635D0BF
:10FA200001234CF250303376FFF7C8FFB0B9CFB99D
:10FA3000184B1A6922F440721A611A691A611A691C
:10FA4000E4B242F001021A612C704CF25030FFF720
:10FA5000B5FF104A136923F00103136100233376C5
:10FA6000BDE8F081012F04D1A1B22846FFF732FF93
:10FA7000EBE7022F04D121462846FFF719FFE4E700
:10FA8000224643462846FFF7FFFEDEE70220E7E76F
:10FA900020050020003C0240074B1A6922F4407206
:10FAA0001A611A6942F004021A611A6942EA0022D4
:10FAB00042F480321A617047003C0240104B1A69D0
:10FAC00022F440721A611A69022994BF09024FF4A4
:10FAD00040710A431A611A6922F0F8021A61196921
:10FAE000F82292FAA2F2B2FA82F29040084340F071
:10FAF000020018611A6942F480321A61704700BF2F
:10FB0000003C0240144B1A6891050FD51A6822F484
:10FB100000721A601A6842F400621A601A6822F4CD
:10FB200000621A601A6842F400721A600A4B1A687E
:10FB300052050FD51A6822F480621A601A6842F4DE
:10FB400080521A601A6822F480521A601A6842F4CD
:10FB500080621A60704700BF003C02402DE9F84304
:10FB6000DFF8948098F81830012B05460F463FD0F7
:10FB700001234CF2503088F81830FFF71FFF04467D
:10FB8000A0B94FF0FF333B602B68012B14D1287CC8
:10FB9000FFF782FF4CF25030FFF710FF154A136950
:10FBA00023F0040304461361FFF7ACFF002388F839
:10FBB00018302046BDE8F883AE68DFF83890D5E904
:10FBC00002231344B342EFD9297C3046FFF776FF76
:10FBD0004CF25030FFF7F2FED9F8103023F0FA0360
:10FBE000C9F8103010B13E600446DDE70136E6E7A3
:10FBF0000224DEE7003C02402005002070B50446E8
:10FC0000002848D00323254680F8B93302F020FFAE
:10FC100055F8040B00F0BBFC2946206800F07EFC80
:10FC20000021206800F0B9FC00212346224601266D
:10FC3000084682F83810D18701310F29C2E9100037
:10FC400082F8396082F83B00D06402F11C02F0D1E6
:10FC500000222068114602F1400683F8F821DA8775
:10FC600000EB860601320F2AC3E9801183F8F911EF
:10FC700083F8FB11C3F80C12716003F11C03EAD185
:10FC8000294600F0CBFC0123206884F8B93300F04A
:10FC9000CAFF002070BD0120FCE710B590F8B83312
:10FCA000012B04460CD0012380F8B833006800F023
:10FCB000AEFF206800F065FC002084F8B80310BD9A
:10FCC0000220FCE710B590F8B833012B04460FD0A2
:10FCD000012380F8B833006800F059FC206800F078
:10FCE00065FF206800F09FFF002084F8B80310BD76
:10FCF0000220FCE710B5044658B1032380F8B9335D
:10FD0000FFF7E0FF204602F0E1FE002084F8B9038F
:10FD100010BD0120FCE700002DE9F04FD0F800B045
:10FD200087B00446584600F0B7FF0290002840F024
:10FD30003D81206800F083FF002800F037812068B3
:10FD400000F07DFF2368810742BF5A6902F002027A
:10FD50005A61184600F073FF10F4002511D0206896
:10FD600000F071FF0BF530660546A2464FF0000922
:10FD70008046B8F1000F40F01C81B5FA85F5C5F159
:10FD80002005206800F05BFF410311D5206800F0DA
:10FD900062FF254603900BF5106800278246BAF1F2
:10FDA000000F40F04981039BB3FA83F5C5F12005AC
:10FDB000206800F044FF00280DDADBF8043823F057
:10FDC0000103CBF80438204602F0B7FE22685369DD
:10FDD00003F000435361206800F031FF07050BD5A5
:10FDE000DBF80838DE0702D5204602F0A2FE2268C2
:10FDF000536903F400635361206800F020FFC004DE
:10FE000039D5DBF80438206823F001031021CBF842
:10FE1000043800F0D9FB61680BF500660BF5106340
:10FE2000FF220298814240F07E814FF0FF33B361A0
:10FE3000F36943F00113F361236B002B00F07B8126
:10FE4000D6F8843043F00B03C6F88430736C43F06B
:10FE50000B037364DBF80038217C206823F4FE6315
:10FE6000CBF8003804F56F7200F035FF2268536953
:10FE700003F480535361206800F0E1FE81041DD536
:10FE8000206800F00DFF2068C36823F47053C3603E
:10FE900000F05AFC002840F057812268E0604FF4DF
:10FEA00000736361D36843F41053D360204602F0BB
:10FEB00030FE2268536903F400535361206800F058
:10FEC000BEFEC3062CD52268936923F0100393610C
:10FED000DBF8207007F4F013B3F5802F07F00F065E
:10FEE00040F0938147F6F0731F4214D01C2303FBAC
:10FEF0000646C7F30A18D6F804124246584600F0E0
:10FF000019FED6F804324344C6F80432D6F810324B
:10FF10004344C6F810322268936943F0100393619A
:10FF2000206800F08CFE070707D5204603F050FB41
:10FF30002268536903F008035361206800F07FFED4
:10FF4000C60208D5E9B2204602F0FFFD22685369D7
:10FF500003F480135361206800F071FE800208D51D
:10FF6000E9B2204602F0EDFD2268536903F4001364
:10FF70005361206800F063FE410007D5204602F07F
:10FF8000E8FD2268536903F080435361206800F064
:10FF900056FE42070AD523685D686B0702D52046E6
:10FFA00002F0DBFD226853682B43536007B0BDE8C5
:10FFB000F08F18F0010F37D05FFA89F120680391B4
:10FFC00000F051FEC207074623D522690399012399
:10FFD0009A42B3600CD13269DAF80002C2F312021D
:10FFE000821ACAF81022DAF804220244CAF804225B
:10FFF000204602F07DFD216901290AD1B9F1000FE7
:020000040805ED
:1000000007D1D4F80C2222B9206804F56F7200F0F1
:1000100062FE3B0704D5204602F064FD0822B26070
:10002000F80644BF1023B36009F101094FEA5808EC
:1000300020360AF11C0A9CE61AF0010F6CD0FBB2C4
:1000400020680493194600F018FEC207064620D522
:100050000122DBF8343802FA07F023EA0003CBF878
:1000600034382369C8F80820934202BFD5E9102329
:100070009B186B64F9B2204602F043FD2169012907
:1000800007D137B9E36C23B9206804F56F7200F02B
:1000900022FE330744BF0823C8F80830F00644BFE7
:1000A0001023C8F80830710644BF4023C8F8083050
:1000B000B20744BF0223C8F8083033062CD5D4F861
:1000C000009009F5106303EB47130593D5E913631B
:1000D000F61A19D02B6C9E4228BF1E46059B9B69C1
:1000E000F21C9BB2B3EB920F16D3237C0093049ABD
:1000F000696CB3B2484600F03FFC6B6C33446B64F0
:100100002B6D33442B65E1E7D9F834380122BA402E
:1001100023EA0203C9F8343801374FEA5A0A1C357A
:1001200008F120083BE602989A600130C3F80822E3
:100130000290203375E6736943F00B0373613369F2
:1001400043F00B03336185E60323E36040236361DF
:10015000FDF72EFE374A3849236802448A4204D804
:10016000DA6842F47052DA60A0E6344A3449024454
:100170008A4203D8DA6842F46052F4E73149A0F5C4
:100180007402A2F510528A4203D8DA6842F450523F
:10019000E9E72D49A0F18372A2F5E7428A4203D232
:1001A000DA6842F44052DEE7284A294902448A428A
:1001B00003D8DA6842F43052D5E7264A2649024489
:1001C0008A4203D2DA6842F42052CCE7234A244917
:1001D00002448A4203D2DA6842F41052C3E721494A
:1001E000A0F1B772A2F558528A4203D2DA6842F4FB
:1001F0000052B8E71C4A1D4902448A42DA6834BFFB
:1002000042F4E05242F4C052ADE7B3F5402F7FF420
:1002100082AE082204F56F71584600F08BFC1C2357
:1002200003FB0646C7F30A17D6F810321F44C6F878
:10023000107270E6405327FFFF340C00401E1BFF76
:100240003F420F007F4F120020D6130060B6E5FE3C
:100250005FE3160000D3CEFE40771B00C05BB3FE09
:10026000C091210020753800E05459FEE09C410007
:1002700010B590F8B833012B044609D0012380F85B
:10028000B833006800F0B3FC002084F8B80310BD58
:100290000220FCE7F8B54FB201F07F06002F0546BB
:1002A0004FF01C040846B9BF04FB065404F13801A2
:1002B00004FB005404F5FC71002FB8BFCE80022B64
:1002C000CB704FEAD01004BF00230B710E70487042
:1002D0008A6095F8B833012B09D00123286885F886
:1002E000B83300F04CFA002085F8B803F8BD0220BE
:1002F000FCE711F0800F4FF01C0310B50A460446CE
:1003000001F07F000DBF03FB024303FB004303F139
:10031000380103F5FC71D20908704A7094F8B833BB
:10032000012B09D00123206884F8B83300F060FA6B
:10033000002084F8B80310BD0220FCE738B501F0B6
:100340007F051C246C4304F5FC7104440144C4F88B
:100350000C32002384F8F93184F8F851C4F81032D3
:100360000369C4F80422012B08BFC4F808220068FE
:10037000DAB21DB900F08CFA002038BD00F010FB95
:10038000FAE701F00F011C2303FB0100B0F8100293
:10039000704738B501F07F051C246C4304F1380127
:1003A00004440144E36400232365012384F83930C5
:1003B00084F8385003696264012B08BFA2640068A6
:1003C000DAB21DB900F064FA002038BD00F0E8FA96
:1003D000FAE738B511F0800F4FF01C030A4601F020
:1003E0007F050DBF03FB020303FB050303F1380187
:1003F00003F5FC71D20901238B700D704A7090F8DF
:10040000B8239A4204460FD080F8B833006800F051
:100410009FFB2DB9217C206804F56F7200F05BFC16
:10042000002084F8B80338BD0220FCE738B511F08D
:10043000800F4FF01C0304460A4601F07F000DBFF9
:1004400003FB024303FB004303F1380103F5FC7196
:100450000025D2098D7008704A7094F8B833012BCA
:1004600009D00123206884F8B83300F087FB84F8B2
:10047000B853284638BD0220FCE710B590F8B833D1
:10048000012B044610D0012380F8B8330B06006816
:1004900007D501F07F0100F097F8002084F8B80339
:1004A00010BD00F0A3F8F8E70220F9E7006870B586
:1004B000436A120419B913438362002070BD846A31
:1004C0004E1E03EB14430024B44205DB3F3100EB26
:1004D000810013434360F0E704F1400500EB85051C
:1004E00001346D6803EB1543EEE7036800205962A1
:1004F00070470000084B0269002A0ADA036943F0DA
:1005000001030361044B0269D20704D5013BFAD110
:1005100001E0013BEFD17047400D03004B69012B17
:1005200010B5044623D1836B23F480338363C368FF
:1005300023F4840323F04003C360C36823F440130F
:10054000C3600B6B012B02BFC36843F48013C3600D
:10055000FFF7D0FFCB68012B07D1A36843F0060358
:10056000A360A36843F02003A360002010BDC3680C
:1005700043F04003C360FFF7BDFF4FF48033836354
:10058000E8E7836843F001038360002070478368D5
:1005900023F0010383600020704708B5C368012978
:1005A00023F0C043C36008D1C36843F00053C36065
:1005B000322003F05FFC002008BD0029F8D1C36899
:1005C00043F08043F3E70000890141F0200101611D
:1005D00005490246106910F0200000D1704701392A
:1005E000F8D10320704700BF400D030010230649D7
:1005F00003610246106910F0100000D17047013904
:10060000F8D10320704700BF400D0300D0F8003838
:100610001943C0F800180020704700002DE9784108
:100620008B6A04460E46002B67D1836B43F400139C
:10063000A3630023C4F8003ED4F80038C4F800389F
:100640007369012B04F500655DD1B168002958D1AB
:100650002046FFF7DBFF10212046FFF7B5FF2046BD
:10066000FFF7C4FF00234FF0FF322B6118466B6188
:100670004FF0904CAA614FF0FF0EEB6104F5106251
:100680003168994241D8002204F5306310464FF09A
:10069000904C4FF0FF0E914243D12B69F26823F446
:1006A0008073012A2B6108D1254B2B632B6B43F4FC
:1006B000803343F003032B632B6B0023A3616FF0A4
:1006C000804363611AB9A36943F01003A361A2696F
:1006D0001C4B1343A361B3691BB1A36943F0080327
:1006E000A361B36A012B01BFA36943F0804343F0C8
:1006F0000403A3610020BDE87881836B43F40023E9
:1007000096E71946A4E70321A2E711680029B4BFC0
:10071000C2F800C0106001331061C2F808E0203256
:10072000AEE7D3F80080B8F1000FB4BFC3F800C043
:10073000186001321861C3F808E02033ABE700BF4E
:100740000001800000383C8000F50062D0F8080805
:1007500010F0060012D0936803F00603022B0CD0B1
:10076000936803F00603062B07D0906800F006009C
:10077000031F58425841400070470320704770B52E
:100780004E780D780123012E00F5006203FA05F37F
:100790004FEA451419D1D6699BB2334300F5106076
:1007A000D36103591A040ED48A680659C2F30A03A6
:1007B000CA78334343EA824343EA855343F0805384
:1007C00043F400430351002070BDD56900F530604B
:1007D00045EA0343D36103591B04F4D48B680259DF
:1007E000C3F30A031343CA7843EA8243E6E70000EF
:1007F00038B50C784978012903464FEA441223D1D1
:1008000000F510618D18885820F4004088504FF092
:10081000006088504FF0804088501C4AA96848000A
:100820000ED410211846FFF7CFFE0122D3F81C1872
:10083000A24092B221EA0202C3F81C28002002E082
:10084000013AEBD1032038BD00F530618D1888588E
:1008500020F4004088504FF0006088504FF08040F6
:1008600088500A4AA968C9060DD4D3F8042842F46E
:100870008062C3F80428D3F81C284FF48031A140CB
:1008800022EA0102D8E7013AECD1DBE7400D030090
:100890004B782DE9704391F800804C69344D354E0A
:1008A000012B4FEA481C3DD100F5106E0EEB0C03F6
:1008B000B4B91C692C401C611C6944F400241C61FF
:1008C0001C6934401C615EF80C40012A44F0044469
:1008D0004EF80C401AD10A695A610020BDE87083B5
:1008E000D3F8109009EA06061E611E6935401D61A5
:1008F0008D68A5423CBF4D612C461D6945F400251D
:100900001D611D69C4F312042C43DBE74B69002B06
:10091000E3D0D0F83428012303FA08F31343C0F8D6
:100920003438DAE700F5306000EB0C03D3F810E060
:100930000EEA06061E611E6935401D618D6804B110
:100940004D611C6944F400241C611C69012AC5F333
:10095000120508BFCA6845EA04051D6108BF5A614F
:1009600050F80C3043F0044340F80C30B5E700BFBA
:10097000FFFF07E00000F8FF10B59DF808404CB9F4
:10098000033300F580509B0800EB023201EB830338
:10099000994201D1002010BD51F8040B1060F7E717
:1009A0002DE9774796464A7891F800904B6991F87F
:1009B00003805D4E012A4FEA49155C4A69D100F572
:1009C000106C0CEB0504D4F810A08BBB0AEA0606E9
:1009D0002661266946F40026266126693240BEF16A
:1009E000010F226147D10E696661CC78012C0CD1D0
:1009F000D0F8082812F4807F5CF805200CBF42F084
:100A0000005242F080524CF805205CF80520012C81
:100A100042F004424CF8052006D1CDF800E0C96848
:100A20009BB24A46FFF7A8FF002003B0BDE87087DD
:100A30000AEA020222612269324022618A68D4F8FD
:100A400010A0D618013EB6FBF2F6394A02EAC642B9
:100A500042EA0A0222612669C3F312023243B8F164
:100A6000010F22615CD1226922F0C0422261226919
:100A700042F00052B3E7B8F1010FB6D0002BB4D06A
:100A8000D0F83468012202FA09F23243C0F834285F
:100A9000ABE700F5306C0CEB0504D4F8109009EAD4
:100AA000020222612269324022618E6823BB2369DF
:100AB000C6F312061E432661236943F40023BEF1E8
:100AC000010F236104BFCB686361B8F1010F0CD142
:100AD000D0F8083813F4807F5CF805300CBF43F081
:100AE000005343F080534CF805305CF8053043F078
:100AF00004434CF8053097E7DFF834A0D4F81090A1
:100B0000F218013AB2FBF6F293B20AEAC24242EAA2
:100B10000902226122697343C3F312031343CEE730
:100B2000BEF1010FACD15EE7FFFF07E00000F8FF68
:100B30000000F81F0332920801EB820200F580509A
:100B4000914201D108467047036841F8043BF7E73A
:100B50004A780B78012A0CBF00F5106000F5306070
:100B60005B01C258002AA2BFC25822F08042C25084
:100B7000C25842F40012C250002070470B78CA7865
:100B8000497801290CBF00F5106000F530605B0169
:100B9000023AC15821F40011D2B2C150012A9EBFBD
:100BA000C25842F08052C2500020704738B500F55C
:100BB0002E61044600F51063FF229A60C3F80822F4
:100BC00020338B42F9D100254FF0FF32C4F81828AA
:100BD0002046C4F81058C4F81458C4F81C58FFF73D
:100BE00005FD10212046FFF7EFFC284638BDD0F860
:100BF000003823F4FE63C0F80038D0F8003809014B
:100C000001F4FE611943C0F800180020704708B5D0
:100C1000D0F8043823F00203C0F80438032003F0AE
:100C200029F9002008BD08B5D0F8043843F00203C4
:100C3000C0F80438032003F01DF9002008BD426904
:100C4000806910407047D0F8183800F50060C0691E
:100C50001840000C7047D0F8183800F50060C069E3
:100C6000184080B2704700F5306303EB411300F584
:100C700000609A68406910407047D0F81028D0F89A
:100C8000343800EB4110CB4000F51060DB01806888
:100C9000DBB2134318407047406900F00100704711
:100CA000D0F800396FF30A03C0F80039D0F80828EB
:100CB00002F00602042A02BFD0F8002942F0030223
:100CC000C0F80029D0F8042842F4807200F50063CF
:100CD00000205A60704710B50024C0F8104BD0F8BF
:100CE000104B44F40024C0F8104BD0F8104B44F0E3
:100CF0001804C0F8104BD0F8104B012900F53063F0
:100D000044F0C04408BF4FF08023C0F8104B04BF2C
:100D1000C0F8142BC0F8003B002010BD012310B513
:100D200080F8FC31D0F8143201795B6804469847AA
:100D3000204601F055FF204601F044FF002010BD81
:100D400010B5D0F8143201795B6804469847204604
:100D500001F046FF002010BD08B5D0F8143233B1C1
:100D60001B689847003818BF0120400008BD0220CA
:100D7000FCE708B5D0F814325B689847002008BD3E
:100D800038B5044600F50275284600F035FA01230F
:100D900094F80812C4F8F431B4F80E32C4F8F831FB
:100DA00001F01F03012B08D0022B0BD07BB9294681
:100DB000204600F0D5F8002038BD2946204600F036
:100DC000ABF9F8E72946204600F0BEF9F3E701F059
:100DD0008001204601F023FFEDE770B5044616467A
:100DE00001BBD0F8F431032B0DD1D0E943539D4220
:100DF0000BD9ED1AAB4228BF2B46C0F80C519AB262
:100E0000314600F04DFA002070BDD0F814321B6955
:100E100023B190F8FC21032A00D19847204600F026
:100E200047FAF0E7D0F814329B69002BEBD090F82A
:100E3000FC21032AE7D19847E5E770B5044616463A
:100E4000B1BBD0F8F431022B09D1D0E907539D4250
:100E50000ED9ED1AC561AAB2314600F00CFA94F829
:100E60000032012B02D1002384F80032002070BD33
:100E70008269B2FBF3F503FB15255DB9934209D8EE
:100E8000D0F8F8319A4205D22A4600F0F4F9C4F8B5
:100E9000F851E4E7D4F81432DB682BB194F8FC2164
:100EA000032A01D120469847204600F00CFAD6E7E5
:100EB000D0F814325B69002BD8D090F8FC21032ABB
:100EC000D4D19847D2E738B50022044611464025D0
:100ED000402301F08CFE2B46C4F8105100228021E3
:100EE000204601F084FE012384F8FC31D4F8183246
:100EF00025622BB1D4F8143221795B6820469847DB
:100F0000002038BD01740020704790F8FC3180F853
:100F1000FD31042380F8FC310020704790F8FD314A
:100F200080F8FC3100207047002070470020704797
:100F30000020704708B5012280F8FC21D0F8142267
:100F4000017952689047002008BD10B58021044601
:100F500001F065FE20460021BDE8104001F05FBEB3
:100F600037B54B7804460D46092B40D8DFE803F02F
:100F7000ADC93FBD3F55053F9D7349880B0A013BF5
:100F8000062B34D8DFE803F0041C2A3333373E0045
:100F9000D0F810321B680DF1060120469847BDF8C5
:100FA0000620002A52D0EB88002B4FD09A4228BF4F
:100FB0001A46ADF806200146204600F04FF945E0FC
:100FC000027CD0F814323AB99B6A0DF10601204632
:100FD000984702234370E2E7DB6AF6E7D0F8103265
:100FE0000DF106025B68C9B298470028D7D12046A8
:100FF000FFF7ABFF2AE0037C002BF8D1D0F81432C6
:101000005B6BC8E7037C002BF1D1D0F814320DF1F3
:1010100006011B6B98470723DCE78B88002BE6D182
:10102000CB88002BE3D190F8FC31032BDFD04D8827
:1010300005F07F0580F8FE51294601F011FE20469B
:1010400000F036F92DB1022384F8FC31002003B002
:1010500030BD0123F8E789780129C8D890F8FC3120
:10106000022B0CD0032BC2D1B1B9022380F8FC3182
:101070004160FFF77EFE204600F01AF9E6E70029FE
:10108000F9D001210323416080F8FC312046FFF7AD
:1010900063FE0228EFD1AAE741680129EBD0C9B26B
:1010A000FFF767FE01216160F0E7CA88012A9ED13F
:1010B00090F8FC31022B03D0032B98D1011D7BE764
:1010C0000146002341F8083F76E790F8FC31023BE7
:1010D000012B8CD8D0F80432003B18BF0123014605
:1010E0005B0041F80C3F022266E74B88012BADD133
:1010F000C4F80432D4F8143229469B682046984735
:10110000B9E790F8FC31023B012B3FF670AF4B88FA
:10111000012B9BD10023EBE738B590F8FC31032B72
:1011200004460D460DD10B79082B0AD8D0F814329D
:101130009B689847EB8813B9204600F0B9F8002067
:1011400038BDFFF702FFFAE738B50D468A886B789D
:101150000979012B04461ED0032B02D04BB300208B
:1011600038BD90F8FC31022B41D0032B03D0204630
:10117000FFF7EBFEF3E76B881BB94A0601D001F0DD
:101180004EFDD4F8143229469B68204698472046E5
:1011900000F08EF8E3E790F8FC31022B27D0032B08
:1011A000E5D16B88002BDAD14B06F0D001F03EFD83
:1011B000E7E790F8FC31022B19D0032BD7D11306A7
:1011C00045BF01F07F0500EB051500EB0115143557
:1011D00058BF05F5827501F030FD003818BF0120B9
:1011E000286002222946204600F038F8B7E74A0670
:1011F000B5D001F014FDB2E70B7803704B78437063
:101200004B8843808B888380CB88C380704710B520
:101210008021044601F003FD20460021BDE8104076
:1012200001F0FDBC70B50D461646044670B1F8F7E6
:1012300079FFC3B201335B0033802B7003236B70E3
:10124000013C0223002014F8011F01B970BD5A1C93
:10125000D2B2E9540233A854DBB2F4E710B5134616
:101260000222C0E90633C0F8F4210A46002101F049
:10127000FEFC002010BD08B513460A46002101F00F
:10128000F6FC002008BD10B513460322C0E9423326
:10129000C0F8F4210A46002101F0F0FC002010BD46
:1012A00008B513460A46002101F0E8FC002008BDFD
:1012B00008B50423C0F8F43100231A46194601F09A
:1012C000D6FC002008BD08B50523C0F8F431002382
:1012D0001A46194601F0D2FC002008BDD0F81802C9
:1012E000C3880B8000F69410704700200880704778
:1012F00038B5D0F81842257915F0010F02460B4693
:101300000AD0032908D101F0C0FC0146D4F8180A1C
:1013100002F0A6F9C0B208E0A80607D5012B05D156
:101320001946104600F04EFC002038BDE906FBD5FA
:10133000D4F81C1A897901F07F019942F4D1194639
:10134000104601F0A2FC0146D4F81C0A02F0B8FADB
:10135000E0E710B5D0F818321A79D4070BD58C1EF7
:10136000012C08D8D3F8180A002380F8493002F07D
:10137000DDF8002010BD940604D5012902D100F04B
:1013800005FCF6E7D206F4D5D3F81C2A537903F00E
:101390007F03994204BF0023D371EAE710B5D0F868
:1013A0001842D4F8180A68B190F84710FF2909D0FC
:1013B00090F84830021D02F083F8D4F8183AFF2262
:1013C00083F84720002010BD2DE9F0410F78D0F8B8
:1013D000185207F00302012A2B7906460C4607D063
:1013E000022A36D030462146FFF711FF022058E08E
:1013F00098068A8801D5002A42D0D90607D5D5F8A3
:101400001C1A0979914202D10020102308E013F040
:101410000103E7D0D5F8180A90F844109142E1D1C1
:1014200017F060017AD0202935D1012B61783AD1AB
:10143000E28892B317F0800F00F1040523D0134621
:101440002A4602F03DF8E28829463046FFF706FFBB
:1014500021E08A88980602F07F0201D5012A0FD088
:10146000D90604D5D5F81C1A89799142CCD013F04D
:101470000103B7D0023A012AB4D8D5F8180ACFE749
:1014800000202023CCE780F8471080F84820294628
:101490003046FFF7F8FE002003E0638802F010F802
:1014A000C0B2BDE8F081202B40F08D80FE290DD028
:1014B000FF2997D16388002B94D1E388002B91D129
:1014C0003B068FD4304600F035FBE4E76388002B01
:1014D00088D1B4F80680B8F1010F83D13A0681D5DE
:1014E000D5F87C385B6A98472946424641F8080F90
:1014F000ABE7D5F81C3A62881A72CCE7D5F81C1A0B
:1015000001220831A1E76388D5F81C2A1B0A53720F
:10151000C1E7D5F81C1A0122093196E7202B25D105
:1015200067780A2F1BD00B2F1DD0012FB3D1217943
:10153000304601F06DFB2179304601F062FB94F9F1
:101540000430002BB4BF81213946402302223046AB
:1015500001F04DFB2179304600F09EFB9BE7012214
:1015600005F10C0171E7A378EB6094E7102B92D1A1
:1015700063780A2B1DD00B2B20D0062B8BD16388D0
:101580001B0A222B09D1D5F81C3ADA68117CE288B3
:101590008A4228BF0A46196957E7212B07D1E288FA
:1015A000D5F81C3A092AD96828BF0922B4E70A46A7
:1015B0004BE7D5F81C1A01220A3146E7D5F81C3A48
:1015C00062889A7267E7023909293FF60BAF01A3D7
:1015D00053F821F013150508FD140508E513050857
:1015E000E5130508E5130508E5130508E5130508E7
:1015F000E513050807150508F314050838B5D0F8F4
:101600001852044600222B7903F00101EAB19A0630
:101610000AD50121204601F0F4FA8121204601F08B
:10162000F0FA204600F091FA2B79DB060BD5D5F8BD
:101630001C3A2046597901F0E4FAD5F81C3A2046C4
:10164000997901F0DEFA002038BD0029DFD0D5F805
:10165000180A0028DBD001F02EFF8321204601F07C
:10166000D0FA0321204601F0CCFA8221204601F075
:10167000C8FA0122C7E7F8B5037C0446002B6BD0FB
:10168000D0F8185200272B7903F00102002F39D02F
:101690009A060ED5402302220121204601F0A7FA26
:1016A000402302228121204601F0A1FA204600F0C9
:1016B00024FA2B79DB0623D5D5F81C1ACB68497997
:1016C000B3F81D60DB8A0322204601F090FAD5F8BA
:1016D0001C1A334689790322204601F088FAD5F88E
:1016E0001C0A056002F0E7F8D5F81C1A02463346DA
:1016F0008979204601F0C2FAD5F81C3A0022DA7145
:101700000020F8BD002AC3D0D5F8186A402396F807
:1017100045100222204601F06AFA96F8461040234E
:101720000222204601F063FA032282210823204688
:1017300001F05DFAFF2386F8473086F8497035607E
:10174000304601F09DFE96F84610024640232046A2
:1017500001F094FA012796E70120D2E7007970475B
:101760002DE9F8435FFA81F81F4608F07F03202B2C
:101770000446154680F8048000F694166BD009D80C
:10178000012B00F00C81112B00F0C1804FF0FF30D5
:10179000BDE8F883212B00F09080312BF6D1974BD8
:1017A00000F69D1203F1140153F8040B42F8040BE8
:1017B0008B42F9D119889B7811809370904942220D
:1017C00004F6B410F8F72CFC0122022384F8B629A1
:1017D00084F8BE2984F8D6298A49D4F81C2A84F8CA
:1017E000CE3984F8D73984F8E13904F6F613D3609A
:1017F00001F1200051F804CB43F804CB8142F9D128
:10180000032384F8F8392B7884F8FC396B7884F852
:10181000FD392B7984F8063AAB7884F80C3AEB78EA
:1018200084F80E3AAB7884F8133AEB7884F8153ADA
:10183000842384F80A3AD4F8183A0420012184F861
:10184000110A83F8441048F2034393809071AB6807
:101850001361822210E0694B00F69D1203F114011E
:1018600053F8040B42F8040B8B42F9D119889B788A
:101870001180937001202022604BD3F87910C4F8B6
:10188000941918F0010FD3F87D1093F8813071602E
:10189000337284F8962984F89809E28007D0D4F846
:1018A000183A832183F84510032183F84610324407
:1018B0009642C0F0948000206AE7504B00F69D12DB
:1018C00003F1140153F8040B42F8040B8B42F9D1D5
:1018D00019889B78118093704949422204F6B4100C
:1018E000F8F79EFB022284F8CE2984F8D72984F8E1
:1018F000E129D4F8182A012384F8B63984F8BE39CE
:1019000084F8D639032082F844306222B4E7D0F854
:101910001C9A3C4A00F69D13C9F80C3002F12001D4
:1019200052F8040B43F8040B8A42F9D12B7884F85F
:10193000A3396B7884F8A4392B7984F8AD39AB7866
:1019400084F8B339EB7884F8B539AB7884F8BA39D0
:10195000EB7884F8BC394222294904F6BD10F8F727
:101960005FFB022284F8D72984F8E02984F8EA2969
:10197000D4F8182A012384F8BF3984F8C73984F8C9
:10198000DF3982F844304FF40142A9F8042089F885
:101990000630AB68C9F8103003206B226CE71A4B95
:1019A00000F69D1203F1380153F8040B42F8040BC2
:1019B0008B42F9D11B881380012284F8AF2984F867
:1019C000B82984F8C229D4F8182A002384F89F394A
:1019D00084F8B739022082F8443043224CE731784A
:1019E000072908D17378052B05D1B37803F07F035D
:1019F0009F42FFF4CBAE0E445AE700BFF0910608B9
:101A00000792060849920608B691060838B590F87C
:101A10004930044603F0FF055BB900688BB20068EB
:101A200094F8451001F023F9012384F84930284641
:101A300038BD0125FBE710B5036804461868037C30
:101A40000A4633B194F84610402301F017F90020FC
:101A500010BD0220FCE710B5036804461868037C3B
:101A60000A463BB1E368A179B3F81D3001F006F9ED
:101A7000002010BD0220FCE703681B6893F8FC31CE
:101A8000032B03BFC079B0FA80F0400900207047F3
:101A900038B5134602680446106890F8FC21032A02
:101AA00009D1E5793DB90122E2710A46617901F077
:101AB000DEF8284638BD0225FBE770B5D0F818528D
:101AC00095F8203804463BB9D5F81C3823B16B7C17
:101AD00013B9012101F0A3F88121204601F09FF8FC
:101AE0006B7C022B08D105F6140220461F23BDE8AB
:101AF0007040012101F0C2B870BD70B5D0F8185225
:101B00000446D5F87C3800202882A5F864081B68B4
:101B100098470121204601F07BF88121204601F001
:101B200077F805F6140220461F23BDE87040012116
:101B300001F0A4B8D0F818224FF480731382012169
:101B40001F2302F6140201F099B8D0F818320022CF
:101B50001A74704770B5D0F818420B4BC4F834387B
:101B60000023054684F84018237404F634020D233C
:101B7000812101F07CF804F6140228461F23BDE8F9
:101B80007040012101F07AB85553425310B5D0F896
:101B900018120B7C022B044607D0033B012B0FD8F5
:101BA0000021BDE81040FFF7D5BF01F6230291F8F0
:101BB000211800F0ABF8002802DA01212046F0E7F6
:101BC00010BD000070B5D0F81842267C054616B14D
:101BD000012E56D070BDD4F81838C4F83838D4F86F
:101BE0001C38C4F83C38012101F04FF81F2894F844
:101BF00021180BD1D4F81428264B9A4206D101297A
:101C000004D894F82238013B0F2B0BD9202305224E
:101C1000284600F0C9FA022363742846BDE87040E4
:101C2000FFF74BBF04F62302284600F06FF80028A8
:101C3000237C07DA052BF0D101212846BDE870404E
:101C4000FFF788BF013B022BC4D9618A0029F4D079
:101C5000D5F81822D2F81C3882F840688B4228BF89
:101C60000B46D2F83C18C91AC2F83C18042111746A
:101C7000284604F114029BB2BDE87040812100F0B7
:101C8000F6BF94F8211804F6230200F03FF800286C
:101C9000A0DAD1E75553424310B5D0F81842637C1F
:101CA000022B05D1812100F0BAFF0023637410BD1F
:101CB0000A06FCD5012BFAD0BDE810400121FFF740
:101CC00049BF90F8653810B500EBC3040133DBB2AF
:101CD000042B4FEA022208BF002384F84418C4F8FA
:101CE000482880F8653810BD00EB810108B5134421
:101CF000D1F86C28934206D921220521FFF7E1FF94
:101D00004FF0FF3008BD0020FCE700002DE9F3474D
:101D100013782F2B04460D4617463DD8192B09D8AA
:101D2000032B62D0122B00F08D80002B40D020229C
:101D30000521D8E01A3B152BF9D801A252F823F05F
:101D4000951E0508691E05082F1D05082F1D05088D
:101D5000831E05082F1D05082F1D05082F1D0508CA
:101D60002F1D0508C51E05082F1D0508151F050890
:101D70002F1D05082F1D0508671F05082F1D0508C5
:101D8000532005082F1D05082F1D05082F1D0508C8
:101D90002F1D0508672105085A2B00F08980912B1B
:101DA00001D0352BC3D1D4F8183200225A8257E023
:101DB000D0F81862D6F81C382BB120220521304605
:101DC000FFF77FFF0EE0D6F87C380846DB689847BF
:101DD000002844D0D4F818023A220221FFF771FFFC
:101DE000052333744FF0FF303BE0D0F81842122245
:101DF000002104F11400F8F757F9702323750C2320
:101E000094F86528E37694F864389A4213D004EB8A
:101E1000C302013392F84418A17592F8491884F866
:101E20002010DBB2042B92F8482884F8212008BF48
:101E3000002384F86438122363823B79122B0FD875
:101E400063820DE0D0F81862D6F87C3806F11402EF
:101E50005B683946284698470028FFF668AF7082CD
:101E6000002002B0BDE8F087D0F8183200225A8274
:101E7000D3F87C3839795B6901F00101284698472D
:101E8000EEE7D0F8183200225A82D3F87C3839793C
:101E90009B69F3E7D0F8183204225A82C04AD178FD
:101EA000D975917899755178127859751A75D7E75F
:101EB000D0F81832BB4908225A820A685A614A6827
:101EC0009A61CDE7D0F8186200237361B361F361C2
:101ED000D6F87C380DF102029B6801A92846984784
:101EE00020B13A220221D4F8180269E70823F375D9
:101EF000019B013B1A0E32761A0C7276F3761A0A9F
:101F00000223B383BDF80230B2765BBAF3830C23AD
:101F10007382A6E7D0F81862D6F87C0806F10803A9
:101F200001F22F4201F21921876803EB420203EB11
:101F300081012846B8470028D3D106EB850306EB7C
:101F40004505D3F86C38013B1A0E32751A0C7275C0
:101F50001A0AB275F375B5F8663830835BBA7383C5
:101F6000082373827CE7D0F81862337C8BBB96F928
:101F70002038002BBFF621AFD6F87C380846DB6846
:101F800098470346D4F8180213B13A22022117E702
:101F9000D7F8022012BAC6F87428B7F807305BBA2F
:101FA0009BB2C6F878382946FFF79EFE01303FF411
:101FB00019AF0223337406EB4503D6F87828B3F83B
:101FC00066385343D6F81C28C6F8783893427FF415
:101FD000AEAE4FF400637382D4F81862D6F8787806
:101FE000D6F87C2806EB45089F4206F1140928BF65
:101FF0001F46D2F81CA0B8F86638D6F87428B7FB8C
:10200000F3F349469BB22846D047002802DA112252
:10201000042168E7BBB24A468121204600F027FE32
:10202000D6F87438B8F86628B7FBF2F21344C6F84D
:102030007438D6F83C28D6F87838D21BDB1BC6F8A3
:102040007838C6F83C28002B7FF40AAF032333749A
:1020500006E7D0F81862337C002B45D196F920387A
:10206000002BFFF6AAAED6F87C380846DB68984706
:1020700000287FF436AFD6F87C3828461B6998478D
:102080000346D4F818020BB127227FE7D7F80220C5
:1020900012BAC6F87428B7F807305BBA9BB2C6F814
:1020A00078382946FFF720FE01303FF49BAE06EB5F
:1020B0004505D6F87828B5F866385343D6F81C2875
:1020C000C6F8783893427FF432AEB3F5006F4FF024
:1020D000010128BF4FF4006331749BB206F1140272
:1020E000204600F0CBFDBBE6D6F87878D6F87C2801
:1020F00006EB4109B7F5006F06F1140828BF4FF44D
:102100000067B9F86638D2F820A0B7FBF3F3D6F829
:1021100074289BB241462846D047002801DA0322A2
:1021200076E7D6F87438B9F86628B7FBF2F21344AC
:10213000C6F87438D6F87838D91BD6F83C38C6F8C3
:102140007818DB1BC6F83C3819B92046FFF702FDAA
:1021500086E6B1F5006F0B4628BF4FF400639BB2D3
:1021600042460121BCE77E78D0F8184216F00206FC
:1021700003D024220521204622E6D7F8022012BAF5
:10218000C4F87428B7F807305BBA9BB2C4F8783843
:102190002046FFF7A9FD01303FF424AE66825FE6DA
:1021A000B8950608B095060810B5D0F8180290F852
:1021B000651800EBC1041B02C4F848384B1CDBB2A5
:1021C000042B08BF002384F8442880F8653810BD2C
:1021D00038B5054600240121084603F063F80021C4
:1021E000022003F05FF8FA2001F02EFE002101200A
:1021F00003F058F80121022003F054F80134FA20CA
:1022000001F022FEA542E6D1BDE8384000210220BF
:1022100003F048B807B500231C4A00930446009B0E
:1022200093422BD30121084603F03CF80121022000
:1022300003F038F80121032003F034F801210420D1
:1022400003F030F80E211248104E01F0E3FC204656
:10225000F7F768FF0146204601F0DCFC0024254624
:1022600004F00300013003F031F80195019BB34203
:1022700008D301340F2CF3D930BFF1E7009B0133B1
:102280000093CCE7019B01330193EFE78096980020
:10229000EDE40508F8B5054605F0D8FF002843D061
:1022A0000A2601240021012002F0FCFF002705F08E
:1022B000CDFF80B10121084602F0F4FF642001F057
:1022C000D9FD0021012002F0EDFF0137C82001F007
:1022D000D1FDA742EBD14FF4C87001F0CBFD05F062
:1022E000B5FFD0B9022700260121084602F0DAFF27
:1022F000642001F0BFFD0021012002F0D3FF013670
:10230000C82001F0B7FDA642EED14FF4C87001F02D
:10231000B1FD012F09D00127E5E70134042C08BFE6
:102320000124013EBED1DDE701242C70F8BD08B5C3
:102330000121084602F0B6FF0021022002F0B2FFA0
:102340000021032002F0AEFFBDE808400021042078
:1023500002F0A8BF10B50378022B04460AD00F483C
:10236000F8F76AFDC30517D420B9022323700420AF
:10237000FFF72EFF0021012002F094FF0021022030
:1023800002F090FF0021032002F08CFF04200021C6
:1023900002F088FF002010BD0120FCE7FCE40508E6
:1023A00008B50378022B01D1002008BD0B4B1B7828
:1023B000002BF9D10A4BD3F8D80058B1E1F790FEC1
:1023C000F8F73AFDC30507D40028EDD10320FFF745
:1023D000FFFEE9E70348F3E70120E6E711050020E7
:1023E0003400002004E505080123437070470123F1
:1023F0000370704730B50B6803F00704022C85B0FA
:1024000005D09C0712D11D680A4CA5420ED10A4C7A
:10241000C4F8D83003AB0193084B00930431012377
:102420000138DBF7FDF8039BC4F80832062005B03D
:1024300030BD00BF34310608340000207492060815
:1024400070B5032890B0054601D101F01DFF0024AE
:10245000402300222146684606F0E4FEF8B908222F
:102460001F490DEB0200F7F74BFE0646B8B9DDE950
:10247000061359434B1C18D11A4C40F2EA6120460E
:10248000F0F726FA10F1130F26D1164B9C4218D004
:1024900015491648B1F778FB002010B070BD631CD9
:1024A000022B4FF00104E7D0D2E706F0BDFE06286C
:1024B0000446E2D14FF0FF31304606F0B5FE044647
:1024C000DBE7032DE4D001F0DFFE0028E0D140F28D
:1024D000EA612046F0F7FCF90028D9D10120DCE7B9
:1024E0005BE30508D0C606080CE505084C10060895
:1024F000014608B504460548F1F73EFA044821466E
:10250000DBF7BAFB0348FFF785FE00BF24E50508AB
:102510004C1006083DE405082DE9F0417A4C7B4D4E
:10252000DFF8248286B00746CDF76CFD4FF00063DC
:10253000A360636943F40073636101F01BFD744B96
:102540001A6842F400721A601A6842F480621A60D3
:102550001A6842F480721A60E2686E4B22F4E062FC
:102560001204120C1343E36000206B4CF9F7A4F83B
:10257000CDF76EFD01F010FC02F082FE05F05EFE6C
:10258000EDF79EFA002005F01BFF04F0F1FE634B0F
:10259000236023896FF3080343F4807343F001033E
:1025A0000026238102232382E681334632464FF4FC
:1025B000E131CDE901660096204604F0E1FE584A7B
:1025C0004FF48271204604F0BAFF0121204605F045
:1025D0000BF8C5F89041C5F8A84104F0A1FA03F042
:1025E00097FE06F043FC05A88DF814708DF8156071
:1025F0004C4FFFF74FFEA8EB070705A8FFF797FE24
:1026000049494A48C5E90087CDF7F4FED9F7FEFBF2
:10261000F7F71AFF03F08CF805F03CFD02F010FA12
:1026200000F080FE9DF81400FFF70AFF404B1A7877
:102630000AB901221A7058B140F2EA61D5F8440192
:10264000DFF7F5F8D5F8440140F2F261DFF7EFF873
:10265000002305A8C5F8D830FFF77CFE01282ED14D
:1026600005A8FFF7C1FE9DF815301BB1314932486E
:10267000B1F78AFA06F027FC9DF815301BB12F49F7
:102680002D48B1F781FAEDF7A3FAF8F709FC02F04B
:10269000DFF904F097FF04F0CBFB04F05FF9E9F7F2
:1026A000EDFBE9F76FFFEDF735FA05A8C5F8A8418E
:1026B000FFF79DFECEF720F8D9F702FC9DE7204BEF
:1026C0001E6816F002060BD100F0A0FCCDE90166F1
:1026D000009621234FF418424FF2550100F09EFC62
:1026E000EDF770FA05A8FFF75BFE0128B8D0154E8C
:1026F0003378012B04D1F8F75DFA0028F8D0AFE762
:10270000F8F7DCFAF9E700BF00ED00E03400002044
:10271000003C02400003FA0544060020006D060854
:1027200040050020F8830120F87F0120402300208D
:102730005D0A002042E505084C10060859E5050829
:10274000A41F002011050020F8BF01200346124AF3
:102750000846190F515C0170C3F30361515C41706D
:10276000C3F30351515C8170C3F30341515CC170E9
:10277000C3F30331515C0171C3F30321515C417117
:10278000C3F3031103F00F03515CD35CC371002347
:1027900081710372704700BF6BE505081FB50C46D9
:1027A000F8F770FC01A92046FFF7D0FFF8F76AFCA4
:1027B0000248F8F767FC04B010BD00BF8CE40508C0
:1027C0007FB5394B1B6804460BB901F0BDFB374B95
:1027D0003748384D00221A60F8F754FC2168364813
:1027E000FFF7DCFF61683548FFF7D8FFA168344880
:1027F000FFF7D4FFE1683348FFF7D0FF2169324883
:10280000FFF7CCFF31482146FFF7C8FF6169304828
:10281000FFF7C4FFA1692F48FFF7C0FFE1692E4809
:10282000FFF7BCFFAE6A2D48E96AFFF7B7FF2C48F7
:102830003146FFF7B3FF320603D5696B2948FFF72E
:10284000ADFF330403D5A96B2748FFF7A7FF274B3C
:102850009C4202D22648FFF7DDFC264B9C42F9D26F
:102860002548F8F70FFC254B9C422CBF244D04F162
:102870008005A542EED923482668F8F703FC01A994
:102880002046FFF763FFF8F7FDFB1E48F8F7FAFB59
:1028900001A93046FFF75AFFF8F7F4FB1A48F8F79A
:1028A000F1FB0434E5E700BF68060020A41F002008
:1028B0007CE5050800ED00E088E505088FE50508E2
:1028C00096E505089DE50508A4E50508ABE50508BE
:1028D000B2E50508B9E50508C0E50508C7E505083E
:1028E000CEE50508D5E50508DCE505080000002073
:1028F000E3E5050800C00120EDE50508F87F0120AB
:10290000F8BF0120C2E305088CE405081EF0040F9F
:102910000CBFEFF30880EFF30980FFF751BF70475A
:1029200008B50148FFF776FCF6E5050808B501484B
:10293000FFF770FC00E6050808B50148FFF76AFCE0
:1029400009E60508704770470148FDF7E5B900BF83
:102950006C06002016490B6A2BB3164A136923F044
:1029600006031361144B1A6842F480321A601A6825
:102970009203FCD5114B01221A660F4A13689B0182
:10298000FCD5936823F0030343F00203936093683C
:1029900003F00C03082BFAD10A68D2F8003E23F0AA
:1029A0000103C2F8003E064B4FF480225A61704783
:1029B0006C06002000ED00E00038024000004742B5
:1029C000003C0140102005F07BBB112005F078BBD6
:1029D000152005F075BB0000034AD36823F480631B
:1029E000D360162005F06CBB00280040092002F0DF
:1029F000E3BB08B5012002F0DFFBBDE808400A2078
:102A000002F0DABB0B2002F0D7BB012002F0D4BBEE
:102A1000022002F0D1BB032002F0CEBB042002F062
:102A2000CBBB000008B5052002F0C6FBBDE808409E
:102A30000148FCF7FAB900BFC81F0020012004F0CC
:102A40009BBE022004F098BE062004F095BE000054
:102A50000368B3F1A04F07B52DD10A230022174810
:102A6000022101F021F91548032101F072F90A232E
:102A700000221348022101F017F91148032101F047
:102A800068F9104B5A6B42F080025A63002201929F
:102A90005A6C42F480425A645B6C03F480430193A5
:102AA000019B094B6022432083F8432303B05DF868
:102AB00004EBF9F715B803B05DF804FB1CCB06086E
:102AC00008CB06080038024000E100E00368B3F1DB
:102AD000A04F01BF024A536B23F08003536370473A
:102AE0000038024000F56F71D0F8EC03FEF748B9EA
:102AF0001C2303FB0103D0F8EC03D3F80422FEF7F8
:102B00006CB91C2303FB0103D0F8EC035A6CFEF7ED
:102B100094B910B5C16804460039D0F8EC0318BF69
:102B20000121FEF7EFF9D4F8EC03BDE81040FEF701
:102B3000CAB9D0F8EC03FEF7E8B9D0F8EC03FEF719
:102B4000EDB9D0F8EC03FEF7F1B9D0F8EC03FEF7DD
:102B5000EBB9D0F8EC03FEF7EBB9D0F8EC03FEF7D5
:102B6000E9B9000070B50578164635BB144C4FF036
:102B7000A0420423C4E900234023C4F8EC036361AA
:102B8000C0F8204202232046C4E90635C4E90955AD
:102B90002562E36025632561E562FDF72FF8317852
:102BA00020468900FDF7A1FCE9B201352046725D9F
:102BB0009200FDF77BFC062DF6D1002070BD00BF12
:102BC0006C06002008B5D0F82002FDF793F800202D
:102BD00008BD08B5D0F82002FDF75FF8002008BD59
:102BE00008B5D0F82002FDF76DF8002008BD10B53B
:102BF0001446D0F820021A462346FDF74BFB00206E
:102C000010BD08B5D0F82002FDF773FB002008BD09
:102C100008B5D0F82002FDF730FC002008BD08B54B
:102C2000D0F82002FDF7D5FB002008BD08B5D0F88C
:102C30002002FDF7FBFB002008BD11F0800FD0F84B
:102C400020324FF01C021BBF01F07F0102FB013359
:102C500002FB013393F83A0008BF93F8FA0170477A
:102C600008B5D0F82002FDF703FB002008BD08B529
:102C7000D0F82002FDF78DFB002008BD08B5D0F884
:102C80002002FDF75BFB002008BD08B5D0F820024C
:102C9000FDF777FB08BD436893F89A38022B14BF01
:102CA0000E201E20704700000148FFF7F4BF00BF50
:102CB000A094060810B540681C46002300F0C6FD2D
:102CC00018B90B2323604FF0FF3010BD1FB503ABC5
:102CD0000193094B51F8044B009301380123DAF7B3
:102CE0009FFC039B5A1C18BF62684FF0060018BF78
:102CF00082F89C3804B010BD9892060808B5406868
:102D000000F096FD0028D4BF0E201E2008BD000054
:102D100038B5044640680A4B90F8992803EB8203C3
:102D20000021D3F84051074B062D995406D000F0EE
:102D30007FFD18B121462846D9F7EAFA062038BDAA
:102D4000340000205C0A002070B586B003AB01930C
:102D5000174B0093044651F8046B032301381546C2
:102D6000DAF75EFC012C02D82B68072B1DD9039CD7
:102D7000062C06D02046DAF7C3FF10B90D48D9F764
:102D800097FF049B1BB1012B02D00B48F7E70624E9
:102D90009DF814300BB10948F1E7736893F899284E
:102DA000074B03EB8203C3F84041062006B070BD19
:102DB000A09206087FDE050814E605081EE6050851
:102DC0003400002030B589B002AB51F8045B0193A8
:102DD0000D4B009301380223DAF722FC04A9029874
:102DE00002F0E4FDDDE905210446039B686800F07C
:102DF0002DFD1CB1DEF7DCFA09B030BD059004A84A
:102E0000E0F7FEFDF8E700BF5C94060810B588B057
:102E100003AB51F8044B01930A4B00930138022392
:102E2000DAF7FEFB039802AA05A902F0A3FDDDE98B
:102E30000512049B606800F065FCDEF7B9FA08B083
:102E400010BD00BF5C94060808B50846DAF7B8FF65
:102E5000F7F70EFD062008BD10B540681C4600F0CF
:102E6000D8FC18B90B2323604FF0FF3010BD0000D1
:102E70004B68024993F89928B0F786BE25E6050805
:102E800038B50C462046114602221D46DAF79CFB57
:102E900034B12868DAF794FF10B10020D9F708FFA1
:102EA000004838BDA094060808B50846114600221F
:102EB000DAF78AFB004808BD54930608F0B50D46C2
:102EC00087B00646012203A92846DBF7A5F9044688
:102ED00068B96A4604A92846DBF71AF8049B082B50
:102EE00014D801AD2F46049BA34212D803977068F3
:102EF000BDF81020039900F5A7500C30FEF7C8FD6F
:102F000080B90498DEF754FA07B0F0BD0648D9F747
:102F1000CFFE009B53F82400DAF752FF013405F886
:102F2000010BE0E70020EDE731E605080146014826
:102F3000FFF7C4BF5493060830B589B002AB51F80F
:102F4000045B01930F4B009301380223DAF768FB0F
:102F500004A9029802F02AFD04466868039B00F564
:102F6000A750DDE905120C3000F0ADFC20EAE0705E
:102F70001CB1DEF71DFA09B030BD059004A8E0F7DA
:102F80003FFDF8E788920608032970B50646154606
:102F900013D112F0010406D0406800F049FC00286B
:102FA000D4BF002401246B0705D5706800F09EFB98
:102FB00008B144F00404204670BD04291DBF162248
:102FC0001A604FF0FF340024F5E7032910B517D13C
:102FD00012F0010407D0436803F58053D3F800458D
:102FE000013418BF0124530708D5406800F5A750E5
:102FF0000C30FEF741FD08B144F00404204610BD3A
:1030000016221A604FF0FF34F8E70000024B1868F0
:1030100000B11879704700BF600A00202DE9F04F19
:10302000304C85B02668DDF8388007461D461EB155
:10303000012005B0BDE8F08F2B4BC4F814322B4BA8
:10304000C4F8183204F64843C4F8403C03F6A4031D
:10305000C4F8443C4FF0010B05F07F032071A3EB53
:103060000B004342434104F50A7A04F1040984F851
:1030700000B2C4F82892C4F81CA2504600934FF442
:10308000007300F0C3F9002F14BF05230323109A27
:1030900029465046FEF764FB08B13046C9E7B8F14F
:1030A000000F04D1124B039303AB0F93D8460F9933
:1030B000404600F061FD0F4BC4F8A43A0E490F4B97
:1030C0000F4805F03002302A18BF19460A46E909B0
:1030D000FFF748FD0A48FFF77CFD012349F8043C4F
:1030E000A6E700BF600A002058950608EC90060885
:1030F00068C6060864950608489506084F950608B0
:10310000640A002010B5064C23683BB1201DFDF772
:1031100017FE201DFDF702FE0023236010BD00BF37
:10312000600A00202DE9F047044694B0C0B95E481B
:10313000FEF714FB5D4B00F07F000C2101FB04F255
:10314000D5189A5C824206D16888C00040F002001F
:1031500014B0BDE8F0870134052CEFD10620F7E765
:103160000EAB0193524B00930623DAF759FA514AFA
:103170000E981368062843F00203136002D1FFF78C
:10318000C1FFEBE7E0F7ACFF484DBDF84070119E82
:1031900080460024A9466888CDF78DFF0146404649
:1031A000F6F7CEFF28B1696889B14046F6F7C8FF47
:1031B00068B9711C02BF0C2303FB04931E890C2306
:1031C000634319F8035045B93B48D9F771FD013401
:1031D000052C05F10C05DED1F6E7002415F0200FD3
:1031E00004940DF118080DD012980BAA04A9DAF76F
:1031F0008FFE049B022B47D8DFF8CCA0C146049B6E
:10320000A34243D8EA062CD505AA05211398DAF77C
:10321000A1FE059B1868DAF7D3FD059B8DF8200009
:103220005868DAF7CDFD059B8DF821009868DAF72C
:10323000C7FD059B8DF82200D868DAF7C1FD059B14
:103240008DF82300052218690BA9DAF7E5FF0B9B1F
:103250000A930C9B8DF82430059B1A69174BC3F811
:1032600038210F98431C01D1FFF7D0FE08ABCDE900
:103270000183049B0093B2B22B463946FFF7CEFE82
:1032800000287FF46BAF9FE70D489EE70B9B53F838
:103290002400DAF7B7FC824503D149F804AB0134C6
:1032A000ADE7084891E700BF880C0020B4940608F9
:1032B000B8920608A41F00205DE60508340000202F
:1032C00068E6050879E6050868C6060838B50A4BB9
:1032D00090F8994803EB8403D3F84031062B09D0CA
:1032E000064D2B5D33B90649064801EBC401D9F7F9
:1032F0004BFF285538BD00BF340000205C0A002079
:10330000A094060898940608426892F89C3882F8BF
:103310009B1821B103F0FD0382F89C38704743F0FD
:103320000203F9E7094A0A48002382F8E13482F8E7
:10333000E334084A0621C2F840110749C2F838317F
:103340000B700121C2F8B400FFF7DEBF601A002045
:10335000A0940608340000205C0A0020D0F818026F
:1033600012230B8000F508607047000030B504465A
:103370008BB01546052936D8DFE801F00D03131A86
:1033800033311A48D4F8184204F694042A462146E8
:10339000FDF748FF02E00423154C138020460BB0D4
:1033A00030BD017C134B1448002918BF1846E9E7CB
:1033B00012498A7DCB7E0492CA7D0392087C0A7EE4
:1033C000024402924A7E01928A7E897C0A440092DB
:1033D00010210B4A06A8F0F7F9FA06A8D2E7094827
:1033E000D0E70948CEE70024D8E700BF9CE60508EF
:1033F00060950608A8E60508EEE60508007AFF1FB6
:1034000013E70508CDE60508DFE60508F0B5059CDD
:103410008CBB4FF0EF0C022501271224002680F808
:103420008C381B0A80F8804880F8826801240226C4
:1034300080F8855880F888184025090A80F88A287D
:1034400080F88D38120A032380F8814880F8836859
:1034500080F884C880F8867880F8875880F88918C2
:1034600080F88B2880F88E4880F88F6880F8903834
:1034700080F89148F0BD00254FF0020C2F46CCE7B4
:1034800090F89B1890F89C280023A0F88C34A0F8A2
:103490008E3480F8903480F8983880F89A3839B1B2
:1034A00002F0FD0280F89C28C0F8A0384C3070472C
:1034B00042F00202F6E7002380F89A3870470000D5
:1034C000212908D0222919D0202902D11368C0F857
:1034D000A03800207047D0F8A0381370D0F8A0387A
:1034E0001B0A5370B0F8A238937090F8A338D370C9
:1034F00000231371537108239371EAE713F001035A
:103500000FD0012380F89A38074B08221A700368FD
:103510001B68D3F820321A68936943F0080393615B
:10352000D7E780F89A38D4E7A81F0020B0F896189B
:1035300038B5A0F89418B0F89428B0F8923892B240
:103540009342054602D190F898285AB3B5F89448AA
:10355000B5F89428C4F309049A1AC4F58064A4B297
:1035600092B2944284BFB5F894289B1AB5F8942877
:1035700088BF9CB2C2F30902214402F29142A5F82D
:1035800096182A4421462846FEF740FA44B1A2067E
:1035900009D1B5F89648B5F89238E31A5C425C4117
:1035A00085F8984838BD0024FAE710B5EFF3118488
:1035B000602282F3128838B190F89A2822B190F8EC
:1035C00049300BB9FFF7B2FF84F3118810BD00003A
:1035D0000D4A137813B1013B13707047D0F8EC33E8
:1035E0000268D3F818129369D1F8180A23F0080377
:1035F000936190F89A38012B04D1022380F89A380D
:10360000FFF7D3BF704700BFA81F0020B0F88C247D
:10361000B0F88E3492B29342CCBF00210121981AA7
:1036200000EB81204028CCBF00200120704738B536
:103630000446EFF3108572B690F890346BB1FFF743
:10364000E5FF50B984F8900485F3108804F14C012B
:103650002046BDE83840FEF7EEB985F3108838BD46
:103660002DE9F04100F14C06DFF87C800446771824
:103670003546BD420FD32046FFF728FE94F89C380C
:10368000DB0727D52046FFF7C1FF18B3012084F8D8
:103690009004BDE8F08194F89B3843B12A78D8F8BB
:1036A00000309A4203D1D9F733FD0135E1E7B4F890
:1036B0008C34B4F88E240133C3F309039A42DAD070
:1036C000B4F88C24297814FA82F282F88C10A4F8C9
:1036D0008C34EAE7002384F8903431462046FEF724
:1036E000AAF940B2D5E700BF28000020B0F894380E
:1036F000B0F89208C01A80B2B0F5007F8CBF0020ED
:10370000012070472DE9F84F0446894690469A46B5
:103710000025454505D12046FFF747FF2846BDE86F
:10372000F88FF7F7DDFF834694F89A38A3B1B4F821
:103730009268B4F89478F71BBFB2B7F5806F0BD0DE
:10374000C6F30903234419F8052083F891240136B0
:10375000A4F892680135DCE72046FFF726FFF7F76B
:10376000BFFFA0EB0B005045D8D2EFF31083012B25
:10377000D4D030BFD8E7F8B504460D468E18AE4217
:1037800004D12046BDE8F840FFF70FBF94F89A38FF
:10379000F3B9B4F8923815F8011BC3F309022244B7
:1037A000013382F89114B4F894289BB2A4F89238AB
:1037B0009B1A9BB2B3F5806FE1D9B4F8943801330A
:1037C0009BB2A4F89438B4F89438A4F89638D6E7A5
:1037D000F7F786FF0746B4F89428B4F892389B1A96
:1037E0009BB2B3F5806FD4D1F7F77AFFC31BB3F563
:1037F000FA7FCED82046FFF7D8FE23681B6893F8DF
:10380000FC31042BC5D0EFF31083012BC1D030BFA6
:10381000E1E710B590F89C389B07144604D5BDE845
:1038200010400023FFF76EBFFFF7A5FF204610BD35
:1038300010B5B0F88C44B0F88E34A4B2E41A48BF86
:1038400004F58064FFF7F3FE204610BD2DE9F84330
:1038500004460F46164698460025B54205D1204637
:10386000FFF7E5FE2846BDE8F883F7F739FF814604
:10387000B4F88C24B4F88E3492B29A420CD023441B
:1038800093F88C307B55B4F88E040130C0F30900F6
:10389000A4F88E040135E0E7F7F722FFA0EB09005A
:1038A0004045DFD2EFF31083012BDBD02046FFF73A
:1038B000BEFE30BFDCE74FF0FF3343611830704786
:1038C0004161002070472DE9F04105460C4616463F
:1038D000984600F0EDFA07466B69013314D06B6926
:1038E000A34298BF6C6905F1180739462246304655
:1038F000F6F796FB4FF0FF336B6139462846FEF72B
:10390000AAF82046BDE8F08100F0D2FAC01B40457D
:1039100007D2EFF31083012B03D00120D9F7C0FCAD
:10392000DAE76FF06D04ECE7084B1B7883420AD9A5
:10393000430001209840064B1B881840B0FA80F0E5
:103940004009404270474FF0FF307047AC1F0020E5
:10395000AA1F0020024B1878013840B2704700BF00
:10396000AC1F002010B50446084611461A46084B05
:103970001B78A34209D9074B53F82440064B9C42BD
:1039800003D105F0FDFB002010BD4FF0FF30FBE739
:10399000AC1F0020B01F002068C6060810B5044602
:1039A000084611461A46084B1B78A34209D9074B13
:1039B00053F82440064B9C4203D105F077FB0020CE
:1039C00010BD4FF0FF30FBE7AC1F0020B01F002000
:1039D00068C6060810B5034610464A78D20714D5C3
:1039E0008B7823B1832B0AD04FF0FF3405E00D4BC9
:1039F0001A689B88026083800624204610BD094B0C
:103A0000D3F8063003600424F7E7074A12789A4295
:103A1000EAD90C790549242C28BF24242246F6F73C
:103A2000FFFAEAE7BC950608AC1F00208C95060853
:103A3000094B1B7883420CD9400001228240074881
:103A4000038819B1134303800020704723EA02035F
:103A5000F9E74FF0FF307047AC1F0020AA1F00208D
:103A6000084B1B78834209D9430002209840064B3B
:103A70001B881840003818BF012070474FF0FF30F6
:103A8000704700BFAC1F0020AA1F002008B5084BDC
:103A90001B78834209D9074B53F82020064B9A42E2
:103AA00003D105F010FA002008BD4FF0FF30FBE70E
:103AB000AC1F0020B01F002068C606082DE9F8439F
:103AC000DFF8509099F80030834204460D461646C0
:103AD0001BD9DFF844800E4B58F820709F4214D158
:103AE00005F0E2F999F800303080A3420AD958F87D
:103AF0002430BB4206D105F0DAF92860002040B23C
:103B0000BDE8F8834FF0FF30F9E74FF0FF30F7E7FB
:103B100068C60608AC1F0020B01F00202DE9F04148
:103B20000446E0B10020BDE8F08162000125954027
:103B3000E2B293420FD958F824200B4B9A420AD193
:103B400005F094F933881D43ABB2338001343B78E0
:103B50009C42EADBE6E7338823EA0503F5E7034FF7
:103B6000034EDFF81080F2E768C60608AC1F00209D
:103B7000AA1F0020B01F002008B50228054B28BF4F
:103B80000220187082000448F6F74AFA034B00221C
:103B90001A8008BDAC1F0020B01F0020AA1F002003
:103BA00008B5024B185CD9F779FA00BFC69506082C
:103BB0000B4B37B50546D3F8A80148B103685A7CCA
:103BC00003EB820303211B692A469C6801ABA047D3
:103BD00004462846EEF746FA204303B030BD00BF46
:103BE0003400002010B50A4CD4F8A80140B103F00D
:103BF00011FD28B1D4F8A801BDE8104003F037BD8D
:103C0000EEF772FA002802DAD9F745FBECE710BDAF
:103C1000340000200E4B70B50646D3F8A8010C46C0
:103C200078B10A46314603F09FFD01252146304612
:103C3000EEF7BAFA002806DB844228BF0446204685
:103C400070BD0546F2E7002D08BF0024F7E700BF6E
:103C500034000020084B1A6812F001020BD107480B
:103C6000D0F8FC1041F08071C0F8FC105A601A685E
:103C700042F001021A607047001000E000ED00E021
:103C8000084A00F13F4000F57E00116B800A0123D5
:103C900083400B4382B01363136B0193019B02B00B
:103CA000704700BF003802402DE9F041C468067A31
:103CB0000D46204698461746FFF7E2FF25F004031D
:103CC000022B4FEA16160FD1F10804EB810106F022
:103CD00007030A6A9B000F20984022EA000208FAB4
:103CE00003F842EA08020A622068710003228A404F
:103CF00005F0030320EA02008B400343236063685E
:103D00000120B040AD0823EA0003B5402B436360B7
:103D1000A368022023EA020388400343A360E36808
:103D20008F4023EA02033B43E360BDE8F08170B5B6
:103D30000D46164619469DF81020044601F0F5FD83
:103D400030B1037A324620462946FFF7ADFF012005
:103D500070BD037A10B5C4681B09A2685B0003201C
:103D6000984022EA000299400A43A26010BDEFF396
:103D7000108372B6002B14BF0E201E20704708B5AA
:103D800028B10868DAF760F980F00100C0B280F36A
:103D90001088062008BD0000034B00221A60034B68
:103DA000F02283F822207047BC1F002000ED00E0C5
:103DB000054B43F82010054B01221A60044B4FF0CD
:103DC00080525A60704700BFB81F0020BC1F0020FF
:103DD00000ED00E0034A136813B100211160184799
:103DE000704700BFB81F002004490868002804D0AD
:103DF0004FF000020A60FFF7EDBF7047BC1F0020C4
:103E00000D4B10B51C6801341C604FF0E02304F02A
:103E100001021B69094B53F822300BB12046984729
:103E2000074B1B68A34205D1BDE81040054900209F
:103E3000FFF7BEBF10BD00BF1C050020C01F002043
:103E400018050020F1AE040870B50446EFF31083A6
:103E50004BB9074D2E680120D9F722FA2B689B1B1E
:103E60009C42F8D870BDBDE87040F9F7A7BE00BF0E
:103E70001C0500200346EFF3108242B9054908688B
:103E80000A68121A9A4200D3704730BFF8E7FFF76A
:103E9000DBBF00BF1C05002038B505460C46F7F710
:103EA0001FFC431B9C4200D838BD30BFF7E7000021
:103EB000014B1868704700BF1C05002070B5EFF378
:103EC000108672B64FF0E025AC69F7F709FC2B6954
:103ED00086F31088DB0302D5322C88BF01306B6972
:103EE0004FF47A721C1B54430133B4FBF3F402FB0E
:103EF000004070BD38B50446EFF3108343B9FFF7B7
:103F0000DDFF0546FFF7DAFF431BA342FAD338BDB6
:103F1000BDE83840F9F752BEBFF34F8F0549064B55
:103F2000CA6802F4E0621343CB60BFF34F8F00BF57
:103F3000FDE700BF00ED00E00400FA050A6882F327
:103F400008884A681047000008B5034B002000218C
:103F5000C3E90001FFF7E0FFF8BF012008B541F415
:103F6000B461034B41F00501C3E90001FFF7D4FF41
:103F7000F8BF012038B5114BD3E90001002400251A
:103F8000C3E90045C1F30B0240F2A5539A4214D194
:103F90000B4B5A6FD20010D54FF080725A67A3F5C1
:103FA00080336FF30B011A6822F003021A601A685B
:103FB00042F001021A60FFF7C1FF38BDF8BF0120CF
:103FC0000038024008B5022343600321F9F73CFEA4
:103FD00010B9034B186008BD6FF00400FBE700BF89
:103FE000000047422DE9F04F95B004460D461746B4
:103FF0009B46F9F7E3FDA0420FD1F9F7D9FEA8429D
:104000000BD1F9F7DBFEB84207D1F9F7EFFE5845BF
:1040100003D1002015B0BDE8F08F5D4A5D4BB4FBC5
:10402000F3F3A2F12C010093914202D16FF015003D
:10403000F0E732F8026D0098F3B29842F4D3C6F379
:10404000012808F101084FEA4802B60A01921CD083
:10405000012E1AD053434FF0020A192103FB06F236
:10406000B2FBF1F83021B3FBF1F90520FFF7ECFECC
:10407000B4FBF5F50F2103915146012928BF012119
:10408000012D049107D8002116E0B2464FF0070930
:104090004FF4A878E9E7022D39D0042D39D9082D3D
:1040A00039D9102D39D9402D39D9802D39D9B5F5C7
:1040B000807F8CBFF021E021374805910909415CE0
:1040C000CC40B4FBF7F7012F2DD9022F2DD0042FB0
:1040D0002ED9082F8CBF4FF4E0514FF4C051B4FBE0
:1040E000FBF4012C069126D9022C26D0042C27D9CA
:1040F000082C8CBF4FF4E0514FF4C051079103A836
:104100000121F9F7A1FDF0B16FF0040082E78021F1
:10411000D2E79021D0E7A021CEE7B021CCE7C021A3
:10412000CAE7D021C8E70021D9E74FF48051D6E78C
:104130004FF4A051D3E70021E0E74FF48051DDE7D1
:104140004FF4A051DAE74FF480310124CDE9084162
:10415000019B0B90102102220C9108A84FF48001C2
:10416000CDE90E21CDE91068CDE91239F9F790FBC0
:1041700002460028C8D1BAF1020F7FF44AAF009975
:10418000039403A8FFF71EFF00283FF442AFBBE7EC
:104190000C96060840420F00A4A1050810B5EFF3E5
:1041A000108472B6F9F766FB01210846F9F736FB71
:1041B0000F4B1A6842F480321A601A689203FCD5D9
:1041C0000C4B01221A660A4A13689B01FCD59368BE
:1041D00023F0030343F002039360936803F00C039E
:1041E000082BFAD1034B00221A6084F3108810BD0B
:1041F000003802400000474208B504F075F9104B42
:1042000010489A68CA21596253215962996821F469
:1042100070419960D96821F47061D960016841F0FA
:1042200004010160996802F470420A439A60FF2217
:104230005A62054B00225A60F9F70CFBFFF784FE27
:104240000028004000700040002004E070B50D4CD4
:104250008CB00646042522680A2302A93046ADF731
:10426000D3F840B9D4E9012101AB02A8ADF736FA81
:1042700002A8ADF72BFB013D04F10C04EBD10CB00F
:1042800070BD00BF0C96060830B50121ADF28C4D13
:10429000022001F007F8F7F723FA0024054682A868
:1042A000ADF80C4205F00EF84FF40073009322466F
:1042B00002AB012193A8ADF767FF044640B10D4959
:1042C0000D48AFF761FC6FF012000DF28C4D30BD60
:1042D0000A4993A8ADF7D0FE93A8FFF7B7FFC8210E
:1042E0002846FFF7D9FD0220214600F0DBFF2046DB
:1042F000EBE700BF2CE705084C10060814D70508AB
:1043000002690346D06A5A7932B980B29B6933F0A8
:10431000100308BF013001E0421CF7D170470128AB
:1043200070B50C680D460DD12369D86A6379002BEE
:104330004FF6FF7318BF4FF0FF33BDE870401840D1
:10434000DDF736B84868D9F73BFD63794FF6FF765D
:10435000002B08BF3246236918BF4FF0FF321040D0
:10436000D8626868D9F72CFD6379002B18BF4FF02D
:10437000FF363040E061062070BD012810B50C68A2
:1043800006D12369986ABDE8104080B2DDF710B805
:104390004868D9F715FD236980B29862062010BDE0
:1043A000012810B50C6805D12369BDE81040586A92
:1043B000DCF7FEBF4868D9F703FD23695862062081
:1043C00010BD012810B50C6812D16168227A0B6902
:1043D000013A3433BDE8104053F822004B79002BEA
:1043E0004FF6FF7318BF4FF0FF331840DCF7E0BF04
:1043F0004868D9F7E5FC63685A791B69002A227A74
:104400004FF6FF7103F1340318BF4FF0FF31013A4B
:10441000084043F82200062010BD00008B0710B5AD
:104420000446084621D10A68194B9A421DD1D9F792
:104430001DFDB5EEC00AF1EE10FA02D800242046A8
:1044400010BDDFED147AB4EEE70AF1EE10FAF6DAF9
:1044500080EE277A07EE904AF8EE677A67EE277AC1
:10446000FCEEE77A17EE904AE9E7D9F7A9FC0028B5
:10447000E4DD6328E3DC084B9C4298BF44434FF0E3
:1044800064038ABFB4FBF3F4B4FBF3F44443D6E70C
:10449000EC2406080000C842285C8F0270B50C6846
:1044A000656806462846FFF72BFF012E21D12B69B0
:1044B000217A9FED1B0A0139343353F82130697991
:1044C00000294FF6FF7118BF4FF0FF310B409842A3
:1044D0000BD907EE903A07EE100AF8EE677AB8EEBD
:1044E000477A67EE807A87EE870ABDE87040DBF78F
:1044F000A9BE4968FFF792FF6268217A5379126971
:10450000002B02F134024FF6FF7301F1FF3118BFA7
:104510004FF0FF33034042F82130062070BD00BF4A
:104520000000C84273B54B684A7A1D79074B0E7A72
:10453000044653F83200CCF7BEFD054900903346DF
:104540002A462046AFF720FB02B070BD20A7060820
:1045500066E7050838B50446012303FA01F123692B
:104560001D69104605EA0102A94312D1D96801EA82
:1045700002058A430DD1ED43227B1D612146F6F7EA
:10458000B3F9002805DA0623A3602369DA68154029
:10459000DD6038BD062938B504460D4607D10269ED
:1045A000D36823F00103D3608160062038BD08463C
:1045B000D9F7A6FBA8B12369DA6822F00102DA6014
:1045C000A5606FF0010204F110051A612846FAF7A0
:1045D000E3FB2846FAF7F7FB94F94C00F7F780FA6B
:1045E000E3E70148D8F764FB92E70508062938B5E8
:1045F00004460D460BD14368007A19690122CB6845
:10460000824023EA0203CB60E560062038BD0846FD
:10461000D9F776FB002841D06268207A1169E560FD
:1046200001238340DB430B611379012B14BF92F903
:104630004C001B20F7F754FA637A072B10D8012B94
:104640006068217A1DD9013989001030FAF7DAFE45
:10465000217A6068013989001030FAF7A3FED4E7A7
:10466000082BD2D1217A6068013989001030FAF71D
:104670003CFF217A6068013989001030FAF711FF98
:10468000C3E7013989001030FAF7FEFE217A60682D
:10469000013989001030FAF7B3FEB6E70148D8F7C0
:1046A00007FB00BF92E7050870B505460621002606
:1046B000FFF770FF2C6D2E6534B92B6985F84940E2
:1046C00006201C621C6070BD20460621FFF78EFF8D
:1046D000236926611C46EFE72DE9F047074692B0B3
:1046E000D1E9005088469146D9F76AFB431E032B57
:1046F000064604D99B4902469B48D7F7CEFC2C6D51
:104700004FF0000A64B9022F20D1D9F80030072BEE
:104710000DD8002C08BF0624204612B0BDE8F08753
:10472000237AB34200F08081A2462469EAE76CB1A3
:1047300006212046FFF75AFFBAF1000F02D0236985
:10474000CAF8103023692B650023236102AB019363
:10475000864B00934A46072308F10801B81ED8F794
:104760005FFF1420CBF784FD0023C0F80A30C0F8A7
:104770000E3043827E4B0672C0E90035029B4372C5
:10478000049E039BC360062E04462AD016F003073E
:1047900003D13268774B9A4202D07748D8F788FA2B
:1047A0002A793946304601F0C0F828B92B79B28809
:1047B00072496D48D7F771FC714B41F62271CDE912
:1047C00009360523CDE90B1341F252730D93037A99
:1047D0005B0043F0010309AA022138460E93D7F784
:1047E000A1FD2B6D23612C65627A05F110060B2A61
:1047F00000F21881DFE802F00606494949494949B3
:1048000090CCCCCC5F4B069903EBC20306295B68C6
:10481000099334D02846FFF773FDFFF7FFFD00230F
:10482000CDE90C330B934FF480724FF40073CDE954
:104830000E230A90227A013A09A992003046FAF72B
:1048400032FDE16806291CD1217A01398900304600
:10485000FAF7A6FD2A694C4B9A427FF45DAF217AA4
:104860000139890008293FF657AF40F21113CB40B8
:10487000DB077FF551AF3046FAF780FE4CE705982D
:10488000CDE72046FFF7B2FEE4E73E4B03EBC20361
:10489000089A5B680993571C079B0A9308BF00227C
:1048A00000230D93D31A18BF0123DB000C934FF4A0
:1048B000807C4FF40073CDE90EC332F002030B92FB
:1048C00001D0324918E7227A013A09A9920030460C
:1048D000FAF7C0FCE16806291AD1217A013989006A
:1048E0003046FAF749FD2A69274B9A427FF414AF04
:1048F000217A0139890008293FF60EAF40F21113E1
:10490000CB40DD077FF508AF3046FAF728FE03E716
:104910002046FFF76BFEE6E7089A511C4FF00003B4
:1049200008BF00220120CDE90A030C9332F00203F4
:10493000099201D00A2AC4D1227A013A09A9920027
:104940003046FAF7DFFBE168062906D1217A013902
:1049500089003046FAF79AFDDEE62046FFF746FE6C
:10496000DAE600BFA6E7050808210608ACA4060899
:10497000CCA6060820AB0608B1E70508BDE7050888
:10498000D8AA060820A7060800000140C8E70508C5
:10499000274B03EBC203089A5B680993531C4FF043
:1049A000010308BF00220B930F9300230C93109375
:1049B0000D93119332F002030A920E9202D00A2A4A
:1049C0007FF47FAF2B691B4A934211D0B3F1804F24
:1049D0000ED0A2F57C4293420AD002F58062934247
:1049E00006D002F58062934202D02A79124983E60A
:1049F000DA6822F00102DA6009A93046FAF70AFB08
:104A00002B6900225A62AA68062A06D06FF00102BA
:104A10001A61DA6842F00102DA6018213046FAF7CA
:104A2000DEF979E6054967E6022F7FF481AE6CE690
:104A300020A7060800000140D4E70508E8E70508BC
:104A4000024838220021F5F72FBB00BFE801002003
:104A500038B5054D002455F8040F08B1FFF724FEC2
:104A600001340E2CF7D138BDE4010020704700005E
:104A7000034B013853F8200020F0FF00704700BFBF
:104A8000E8A60608013888B00A2813D8DFE800F045
:104A90000614212E3B121212485562000023009387
:104AA000334B5A6C42F001025A645B6C03F0010311
:104AB0000093009B08B07047002301932C4B1A6CA5
:104AC00042F001021A641B6C03F001030193019B85
:104AD000F0E700230293264B1A6C42F002021A649C
:104AE0001B6C03F002030293029BE3E70023039392
:104AF0001F4B1A6C42F004021A641B6C03F004038F
:104B00000393039BD6E700230493194B1A6C42F0DE
:104B100008021A641B6C03F008030493049BC9E7A2
:104B200000230593124B5A6C42F480325A645B6C3A
:104B300003F480330593059BBCE7002306930C4BDD
:104B40005A6C42F400325A645B6C03F400330693EF
:104B5000069BAFE700230793054B5A6C42F4802273
:104B60005A645B6C03F480230793079BA2E700BFA2
:104B700000380240142808B50CD80A4BC340DB07A4
:104B800008D5F9F733F9084B9B6803F4604303B188
:104B9000400008BDF9F712F9034B9B6803F4E0539A
:104BA000F5E700BF020F100000380240F8B50746D5
:104BB00000790D461646FFF7DDFFAB070446284691
:104BC00039D12A682F4B9A4235D1D9F74FF9B5EE32
:104BD000C00AF1EE10FA26D82B48D8F769F820EE73
:104BE000070A5143B4EEE70AF1EE10FA01D5013B92
:104BF000F5D107EE904AF8EE677A87EE807AFCEE00
:104C0000C77A17EE903A7A79012B38BF01238ABB15
:104C10001E481F4C03250527B3F5803F13D2013BE7
:104C20004FF6FF7229E005230121F7EE007A0A22F0
:104C3000B2EE047AD6E7D9F7C3F80028CCDDB4FB8E
:104C4000F0F30121DFE700FB03F2B2F1333F04D8B8
:104C5000B3FBF7F301EB8101DEE704FB03F2B2F1F2
:104C6000553F4FEA410293BF891811465B08B3FBD9
:104C7000F5F3D1E7013B4FF0FF321A40481E326096
:104C800080B2F8BDEC240608F0E70508CDCCCCCC0A
:104C9000ABAAAAAA012873B50E683FD1336972790D
:104CA0009D6ADC6A3079002A4FF6FF7218BF4FF018
:104CB000FF321440FFF75EFFADB26A1C631CB0FB0D
:104CC000F2F102FB1104A4B107EE900AB8EE677A84
:104CD00007EE902AF8EEE77AC7EE276A07EE903AD9
:104CE000B8EE670A86EE800A02B0BDE87040DBF7D6
:104CF000A9BAB1FBF3F003FB101252B107EE901A00
:104D000007EE103AF8EE677AB8EE470A87EE800AA7
:104D1000EAE702B0BDE87040DCF74ABB01AA496887
:104D20003046FFF743FF3269019B90620620D36251
:104D3000F36102B070BD08B50079FFF71BFFBDE855
:104D40000840DCF735BB00002DE9F04F97B0044672
:104D5000084611461A460CAB0193824B00930A2376
:104D6000D8F75EFC0C99062914D004F11C022046E9
:104D7000FFF71CFF6061109AA26132F010037CD033
:104D800022F04003202B78D0402A76D0764977480D
:104D9000D7F783F9DDE90D355E1C04D0681C69D0B6
:104DA0006361E561E7E7691C64D020790F9EFFF736
:104DB000E1FE002D01DD002E02DC6D48D7F778FF03
:104DC0003246F317A0FB050105F05CF894F8059056
:104DD00006460F46B9F1000F1BD04FF0FF380023F5
:104DE0000393012543F2333A45F2555B039BB045EB
:104DF000BB4111D3B9F1000F4FF6FF7306F1FF3637
:104E000018BF4FF0FF33013D1E40ADB2E661656152
:104E1000B1E74FF6FF78E2E755450CD805220023AD
:104E20003046394605F02EF81A4306D105EB8505C4
:104E300006460F46DAE75D450AD8032200233046CE
:104E4000394605F01FF81A4302D105EB4505EFE797
:104E500070086D0040EAC770A8424FEA570171F12F
:104E600000033CBF06F001063543B5F5803FDFD9AE
:104E70004048A3E74048D8F7C7F8119B022B52D00F
:104E80001A1F534253415B0221792362002363625C
:104E90000846FFF7F7FD05290CD094F84C30374A47
:104EA00003F07F031344D020012983F8000308BFD7
:104EB00082F81B0304F110063046FAF791F82269D4
:104EC0002F4B9A421ED1DDE913571C22002105A861
:104ED000F5F7EAF8002D39DD7F2D05DDFF2D25DC06
:104EE0006D10403D45F0800508959FB3013F4FF49C
:104EF000805318BF012709937F0305A930460A97FD
:104F0000FAF73EFB22691299136843F0800313609D
:104F100006299DF8543023731FD13046F9F72FFF2F
:104F200017B0BDE8F08F4FF48073ADE7B5F5007FA3
:104F300004DAED10203D45F0C005D5E7B5F57C7FDE
:104F400006DA2D11203D45F0E005CDE70025CBE741
:104F5000FF25C9E74FF40057CFE72046FFF71AFBBC
:104F6000DEE700BF5CA40608E8E70508082106089C
:104F7000F0E7050809DE0508FDE7050800E100E0A7
:104F8000000001402DE9F04F1F460D46904685B0C8
:104F90002A4A41462846D8F717FB3868D8F710FF49
:104FA00000F1FF3ABAF10D0F064605D8244B53F82D
:104FB0002AB0BBF1000F04D1224923483246D7F76B
:104FC0006CF8DFF8909009EB8003D3F8B041F4B9A6
:104FD0005420CBF74DF94E22044600210630F5F758
:104FE00063F81A4B23602BF0FF000623B0F1804FCB
:104FF0002671A360206184F84CB01DD0144BC31AF5
:105000005842584109EB8A096071C9F8B441012D31
:1050100002D8B8F1000F0BD007EB8502414601A87A
:10502000D8F797FB01AB3A1D691E2046FFF78CFEAF
:10503000204605B0BDE8F08F0120E3E7FFFF030045
:10504000E8A606082DE80508082106083CA506087C
:10505000000C00403400002010B50C4613460A1D19
:10506000411E2068FFF770FE062010BDF0B591F8D4
:1050700049300A7985B005460C462BB9394905B047
:10508000BDE8F040AEF780BD0B699E6ADF6A4B79E0
:10509000002B10464FF6FF7318BF4FF0FF331F4031
:1050A000FFF768FDB6B27A1C06FB0222B0FBF2F3F2
:1050B000A0692279002839D02B49DFF8D4C0102804
:1050C00008BF6146206AB0F5007F31D0B0F5807F1F
:1050D00014BF01200220CDE90210CDE90067234969
:1050E0002846AEF751FD2369214A934217D15B6CE4
:1050F00019061FD403F07F021E492846AEF744FD6F
:1051000023695A6CD20428D55B6C1B4A1B4913F4E3
:10511000005F1B4B284618BF1A46AEF735FD1949EC
:10512000284605B0BDE8F040AEF774B91649C9E7A6
:105130000420D0E703F0C002802A04D103F03F032B
:1051400040335A00D8E703F01F0203F0E003203297
:10515000C02B0CBFD2001201CEE70C492846AEF797
:1051600013FDDCE732E80508D7A705083CE8050889
:105170000000014078E80508BBA7050886E8050897
:10518000B2A7050893EC050867AD05088FE8050888
:1051900082AD050810B50446D8F734FD044B8342B0
:1051A00002D00448D7F784FD04F1100010BD00BF01
:1051B0003CA506089DE80508F8B5431E0D2B2CD824
:1051C000164B03EB8003D3F8B04134B3A26800213F
:1051D0002046FFF7BFF90126256D374695B92369AB
:1051E000DA6822EA060212F0FF0216D0D968D0432C
:1051F00021EA0201D960186109490A48BDE8F8406E
:10520000AEF7C2BCEA68297A2046FFF7A3F92B7AE9
:105210002D6907FA03F31E43E0E7F8BD34000020D0
:10522000A7E805084C1006084A680149AEF7ACBC6F
:10523000D5E8050810B51C46084611464FF0021285
:10524000D8F7C2F92068D8F7BBFD0128024603D081
:1052500002490348D6F721FF024810BDDDE80508E2
:1052600008210608F4A706080379012B04D1034B93
:10527000DA68DB881B049361062070478CC9060836
:1052800070B5074CE5682846FEF7FAFCE388AB6189
:10529000002320461A46BDE870400121FEF704BDF8
:1052A0008CC90608012804D1034AD388D26809B9F9
:1052B000936170471B04FBE78CC9060808B50079A9
:1052C0000021FFF7EFFF062008BD0000012805D1EF
:1052D000034BDA68DB8851694B405361704700BF6C
:1052E0008CC9060808B50079FFF7F0FF062008BD55
:1052F000012808D1054BDA68DB885269134214BFD4
:10530000FF20002070470020704700BF8CC90608AE
:105310000029D4BF00210121FFF7C4BF0B68012879
:1053200010B51C7906D12046FFF7E2FFBDE810401A
:10533000DCF73EB84868D8F743FD01462046FFF742
:10534000E7FF062010BD00000128044B83BF4A6818
:10535000C3F8D4200620D3F8D400704734000020CE
:105360000128044B83BF4A68C3F8D0200620D3F835
:10537000D000704734000020C388C2681B049361CA
:1053800006207047C368C2889A61062070478088EB
:10539000C00040F002007047007A00F00F004000AB
:1053A00040F001007047007A0009400040F0010021
:1053B0007047C068400040F001007047007A40002C
:1053C00040F0010070474068C00040F002007047A4
:1053D000C068400040F00100704708B500F090FA46
:1053E000400040F0010008BD08B500F07FFA400021
:1053F00040F0010008BD08B500F064FA400040F03C
:10540000010008BD0021F8B506460846DCF79AFC05
:10541000376904460025737A03F00F03AB4207EBAC
:105420000511204600D8F8BDDCF701FA0135F2E796
:105430002DE9F041002106460846DCF783FCB188DF
:10544000C90041F002010546DCF7F1F90B4BDC68BD
:105450005B6808340027C3F3DC08B84502D8284647
:10546000BDE8F08154F8043CB34204D154F8081C60
:105470002846DCF7DCF901370834EEE7ECC706080C
:1054800070B586B003AB51F8046B01930B4B0093DE
:105490000446032301381546D8F7C2F8012C02D878
:1054A0002B68072B06D9039B9DF8142004993046DE
:1054B00002F056FD062006B070BD00BF28A8060801
:1054C0004A680149AEF760BB11E9050870B58A88E2
:1054D0000D462A490446AEF757FB284600F0F2F97C
:1054E00003280AD80138022839D8DFE800F002354D
:1054F0002F0040F2F110002604E0112832D04FF4C2
:1055000092700126CBF7D7FD01462046ADF782FF0A
:10551000284600F0EBF9012827D0022805D14FF4E6
:10552000FE7217492046AEF72FFB26B3284600F03F
:10553000E7F906460146284600F00BFAC0B91149C2
:1055400032462046BDE87040AEF71EBB0E492046ED
:10555000BDE87040ADF75EBF40F22310D1E740F2E6
:10556000C110C8E74FF4F870C5E74FF4FF72D8E7F1
:1055700042680649E5E70649E9E700BFE8E80508AB
:105580000AE9050818E9050802E9050822E90508FD
:1055900093EC0508012904D002290BD04FF0FF300D
:1055A0007047C368027A1B69120923FA02F000F0FF
:1055B00001007047C388C16812B18B610020704739
:1055C0001B04FAE7012810B5064C05D94868D8F73E
:1055D0003BFD2070062010BD2378002B0CBF0E2051
:1055E0001E20F8E70420002070B50D460446114641
:1055F000284602221E46D7F7E7FF55B9E368186927
:10560000237A1B09D840400000F0020040F001005E
:1056100070BD3068D8F718FDE388E26810B1936177
:105620000620F5E71B04FAE710B40C460B1D002218
:10563000411E20685DF8044BFFF7D6BFF0B58DB072
:105640000546084611461A4602AB01932C4B0093BF
:105650000523D7F7E5FF029C032C18D9A4F1110309
:10566000012B14D9274A24F4001393420FD002F5DA
:10567000801294420BD0A2F57022934207D0224BA5
:105680009C4204D0214922462148D6F706FD0398C2
:10569000062807D0D8F794FB02280246074602D90D
:1056A0001C49F1E70027069E24F01003721C08BF76
:1056B000049E022B09D10F2E04D849F2F773F34050
:1056C000DB0702D414493246DEE7E868FEF7D8FA71
:1056D000059828B1D8F7B8FCEB88EA6868B19361FF
:1056E000EB88E8680997CDE9073407A90223CDE9DB
:1056F0000A36F6F7E3FB0DB0F0BD1B04EFE700BF81
:1057000000A80608000011100000221030E905086A
:10571000082106083AE9050844E9050810B50C46D1
:1057200013460A1D411E2068FFF788FF062010BDA2
:10573000034B0622C3E93422024B00221A70704741
:105740003400002004200020F8B510F003043A4E85
:10575000054614D10268394B9A4210D133785BB1B7
:1057600037493848AEF710FA21462846D8F77CFA70
:1057700035493448AEF708FA2C462046F8BD334F79
:10578000D7F8D400062827D02946D6F7C1FD062829
:10579000044621D010F0030703D10268274B9A4238
:1057A00002D02B48D7F784FA3378002BE5D029496B
:1057B0002448AEF7E9F928460121D8F755FA2649D9
:1057C0002048AEF7E1F920460021D8F74DFA1E49EE
:1057D0001C48AEF7D9F9D0E7D7F8D00006280CD08E
:1057E000002229460430D7F7DDFF30B1446824B1E8
:1057F0003378002BC1D01949DAE71948294600F05F
:105800008CF8044620B13378002BB6D01549CFE789
:105810001548294600F081F8044620B13378002B62
:10582000ABD01249C4E72846DEF75AFC10490246BD
:105830001048D6F732FC00BF0420002020AB060839
:105840004CE905084C1006088DE4050834000020DA
:1058500060E9050879E905088AE905088FE905087E
:10586000ECC70608A2E905080CC80608B2E9050855
:10587000C0E9050808210608F0B50C461E46174683
:1058800085B00F4A39462046D7F79EFE3068FFF7AD
:105890005BFF012C054600D877B106EB8402394640
:1058A00001A8D7F756FF01AB321D611E2846FFF74E
:1058B000C5FE284605B0F0BDC068FEF7E1F9F8E77F
:1058C000FFFF0300017A10B5C46809092368490085
:1058D000CB40024603F00300431E012B05D863684A
:1058E000D2881A4218BF40F0100010BDC368DA68B1
:1058F000037A1B095B0022FA03F000F003007047F3
:10590000037AC168DA090832C3F3021351F822009E
:105910009B00D84000F00F00704708B5002204300B
:10592000D7F740FF00B1406808BD034630B55C7A48
:10593000006904F00F0400239C4201D8002030BD10
:10594000457A8D4202D1857A9542F8D001331030E4
:10595000F2E7034610B55A7A006902F00F020023FD
:105960009A4201D8002010BD047A8C42FBD001334A
:105970001030F5E738B5C3070C46154605D4810746
:105980000CD10268084B9A4208D1D8F719FA0122C3
:1059900028704223C4E90123256038BD2146052231
:1059A000BDE83840D8F738BC4427060830B5C207F0
:1059B00085B004460D4605D483070ED102680C4B12
:1059C0009A420AD12046D8F7FBF901462846CBF780
:1059D0005BFC0024204605B030BD062201A920460C
:1059E000D8F71AFC019BAB60029B6B60F2E700BF2B
:1059F0004427060837B5EFF3108472B61B4901231C
:105A00000A680D6883402B430B6084F310880728D5
:105A100017DCD2B29AB9164B1A6B12F400120ED1DF
:105A200000921A6B42F400121A631B6B03F400130A
:105A30000093009B0F4B4FF0FF321A605A6003B087
:105A400030BD12F47F4FFAD1094B1A6B12F4800269
:105A5000F5D101921A6B42F480021A631B6B03F4B6
:105A600080030193019B044BE5E700BF0820002061
:105A7000003802400C20002014200020072808498C
:105A8000D4BF0022012201238B54064A064911602B
:105A900006490A68834022EA03030B60704700BF8F
:105AA00006200020C01F0020B15A05080820002051
:105AB000124B1A8892B202B310F0060F1DD1C0F338
:105AC000C0001A5CCAB11A5C0132D2B2082A1A5458
:105AD00013D90B4A0B49126851F820100A400AD119
:105AE0001A54094B1A6B18B922F400121A63704742
:105AF00022F48002FAE701221A547047062000209F
:105B00000820002078AB060800380240024B1868D5
:105B100008B1F6F757B870471C200020024B5868B0
:105B200008B1F6F74FB870471C200020024B986868
:105B300008B1F6F747B870471C200020024BD86820
:105B400008B1F6F73FB870471C200020024B1869D7
:105B500008B1F6F737B870471C200020024B58698F
:105B600008B1F6F72FB870471C200020024B986947
:105B700008B1F6F727B870471C200020024BD869FF
:105B800008B1F6F71FB870471C200020024B186AB6
:105B900008B1F6F717B870471C200020024B586A6E
:105BA00008B1F6F70FB870471C200020024B986A26
:105BB00008B1F6F707B870471C200020024BD86ADE
:105BC00008B1F5F7FFBF70471C200020024B186B8F
:105BD00008B1F5F7F7BF70471C200020024B586B47
:105BE00008B1F5F7EFBF70471C200020024B986BFF
:105BF00008B1F5F7E7BF70471C200020024BD86BB7
:105C000008B1F5F7DFBF70471C200020F0B5CD6864
:105C100004469C460B6844F8043B06460F469646ED
:105C20000FCD0FC40FCD0FC495E80F0084E80F000F
:105C30007B68C6F808E07360C6F838C0F0BD0000A5
:105C40002DE9F0410F461646002160220446984691
:105C5000F4F72AFABFB397F908503246394643465B
:105C60002046FFF7D3FF194B284643F82540FFF79E
:105C7000C1FE7B68B6FA86F2C3F34263520943EA77
:105C8000C212134B134E595D914215D020465A55FE
:105C9000F6F7F0F82046F6F76FF8735D03F07F0330
:105CA00003F1604303F56143502283F800237057EA
:105CB000BDE8F041F5F714BF012384F835302046E4
:105CC000F6F744F8F3E7BDE8F08100BF1C200020A0
:105CD0000C20002080AB060810B5044678B190F97E
:105CE0000830074AD056F5F709FF94F90800054B2C
:105CF0000022BDE8104043F82020FFF7BFBE10BDD2
:105D000080AB06081C20002010B560B190F9081087
:105D1000054C4368625CC3F3426302F07F029A421F
:105D200004BFFF23635410BD0C20002000F140434A
:105D30002DE9F041A3F5A84304460F469E0AF5F766
:105D4000CFFCDFF82C80054663693B4201D0002080
:105D50000CE0F5F7C5FC38F81630401B9842F3D339
:105D6000236823F0010323606FF06D00BDE8F0812C
:105D70005E200020F8B500F14043A3F5A843044697
:105D80009E0AF5F7ADFC0C4F0546206810F4007034
:105D900004D1236823F0010323600CE0F5F7A0FC95
:105DA00037F81630401B9842EFD3236823F00103E5
:105DB00023606FF06D00F8BD5E2000202DE9FF41EB
:105DC000044604F14046A6F5A846B60A771C1D46CF
:105DD000FFB201230846904600971A460621FDF7B8
:105DE000A6FF20B94FF0FF3004B0BDE8F0810123D9
:105DF00000971A4606214046FDF799FF0028F1D08A
:105E0000214BBDF8282023F81620204A4FF400111A
:105E1000136AB1400B431362136A23EA010313624E
:105E2000136C19431164136C0393039BF7F7C6FFBC
:105E3000002323601649B0FBF1F16160A360E360C9
:105E4000144B421E1448AB4228BF2B4685420CD847
:105E50005B00B2FBF3F30133042B38BF0423E3618F
:105E60000131002021626062BEE719204343B2FB8A
:105E7000F3F2013242F4404201EB41010A23E261B4
:105E8000B1FBF3F1ECE700BF5E20002000380240D8
:105E900040420F00801A0600A0860100F8B51F4698
:105EA00003689DF818C00D46D9070446164613D45A
:105EB0008369DA0710D52A4B04F14042A2F5A842C3
:105EC000186A4FF40011920A01FA02F210431862A4
:105ED000196A21EA02021A6215B1BCF1000F3BD027
:105EE000C4F808C0236843F001032360236843F427
:105EF0008073236001212046FFF718FF10B16FF077
:105F00006D00F8BD45EA4606266140F20241204692
:105F1000FFF70CFF0028F2D163695B0509D5236800
:105F200043F4007323602046FFF724FF6FF0120054
:105F3000E7E72DB1012F236804D823F480632360A1
:105F4000A369DEE7022F04D143F4006323602368D2
:105F5000F3E743F48063F2E76FF01500D1E700BF89
:105F6000003802402DE9F04104460D461F46002A44
:105F70003CD0012B3AD002EB0308B8F1010F13D14A
:105F8000036843F4007303604021FFF7CFFE18B1AC
:105F90006FF06D00BDE8F08123692B704FBB204688
:105FA000BDE8F041FFF7E6BE8E1804212046FFF75A
:105FB000BDFE0028ECD1B8F1020F08D1236843F4EC
:105FC0000073236023692B7023696B70E6E7B8F1D7
:105FD000030F02BF236823F480632360236905F85D
:105FE000013BB54208F1FF38DFD1D7E76FF015006C
:105FF000D0E70020CEE72DE9F8430E464FF490613C
:10600000044617469846FFF791FE18BB37443546BD
:10601000BD420CD0A94640F2044119F8013B23616E
:106020002046FFF783FEA8B963695B0504D5B8F184
:10603000000F03D0A81B0FE04D46E9E7A368002B33
:10604000F8D0236843F4007323602046FFF792FEE4
:106050000028EFD06FF06D00BDE8F88308B500F0C0
:106060000703022B05D082070AD102680B4B9A4224
:1060700006D1DEF735F80A4902460A48D6F70DF888
:10608000D7F79EFE431E062B024603D80E2303417C
:10609000DB0701D40449F0E708BD00BF343106082E
:1060A000CBE9050808210608D6E90508044B1B784A
:1060B000DB0702D5034800F05AB8012000F05CBCB1
:1060C0005C20002000540040044B1B78DB0702D505
:1060D000034800F04CB8012000F0BEBC5C2000205A
:1060E00000540040044B1B789B0702D5034800F086
:1060F0003EB8022000F040BC5C2000200058004068
:10610000044B1B789B0702D5034800F030B80220EF
:1061100000F0A2BC5C20002000580040044B1B781B
:106120005B0702D5034800F022B8032000F024BC2E
:106130005C200020005C0040044B1B785B0702D50C
:10614000034800F014B8032000F086BC5C20002057
:10615000005C004040F204734900436041F4804118
:1061600000238160C36040F201430360704738B58B
:106170004569436923F45F4343616B05044601D5D8
:10618000E5F77AFEA80706D56569A1692046C1F33F
:106190008001E5F7A1FD290602D52046E5F728FE96
:1061A0006A0602D52046E5F7B9FDEB060BD5636913
:1061B000236823F4806323602046E5F70BFE236801
:1061C00043F48063236038BD70B504460E46F5F78E
:1061D00087FA05462046F7F710FB202801D100205A
:1061E00070BDF5F77DFA401BB042F3D30320F7E70B
:1061F0004368DB68FE2B70B5064602D00C48D6F724
:1062000003FF00210846DBF79DFD1024054670685A
:10621000C8230122A1B2F7F7E7F920B944F0010140
:106220002846DBF704FB0234F02CF0D1284670BD81
:10623000E1E9050870B5054608466B68DB68FE2B8A
:1062400002D00A48D6F7E0FED7F7BAFD4400A4B260
:106250000A266868C8230A222146F7F7C5F918B14B
:10626000013EF6D10E2070BD1E20FCE7E1E90508D5
:1062700002685368D069D269120454BF054A49F6CE
:10628000404203F03F035343C0F30B00B3FBF0F075
:10629000704700BF20A1070010B504464868174AA0
:1062A0000368934212D002F58062934210D01449E1
:1062B0008B420CBF0321002190F83D2052B90A46C1
:1062C00020461049BDE81040ADF75EBC0121F3E760
:1062D0000221F1E7C268FE2A09D1FFF7C9FF0A4689
:1062E000094903462046BDE81040ADF74DBC9B6808
:1062F0000A46C3F346030549F4E700BF00540040D3
:10630000005C0040F3E90508FBE9050820EA050800
:10631000054B064A1A60064B02F580621A60054B6F
:1063200002F580621A60704710210020005400407E
:10633000BC20002068200020F0B53D4B984287B07B
:10634000044639D1002303933A4B3B4E1A6C3B4829
:1063500042F400121A641B6C03F400130393039BB2
:106360000125EFB20123002206210097FDF7DFFC93
:1063700000970123002206213046FDF7D8FC204675
:10638000F6F72EF8002850D12D4B1422013D02FBC8
:106390000535A868FFF7B8FCE868FFF7B5FC236887
:1063A000284A93422ED11F20F5F79AFB2020F5F7BB
:1063B00097FB002007B0F0BD234B98420FD100237C
:1063C00004931C4B214E1A6C214842F480021A643B
:1063D0001B6C03F480030493049B0225C1E71D4B4F
:1063E00098421FD100230593124B1B4E1A6C1B4879
:1063F00042F400021A641B6C03F400030593059B2E
:106400000325AEE7164A934204D12120F5F768FB35
:106410002220CCE7134A9342CBD14820F5F760FB0A
:106420004920C4E76FF01500C4E76FF00400C1E72E
:1064300010210020003802402CCA060840CA060875
:10644000F0AD060800540040BC20002004CA060835
:10645000F0C906086820002018CA060858CB0608AC
:1064600000580040005C004010B50446F6F72BF8D9
:106470002368214A934214D1204B1A6A42F4001235
:106480001A621A6A22F400121A621A6C22F40012BA
:106490001F201A64F5F732FB2020BDE81040F5F705
:1064A0002DBB174A934211D1144B1A6A42F4800251
:1064B0001A621A6A22F480021A621A6C22F48002AA
:1064C00021201A64F5F71AFB2220E6E70D4A9342D1
:1064D00011D10A4B1A6A42F400021A621A6A22F4B3
:1064E00000021A621A6C22F4000248201A64F5F7BE
:1064F00005FB4920D1E710BD0054004000380240A0
:1065000000580040005C004038B50446322523683E
:106510009B699B070CD50120FDF796FC013DF6D148
:106520002046FFF7A1FF2046BDE83840FFF704BF33
:1065300038BD00002DE9F043A7B009AB51F8045B6A
:1065400001932F4B009301380523D7F769F86B6847
:10655000DB68FE2B02D02B48D6F756FD099805AA1A
:1065600006A9FFF707FA0D9B0A9C6868BDF82C6026
:10657000082B2B691B784FEA4404A4B214BF1027E0
:10658000012723B3EFF31088B8F1000F1FD10DF1ED
:1065900038090346A96840224846FFF751FB68685E
:1065A000BDF81C30C0E90D980193069B009321466D
:1065B0003B463246F6F7D4FE044620B90C9968688B
:1065C000FFF702FE0446A868FFF786FB0CE00C9B71
:1065D0000293BDF81C300193069B009321463B4675
:1065E0003246F6F721FD04462CB16868FFF78CFFB0
:1065F0002046FDF7D5FA062027B0BDE8F08300BF9E
:106600008CAD0608E1E905082DE9F047A6B009AB15
:1066100051F8045B0193314B009301380523D6F701
:10662000FFFF6B68DB68FE2B02D02D48D6F7ECFC31
:10663000099805A9FFF7BAF90D9B0A9CBDF82C80B3
:10664000082B2B691B784FEA44040646A4B26868FD
:1066500014BF4FF010094FF0010913B3EFF3108787
:10666000FFB90DF1380A0346E9683A465046FFF78C
:10667000E7FA6868BDF81830C0E90D7A0193079B06
:10668000009321464B464246F6F7FAFE044620B9EF
:106690000C996868FFF798FD0446E868FFF71CFB53
:1066A0000CE00C9B0293BDF818300193079B0093FC
:1066B00021464B464246F6F74DFD04462CB168682C
:1066C000FFF722FF2046FDF76BFA1EB905A8DDF79C
:1066D00097F90646304626B0BDE8F0878CAD06082F
:1066E000E1E905082DE9F041A2B003AB51F8045BE4
:1066F00001932D4B009301380323D6F791FF0398A4
:1067000006A9FFF753F92B691C7806466CB1EFF325
:106710001087A7B90DF128086B68E9683A4640462A
:10672000FFF78EFA6B68C3E90D786868C368FE2BC3
:1067300026D10499FE2904D11C48D6F765FC002413
:10674000F3E74900089ABDF81C3089B25CB9059C92
:106750000094F5F7ABFF0446ECB16868FFF7D4FE90
:106760002046FDF71DFAF6F7F9FA044620B9059917
:106770006868FFF729FD0446E868FFF7ADFAEBE724
:106780000899BDF81C201CB9059BF6F7A5F9E2E7AE
:10679000F6F7D6FBE9E71EB906A8DDF731F906469C
:1067A000304622B0BDE8F081CCAC060845EA0508C9
:1067B000F0B5A3B004AB51F8045B01932B4B0093ED
:1067C00001380323D6F72CFF049803AA07A9FFF783
:1067D000D1F82B691C7864B1EFF31086BEB90AAF0B
:1067E0006B68A96840223846FFF72AFA6B68C3E94C
:1067F0000D766868C368FE2B2AD10599FE2908D159
:1068000014B1A868FFF768FA1948D6F7FDFB002411
:10681000EFE74900079ABDF8203089B25CB9069CC1
:106820000094F5F769FE0446ECB16868FFF76CFE6A
:106830002046FDF7B5F9F6F70FFA044620B9069998
:106840006868FFF7C1FC0446A868FFF745FAEBE764
:106850000799BDF820201CB9069BF6F78BF8E2E7F4
:10686000F6F7FCFAE9E7062023B0F0BDB4AC060861
:1068700045EA050808B54068FFF7F6FD062008BDA3
:1068800010B588B00446084611461A4603AB01937A
:10689000174B00930523D6F7C3FE039B606813B321
:1068A000049B5B00DBB2059AC360124B9A42D4BFD3
:1068B000426043609DF818204FF480438360036179
:1068C00092010023C0E906324361036223699DF807
:1068D0001C201A70FFF7C8FD6068FFF72DFD20B17E
:1068E0004042D6F7DBFBFE23DDE708B010BD00BF5A
:1068F0008CAC0608801A0600F0B51D460C461646FC
:1069000085B00F4A0F4F31462046D6F75DFE286806
:10691000FFF7A4FB14230138012C03FB007700D8F8
:106920005EB105EB8402314601A8D6F712FF01AB38
:106930002A1D611E3846FFF7A3FF384605B0F0BD9B
:10694000FFFF0300F0AD060810B50C4613460A1D04
:10695000411E2068FFF794FF062010BD38B5054D95
:106960000424686808B1FFF77FFD013C05F11405B8
:10697000F7D138BDF0AD06080138022882B016D82C
:10698000324B53F820201368596911F0011F10D0C1
:1069900092F83D10526C212916BF42F0010202F01C
:1069A000FE02D2B21A615A6842F400625A6002B022
:1069B000704758692649014001B392F83D102229D9
:1069C00007D1518D89B2012907D11A6822F480625A
:1069D0001A609B690193019BE9E7528D92B2022AEA
:1069E00007D11A6822F480621A601A6842F40062C1
:1069F0001A605A6842F480525A60EAE758691549A9
:106A000001400029D3D092F83D102129CFD1518DDA
:106A100089B249B1516A481C506209781961538D95
:106A2000013B9BB25385C2E7596821F4E06159608C
:106A3000D16A01291EBF196841F400711960002351
:106A400082F83E30202382F83D30B0E780AC060863
:106A500002000100040001000138022830D8194B5F
:106A600053F8203018481A685169014206D0186C52
:106A700040F0010018646FF48070506111F4813FA0
:106A800006D0186C40F0020018646FF4007050617A
:106A900011F4823F0AD0186C40F0040018641068AA
:106AA00040F4007010606FF48060506111F4843F16
:106AB00006D0196C41F0080119646FF4006353614A
:106AC000704700BF80AC0608000101000368054A5A
:106AD000934201D1F7F772B9034A9342FAD0F7F71C
:106AE00085B900BF00380040003C004070B5064644
:106AF0000D461446EFF3108372B696F85120012A22
:106B000003D183F31088002070BD30BF83F3108859
:106B1000F4F7E6FD431BA342ECD30320F4E70000A7
:106B2000054B064A1A60064BA2F578421A60054BDF
:106B300002F580621A607047142200200030014084
:106B4000BC2100206421002008B500F00703022BBF
:106B500005D083070AD102680B4B9A4206D1DDF7B4
:106B6000BFFA0A4902460A48D5F797FAD7F728F933
:106B7000431E052B024604D80C214B430549CB5834
:106B80000BB90549EFE708BD343106084DEA0508A1
:106B90000821060840AE060858EA05082DE9F84322
:106BA0001D464B1CDDE908860A9F046891460AD100
:106BB000B2F1FF3F0BD02046FFF788FF09F1FF310C
:106BC0000144B1FBF9F102291DD80023E361681CDF
:106BD00004D0003D18BF01256D002561B8F1FF3FCD
:106BE00004D0B8F1000318BF01236361711C05D004
:106BF000A6F1100256425641F602E6607B1C18BF11
:106C00002762BDE8F883042901D80823DEE70829B4
:106C100001D81023DAE7102901D81823D6E7202954
:106C200001D82023D2E7402901D82823CEE78029A4
:106C300094BF30233823C9E72DE9F0438BB00768B0
:106C40000DF11808102206460D4640460021F3F7C4
:106C50002BFA3B68404A93423CD1404B0693404B51
:106C60000793404B0893404B0993002303933F4BFA
:106C70005A6C42F480525A645B6C03F48053039361
:106C8000039B3B693A4C002BA6EB0404394B4FEABB
:106C9000A40403FB04F404F1010414BF4FF0010940
:106CA0004FF0020985F00105E4B258F825000028EC
:106CB00045D10135042DF8D13846F7F77BFB044662
:106CC000002845D17068FFF71FF8B068FFF71CF87F
:106CD00020461CE0284A934214D1284B0693284BA7
:106CE0000793284B0893284B0993002304931F4BC9
:106CF0001A6C42F480421A641B6C03F480430493C0
:106D0000049BBEE7214A934204D06FF015000BB0FC
:106D1000BDE8F0831E4B06931E4B07931E4B089352
:106D20001E4B099300230593104B1A6C42F400424A
:106D30001A641B6C03F400430593059BA1E70094C0
:106D400004234A460221FCF7F2FF0028B1D1DCE718
:106D50006FF00400DBE700BF00300140A8CB06085D
:106D600094CB060880CB06086CCB0608003802409E
:106D700040AE0608ABAAAAAA00380040DCC9060843
:106D8000C8C90608B4C90608A0C90608003C0040E6
:106D9000CCCA06087CCA060868CA060854CA06088F
:106DA00010B504682046F7F743FB23681C4A93425A
:106DB00011D11C4B5A6A42F480525A625A6A22F428
:106DC00080525A625A6C22F480525A642320BDE8E1
:106DD0001040F4F793BE144A93420ED1114B1A6A35
:106DE00042F480421A621A6A22F480421A621A6CD1
:106DF00022F480421A642420E9E70C4A93420ED11F
:106E0000084B1A6A42F400421A621A6A22F40042DB
:106E10001A621A6C22F400421A643320D7E710BDBC
:106E2000003001400038024000380040003C004083
:106E300038B5064C0625236813B12046FFF7B0FF8E
:106E4000013D04F10C04F6D138BD00BF40AE060888
:106E50002DE9F04FB5B00446DDF8F88000680D4626
:106E600017461E46002B3ED1012903D0EFF31083B5
:106E7000012B0CD14346AAB23946F7F7EFFA834605
:106E8000BBF1000F00F0C0805846FCF789FE0DF101
:106E900070090346616848464022FEF7D1FE236828
:106EA000C3E91296F4F71CFC4FF6FF7A814655456C
:106EB0002E4628BF56462068B2B23946F7F70EFD77
:106EC000834648B9206842464946FFF70FFE83468D
:106ED00030B9AD1B3744EAD16068FEF7FDFECFE75D
:106EE0004FF0030BF8E7002A48D1012903D0EFF354
:106EF0001083012B05D14346AAB23146F7F74EFC69
:106F0000BDE74368B3F5827F07D104AF03466168EC
:106F100038464022FEF794FE206887641CAF034683
:106F2000A16800223846FEF78BFE2368DF64F4F781
:106F3000D7FB4FF6FF7A814655452F4628BF574667
:106F40002068BAB23146F7F797FD83462068BBF157
:106F5000000F08D142464946FFF7C8FD834650B9A5
:106F6000ED1B3E44E8D12268926C12B16068FEF7D6
:106F7000B3FEA068B1E74FF0030BF4E7012903D09B
:106F8000EFF31083012B07D1CDF80080ABB232466E
:106F90003946F7F711FB72E70DF1100903466168F6
:106FA00048464022FEF74CFE2368A168C3F848908B
:106FB0000DF1700900224846FEF742FE2368C3F82F
:106FC0004C90F4F78DFB4FF6FF7A03905545A94698
:106FD00028BFD14620681FFA89F332463946F7F7B1
:106FE000D3FC83460028C1D1039920684246FFF7AD
:106FF0007DFD834628B9B5EB09054F444E44E5D1E4
:10700000B4E74FF0030BB1E735B0BDE8F08F0000F7
:107010002DE9F3410D6817462B68324A9342044626
:1070200054D002F58062934252D002F578429342E6
:1070300050D002F5E05293420CBF052201222A49AA
:107040002046ACF7A1FD95F85130002B37D06B6886
:10705000B3F5827F40D1EE692846FFF737FDF60889
:10706000013620FA06F81FB120492046ACF78CFD06
:107070001F4942462046ACF787FD2FB101221D492A
:10708000B2402046ACF780FDE968D5E90423002929
:1070900014BF10210821003B18BF0123003A0091C2
:1070A00018BF012214492046ACF76EFDAB6AB3F558
:1070B000005F04D1EA6A11492046ACF765FD10492A
:1070C000204602B0BDE8F041ACF7A4B90222B6E711
:1070D0000322B4E70422B2E70A492046ACF754FD84
:1070E000D2E700BF0038004063EA05086AEA0508F5
:1070F0007BEA050889EA0508A9EA0508CAEA05083D
:1071000093EC050898EA050810B588B003AB51F870
:10711000044B01930A4B009301380223D6F780FAFF
:10712000039802AA05A9FEF725FC049B009360685A
:10713000DDE905210023FFF78BFE062008B010BD16
:10714000E0AE060813B501F1640400944068FFF74F
:107150007FFE02B010BD000030B591B003AB51F816
:10716000045B0193204B009301380323D6F758FAB0
:10717000DDE90303984206AC19D121460722D7F76F
:107180004BF894E8070009AB83E80700039C059BD4
:107190000093DDE90621099B6868FFF759FE1CB9D9
:1071A0000CA8DCF72DFC0446204611B030BD21466A
:1071B00002AAFEF7DFFB049C44B907990CA8CAF7A2
:1071C00063F80D9B0A930E9B0993E0E7062209A939
:1071D0002046D7F721F80A9A079B9A4202D0034823
:1071E000D5F766FD049CD2E700AF0608D5EA05088E
:1071F00030B589B002AB51F8045B01930D4B00939D
:1072000001380223D6F70CFA04A90298FEF7CEFB48
:10721000039B00930446069B059968680022FFF7CC
:1072200017FE1CB904A8DCF7EBFB0446204609B0A6
:1072300030BD00BFF0AE060808B54068FFF7B0FDEE
:10724000062008BD49680122FFF7E2BE30B591B0C3
:107250000546084611461A4605AB01931B4B0093A1
:107260000B23D6F7DDF96868059B046863600D9B06
:1072700002930B9B0193099B0093DDE90621089B78
:10728000FFF78CFC0A9BA3600C9B0F98A3619DF8F1
:10729000383006284FEA031363620ED10020A06243
:1072A000A169E062B1F5007118BF01216868FFF7BC
:1072B000C3FC40B14042D5F7F1FE4FF40053A36246
:1072C000D6F77EFDECE711B030BD00BF88AE0608F2
:1072D000F0B50C461D46164685B00F4A0F4F314695
:1072E0002046D6F771F92868FFF72EFC012C00F133
:1072F000FF3007EBC00700D85EB105EB84023146D2
:1073000001A8D6F726FA01AB2A1D611E3846FFF701
:107310009DFF384605B0F0BDFFFF030008B006082A
:1073200010B50C4613460A1D411E2068FFF78EFF5C
:10733000062010BD09B9C08B704701290CBF808B96
:1073400000207047F8B506460F461446F4F7C8F912
:10735000054673681B683B4208D10CB90020F8BD94
:10736000F4F7BEF9431BA342F3D3F7E70120F6E796
:107370007047013801288CBF0020012070470000B1
:107380002DE9F04F9FB00446039190460021102252
:1073900006A81D46F2F788FE4D4B0FCB0AAE86E8D5
:1073A0000F00267A012E05D0022E68D000201FB0D3
:1073B000BDE8F08F474B0693474B07930023049398
:1073C000464BDFF824B15A6C42F010025A645B6CF1
:1073D00003F010030493049B4FF0250A06AF4FF00F
:1073E0000009F6B257F8040B00285DD109F1010934
:1073F000B9F1040FF6D124220021C4F804B015A875
:10740000F2F752FE039BCDF838B0CDE90F38289B38
:10741000CDE911350C2313930EA8299B1493F8F78B
:1074200004FA6368DA6822F4F872DA601A6922F002
:1074300040021A615A6922F4806222F001025A6104
:107440000AF1604303F56143102283F8002350469C
:10745000F4F746FBB8F5805F31D1002D34D0FF2220
:107460000021637AA28123F0060343F006036372CE
:107470000023A372E172A3832362012097E7184BD4
:107480000693184B079300230593144BDFF85CB069
:107490001A6C42F400321A641B6C03F40033059337
:1074A000059B4FF0260A99E70AAA0096022352F894
:1074B00029201946FCF73BFC002897D176E7002DE0
:1074C0000CBFFF227F22CBE740F2FF120121C8E769
:1074D00054B0060844CB060830CB060800380240FA
:1074E000D0CB0608BCCB0608001001400044004089
:1074F000F0B5878B8FB10B4B00255A88940607D4C3
:10750000174205D042681C88D66839B13443D4602C
:107510000135052D03F10403EFD1F0BD26EA040483
:10752000F5E700BF40B0060838B50D460021FFF76B
:10753000DFFF85830121FFF7DBFF002038BD00233B
:107540008382C382436882614182DA6819B922F07A
:107550002002DA60704742F02002FAE708B5437A69
:10756000426823F002034372D36823F40053D360CC
:10757000037A012B10D12520F4F7C0FA104B5A6A78
:1075800042F010025A625A6A22F010025A625A6C91
:1075900022F010025A6408BD022BFCD12620F4F719
:1075A000ADFA074B1A6A42F400321A621A6A22F4E0
:1075B00000321A621A6C22F400321A64EBE700BF40
:1075C0000038024070B5074E062556F8040F30B15A
:1075D000437A13F0010402D1FFF7C0FF3460013D8C
:1075E000F3D170BDC001002081727047037A012B76
:1075F00001D0062B01D1F6F7F9BBF6F7DFBB10B5CA
:107600004468FFF7F3FFA268034690B208B1B3FBEA
:10761000F2F010BD838AC18A9BB20246581A002834
:1076200002DA538A1844704702BF53681868C0F3DF
:1076300040107047F8B505460F46F4F751F8064676
:10764000AB8AEA8A9BB29A420DD16B681C6814F02F
:10765000200408D1F4F744F8801BB84205D2012079
:10766000D5F71EFEECE70120F8BD2046FCE7C28AF4
:107670000346808A596880B2824230B515D0DC7AE0
:107680009869012C5C8A0CBF30F81200805C0132D2
:10769000B2FBF4F504FB1522DA820B689D0603D5D4
:1076A000CB6843F02003CB6030BD98894A68104016
:1076B0009A8B940642BFCB6843F02003CB60D3067D
:1076C000F2D5CB6843F01003EDE7F8B506460F4658
:1076D000F4F706F8054673681C6814F0800408D1B6
:1076E000F3F7FEFF401BB84205D20120D5F7D8FDC5
:1076F000F1E70120F8BD2046FCE72DE9F0470546FB
:107700000C469946174652B3B0F81080D0F804A042
:107710004FEA48080026424680212846FFF712FE1D
:1077200000B3EB7A012B0CBF34F8022B14F8012BB9
:1077300006F1010608BFC2F30802B742CAF80420E6
:10774000E9D1424640212846FFF7FCFD00280CBF46
:107750006E230023C9F800303046BDE8F087164696
:107760001346F7E76E23F5E707B501ABFFF7C5FF53
:1077700003B05DF804FB000038B5334B03EB800326
:10778000D3F88C41002C37D06368196889B28A0617
:10779000E18341D5608A00283AD0A28A92B20132B0
:1077A000B2FBF0F500FB1522E08A92B290422FD096
:1077B0001968E1835968A3890B40A17AE9B123498B
:1077C0000968994219D1D5F7A3FCA38BDD0631D402
:1077D0000125637AA28B5B0742BFE38B23F0100382
:1077E000E383E38B1A4202D0206AF3F7ADF8637AA1
:1077F00035B323F00403637238BDE17AA06901292F
:10780000A18A89B20CBF20F811304354A282DCE770
:10781000DA6822F02002DA60C80642BFDA6822F095
:107820001002DA600A0742BFDA6822F02002DA604A
:107830000025CEE76268D36843F01003D360C7E742
:1078400043F00403D7E700BF3400002028000020E5
:1078500008B5C8F717FEF2F7FBFFF3F78DFBBDE89D
:107860000840C8F781BE00002DE9F84FB0F8068047
:10787000C768DFF8B4C02A480E461D4614464FEAD2
:107880000849043900234FF47A7E41F6573A51F8FB
:1078900004BF0268B2FBFCF20BFB02F25245B2FBE2
:1078A000FEFB88BFABF1060BDA07C1F800B001D4CC
:1078B0000133ECE751F8042C032B5A440A6001D041
:1078C0000223E4E7FCF7C6F9EFF3108C72B6154912
:1078D00025444FF0000EA54203D18CF31088BDE87B
:1078E000F88F14F8013B08209A0902F00202C1F84F
:1078F00004E0C7F8188006EB820A56F82220D1F877
:1079000004B09345FBD3C7F818905B00DAF8042065
:10791000DBB2D1F804A09245FBD30138E4D1DAE719
:1079200000000020001000E040420F002DE9F74366
:1079300007461C4600200A9B16460546B04215D154
:1079400003F00108C3F3400300930A4678682B460E
:107950004146FEF7A3FA002805DB08344FF0000982
:10796000013E08D2484603B0BDE8F08354F8302009
:1079700001301544E2E754F8082C786854F8041CE8
:10798000AD1A2B46B8F1000F07D0FEF7EBFA00282E
:1079900004F10804E7DB8144E2E7FEF72CFBF6E79D
:1079A0004A685368D26913B5C2F30B04120454BF7A
:1079B0000B4A49F6404203F03F035343B3FBF4F450
:1079C0008B68084A9B8801948A1AC96812118988B1
:1079D000009101320449ACF7D7F802B010BD00BFE6
:1079E00020A1070020B70608E9EA050807B50B46FD
:1079F00002F2E7324FF47A71B2FBF1F292B20092E6
:107A0000D0E902124068FEF7D9F903B05DF804FB33
:107A1000F0B5164689B01D460C4611B11B680133FE
:107A200013D11A491A48ABF7F5FC0CB1013C0435E7
:107A30001848037A00EB830332461F6921462B4620
:107A4000BC4609B0BDE8F040604703AB0193124B60
:107A50000093204605232A463146D5F73FFE03987A
:107A60000E4CFEF7FBFA049B013804EB00140BB933
:107A7000059B13B10A48D5F71BF92046DDE906122C
:107A8000FFF7B4FF204609B0F0BD00BF0AEB0508C0
:107A90004C100608F0650608B8B6060820B70608B8
:107AA00049EB0508F0B516468FB01D460C4611B1DE
:107AB0001B68013313D129492948ABF7ABFC0CB142
:107AC000013C04352748037A00EB830332461F69E3
:107AD00021462B46BC460FB0BDE8F040604705ABE1
:107AE0000193214B00932A46092331462046D5F7BE
:107AF000F5FD05981D4DFFF727F80B9B013805EBA9
:107B0000C0051BB90C9B0BB90D9C14B11848D5F7D7
:107B1000CFF86E6833684FF48272C3E901244FF4E2
:107B200000729A61C3E90944DC620A9B0293099BD3
:107B30000193089B00934FF0FF313046DDE90623A7
:107B4000FFF72CF821463046FFF776F810B1404297
:107B5000D5F7A4FA28460FB0F0BD00BF65EB0508C5
:107B60004C100608686B060878B70608F0B70608D8
:107B7000A4EB050813B501F1640400944068FFF715
:107B800067F902B010BD4068FFF70AB910B58AB0B6
:107B90000446084611461A4605AB01930D4B009367
:107BA0000523D5F73DFD099B0293089B0193079B95
:107BB000009360684FF0FF31DDE90523FEF7EEFF2B
:107BC00060680021FFF738F810B14042D5F766FA37
:107BD0000AB010BD50B7060849680022FFF718BA6E
:107BE00030BF06207047000010B5D6F7E9F804460C
:107BF000FCF764F9031B034800EA430040F001006E
:107C000010BD00BFFEFFFF7F10B5D6F7D9F80446C0
:107C1000FCF74EF9031B034800EA430040F0010063
:107C200010BD00BFFEFFFF7F38B5124C0D4620B9D6
:107C3000D4F8A80100B9062038BD086806280AD182
:107C4000D4F8A8010028F6D00021FFF7CDFC0023CE
:107C5000C4F8A831EFE7D5F7D5FF074B834206D12B
:107C60002868C4F8A8010121FFF7BEFCE3E7034838
:107C7000D5F71EF834000020006D0608BAEB0508A1
:107C800008B5D6F7E1F9024B1860062008BD00BF21
:107C9000680600204068400040F001007047000086
:107CA00010B5104C104922681048ABF76DFF6268A0
:107CB0000F490E48ABF768FFA2680E490B48ABF7B7
:107CC00063FFE2680C490948ABF75EFF22690B4984
:107CD0000648ABF759FF626909490448ABF754FFFE
:107CE000062010BD003C0140C3EB05084C100608FF
:107CF000D4EB0508E5EB0508F6EB050807EC0508ED
:107D000018EC05084A680149ABF73EBF29EC0508A5
:107D100016280AD8054B1B5C03F1047303F59E3348
:107D200000EBC3008000012303607047DF220020C6
:107D300008B54068FFF7ECFF062008BD162808D8F4
:107D400000F1845000F51E20800000230360C0F87D
:107D50008030704708B54068FFF7F0FF062008BD87
:107D600016280AD8054A0123116903FA00F021EA0E
:107D7000000111611369184310617047003C014014
:107D800008B54068FFF7ECFF062008BD162810D89C
:107D9000084B094A03448A434FEA83030CBF01227C
:107DA00000221A60054A8A430CBF01220022C3F850
:107DB0008020704740E08910000011100000211061
:107DC0002DE9F04387B01746C2079DF838900D465D
:107DD000984605D4830715D10268434B9A4211D1C6
:107DE000D5F7EEFF0F28044604D840490246404824
:107DF000D4F753F916281DD902463E493C481723AB
:107E0000D4F74BF9FDF7A0FC047A064624093A4A58
:107E100025F4001393420FD002F5801295420BD047
:107E2000A2F57022934207D0344B9D4204D03449CE
:107E30002A46DCE70026EAE7022F02D931493A4612
:107E4000D5E7314A04F13601B9F1000F0AD102EB4E
:107E500081035B68062B05D0B8F1060F02D02B49D1
:107E60002246C4E702EB81022046FFF767FFC5F315
:107E70000043C2F8048083F00103254A9B00B8F157
:107E8000060F13551DD0234B01221A5504FA02F395
:107E90001343214A42F82430BEB920462946FFF751
:107EA00075FFFFF735FF1D4B185D00F07F0303F1F1
:107EB000604303F56143E02283F8002340B2F3F707
:107EC0000FFE204607B0BDE8F083F068FBF7D8FE50
:107ED000F388F0680397CDE9013501A902230493E3
:107EE000F3F7ECFFDFE700BF442706083AEC05088C
:107EF000082106084AEC05080000111000002210B5
:107F000057EC050861EC0508340000206BEC05080F
:107F1000DF220020C82200206C22002030C5060885
:107F200010B586B00446084611461A4602AB0193C6
:107F30000A4B00930423D5F7D1FB21460820D5F73F
:107F400055FE002304460093DDE90201DDE9042328
:107F5000FFF736FF6060204606B010BDE0C406089B
:107F60002DE9F341047A414F240904F136081E46F5
:107F700007EB880305465B68062B0ED03C4B53F895
:107F80002430834209D0DA074EBF3A499A883A49E9
:107F90003A4848BF2246D4F780F82046FFF7CEFE85
:107FA000C1F30040364B07EB880780F001008000EA
:107FB000062E18557E6056D0324B1A552C4B324A3D
:107FC00043F8245000230193506C40F480405064E7
:107FD000526C02F480420192019A04F00C0202F108
:107FE000804202F59C3204F003069768B6000F2029
:107FF000B04027EA0007E868244DA84213D003F1F7
:10800000804303F50133984227D003F580639842FB
:1080100025D003F58063984223D003F5806398420E
:1080200014BF07230423B3403B4393602046FFF76C
:10803000ADFE174B185D00F07F0303F1604303F5BD
:108040006143E02283F8002340B2F3F749FD204664
:1080500002B0BDE8F041FFF75BBE0123E3E7022376
:10806000E1E70323DFE702B0BDE8F0813400002040
:108070006C2200206BEC050874EC0508042206084D
:10808000DF220020C8220020003802400000024009
:1080900030C506080023084A084830B506211C46AA
:1080A00052F8045F042D18BFC45403F1010318BF34
:1080B0001160172BF4D130BD0C010020DF2200200D
:1080C00030B5214A012351698340194293B00446D7
:1080D00029D01628536126D81C4D00F1360305EB34
:1080E0008305686806281ED0194B1B5D3BB9194BE8
:1080F00053F8241013B0BDE83040D5F745B8D5F794
:108100000FF8C8F7A7F96846C8F772F868B9114BB5
:10811000686853F82410D4F7FBF8C8F73FF8C8F79D
:10812000A1F9D5F713F813B030BD062320466B60D4
:108130000949FFF703FE22460848ABF725FD0199E0
:108140000648D5F799FDEAE7003C014034000020DD
:10815000C82200206C22002095EC05084C1006086F
:108160000020FFF7ADBF0120FFF7AABF0220FFF7F5
:10817000A7BF0320FFF7A4BF0420FFF7A1BF08B5E6
:108180000520FFF79DFF0620FFF79AFF0720FFF766
:1081900097FF0820FFF794FFBDE808400920FFF78C
:1081A0008FBF08B50A20FFF78BFF0B20FFF788FF72
:1081B0000C20FFF785FF0D20FFF782FF0E20FFF751
:1081C0007FFFBDE808400F20FFF77ABF0149ABF7FA
:1081D00021B900BFCDEC050808B5084611460022BC
:1081E000D5F7F2F9004808BDA4C5060807B5094B44
:1081F0000948C3F83C1106294FF00102074B0092D1
:1082000008BF0B460649FFF7DBFD062003B05DF80B
:1082100004FB00BF34000020F8CB060894C5060814
:108220000000211008B5044BD3F83C01062801D00A
:10823000D4F73CF8062008BD340000200023024893
:1082400001221946FBF730BDF8CB0608044BDA686B
:10825000D88812691040B0FA80F04009704700BF1A
:10826000F8CB060808B5084611460022D5F7ACF948
:10827000FFF7ECFF00280CBF0E201E2008BD08B53C
:10828000FFF7E4FF00280CBF0E201E2008BD0000F1
:10829000F8B51B4B1B4F1A781B4D1C4C82B90122A1
:1082A0001A7000F021F94FF0E0239A69184BD3F8C7
:1082B000103A53403B60174B1A682A609B6A236050
:1082C000154E226833782968386801FB0231014471
:1082D00082EAB1724FEA717083EA1223434083F05D
:1082E00001033860DBB240F0020780EA904080EA88
:1082F000421033702F60226080EA4300F8BD00BF57
:108300000423002000230020FC220020F82200206B
:108310000070FF1F00280040F6220020014B186863
:10832000D9F746B80C23002008B5084611460022AC
:10833000D5F74AF9004808BD30C6060873B51C4B8E
:1083400004460122F8B10021C3F8801E1446002320
:108350000193184B184E1A6C42F080521A641B6C31
:1083600003F080530193019BF5F74AFAF3F7B8F94C
:1083700005463368DB0509D50E4B1A6F84B142F010
:1083800001021A6707E0C3F8802EE0E7F3F7A8F9C7
:10839000401B0228EDD9094B01221A7002B070BDB2
:1083A00022F001021A671A6F22F00402E9E700BF07
:1083B00000004742003802400070004005230020C2
:1083C000424B4349002270B5C3E900127F24FF21CC
:1083D000C3E90241C3E904229A613E4B3E4D1A7043
:1083E000002864D13D4C236F48F20331194048F214
:1083F0000312914248D1F5F703FA636F2A6843F0FC
:108400008073636742F48022344B196F5B6F1B02E9
:1084100003F4407301F007010B4313432B602C4B13
:108420001A69C2F30E02FF2A05D11A6902F4FE028C
:10843000B2F5FE0F27D0CA225A6253225A624FF079
:10844000FF32DA60F3F74CF9214C0646F3F748F9AE
:10845000831BB3F57A7F0FD2E3685B06F6D52369F9
:108460006FF30E0343F0FF032361236943F4FE031C
:1084700023616FF08003E360154BFF225A622B6883
:1084800043F480132B6070BD03F40343B3F5024F34
:108490000DD1F5F7B5F9636F2A6843F08073636710
:1084A000636F43F00103636742F40022ACE7F3F724
:1084B00017F90B4B18600B4B20F07F4040F07C50BD
:1084C0002860BDE870401878FFF738BF10230020FF
:1084D00000280040052300200C2300200038024023
:1084E000082300202C0000202DE9F043654E33784E
:1084F00089B0002B3FD0644D644C654F00232B6046
:10850000637F03F0FF02F3B9624BDFF89491D3F875
:1085100000803B782277002B55D0D9F870309B072C
:108520002CD5022302933B78002B0CBF4FF4007331
:108530004FF4807302A80693F5F770FC28BB564BE6
:108540000122C3F83C2E022363772368CA225A62B1
:1085500053225A622046F5F729FD236880460028F9
:1085600036D0FF225A62042363770EE06FEA13438A
:108570006FEA03432B6009B0BDE8F083F3F7B0F86E
:10858000A0EB0800B0F57A7FC7D93A782B68002AAB
:10859000ECD043F080734FF000082B6087F8008028
:1085A000F3F79EF83B4B18603878FFF7C7FEF5F7F6
:1085B00027F984F81D80A3E7F3F792F8A0EB0800F1
:1085C000B0F5FA7FE1D8D9F874309807F4D5A8E768
:1085D0009A68616822F4E00222F040029A602269FF
:1085E00098681143626911430143E26899601A6116
:1085F0001A69A16842EA01421A616FF08002DA60EA
:108600001A6CA16922F480221A641A6C0A431A6453
:10861000FF225A62012363773B781B0743F0005324
:108620002B60F3F75DF81B4B2A681B68C31A9BB2DB
:1086300013432B604246194B1448019301A9F5F7E7
:108640004BFD024630B9CDE90500029002A90F4862
:10865000F5F7D1FC124A536F190142BF2B6843F45E
:1086600080332B60536F0E4A5B0142BF2B6843F48B
:1086700000332B60536F43F08073536700233370D4
:1086800079E700BF052300200C23002010230020E1
:108690002C00002008230020000047420401010FA5
:1086A0000038024008B50120FFF78AFEFFF71CFFE3
:1086B000062008BD30B505468FB00C46FFF714FF05
:1086C000012D38D1002201A93C48F5F76DFD69461E
:1086D00000223A48F5F78DFD9DF8030000F5FA6099
:1086E000D8F766FE06909DF80100D8F761FE079066
:1086F0009DF80200D8F75CFE08909DF80000D8F7BE
:1087000057FE09909DF80400D8F752FE0A909DF894
:108710000500D8F74DFE0B909DF80600D8F748FEEF
:108720000C900298D8F744FE06A90D900820DDF7BA
:108730003FF80FB030BD6A4608216068D5F70AFCE3
:10874000009B1868D5F73CFB009B30308DF8070084
:108750005868D5F735FB009B8DF805009868D5F76C
:108760002FFB009B8DF80600D868D5F729FB002267
:1087700001A98DF804001148F5F7AEFC009B1869BB
:10878000D5F71EFB009B8DF818005869D5F718FB2C
:10879000009B8DF819009869D5F712FB00228DF81F
:1087A0001A004FF4802305488DF81B2006A9099272
:1087B0000A93F5F720FC0620BBE700BF102300203A
:1087C000F8B507460E46FFF78FFE0320F3F796F93C
:1087D000032F70687BD8062877D0D5F7F1FAB0F56B
:1087E0007A6F12DDB0F5FA5F5CDDB0F57A5F5CDDC3
:1087F000B0F5FA4F5CDD424B98424FF47A7490FB2F
:10880000F4F458DC0425013C0DE0022203254FF46A
:108810000043B3FBF2F34343B3F57A7F4FF47A742A
:1088200093FBF4F4EFDA0122032F5AD1B3683549F0
:10883000C1F83431344B2D219965344BCA2159622A
:1088400053215962996821F480619960D968490778
:10885000FCD5002A47D05C619A6822F4884222F055
:10886000070205F007052A4342F488429A60FF2276
:108870005A62274A116841F480011160916841F4FD
:1088800080019160D96821F48061D9604FF4800340
:108890005361204BF02283F803230320F3F720F9E0
:1088A0000620F8BD04220225B1E708220125AEE723
:1088B00010220025ABE7A4F58034B4F5803F02DD3B
:1088C0001548D4F7F5F906259DE70022ACE7D5F762
:1088D00077FA0546B068D5F773FAF36804460122C3
:1088E000A5E70623A3E79A6822F480429A60FF2254
:1088F0005A62074A136823F480031360D0E700BF6D
:10890000E703E803340000206C2200200028004028
:10891000003C014000E100E0D6EC050838B5054612
:108920000C46FFF7E1FD022D2FD16068D5F748FA1C
:1089300000F2FF13B3F5806F19D34FF6FE720240B9
:1089400040F6FE739A420FD110F0010408D015488A
:108950000021F5F7A3FC2046BDE83840D8F728BD34
:108960001048F5F7B9FCF6E70F48D4F7A1F900284D
:10897000CBBFC0F5007343424FF4004200220021F8
:108980000848F5F753FC062038BD064B1B68DA6B28
:10899000D86B1304C0F308004CBFC0F50070404210
:1089A000DAE700BF10230020E1EC050810B588B01D
:1089B000FFF79AFD03A9002219481A4CF5F7F4FBBA
:1089C00002A900221648F5F714FC9DF80E309DF818
:1089D0000B0001939DF80D309DF80A2000939DF83F
:1089E00009109DF80C3000F5FA60F2F767FC0E4BA9
:1089F000C01861F10003A0FB042104FB03110B4824
:108A0000049B584300F5731000F6F7304FF47A7367
:108A100080085843801841F1000108B010BD00BF24
:108A20001023002000CA9A3B80BC92C7F7C2FFFF08
:108A3000B0F1006F2DE9F047064625D3144D03270A
:108A40004FF0000ED5F8089000244C4504EB0E00C2
:108A500005D1013F05F10C0516D08646F2E7D5F8A1
:108A600004C0D5F8008001340CFB04F308EB030AC2
:108A70005645EAD219B1A3EB0C0343440B600AB18B
:108A8000C2F800C0BDE8F0874FF0FF30FAE700BF42
:108A900034C6060810B586B00446F6F773FF0D4BD2
:108AA000F322DA60012100220223CDE904132046DB
:108AB00011460192FFF7BCFF6946039001A800929E
:108AC000F7F74CF80446F6F76FFF034B185D40428A
:108AD00006B010BD003C0240C69506082DE9F041E5
:108AE000074688461646F6F74DFF0025B54207EBC8
:108AF000850107D10024F6F757FF084B185D404267
:108B0000BDE8F08158F8252000230220F6F77EFF0B
:108B100004460028EFD10135E8E700BFC6950608F6
:108B200013B501AA69460446FFF782FF054B009A78
:108B30001B68934203BF0448E41A0019204602B0A0
:108B400010BD00BF3823002000C0012010B5164C16
:108B50002378D9070AD523785A0708D4134B186805
:108B6000FFF798FF237843F00403237010BD2378A8
:108B70009B070ED50E4B0F491A680C4B92081868CC
:108B8000FFF7ACFF00212170BDE810400120FCF789
:108B900089BBF2F7A5FD084B1B68C01A41F2873369
:108BA0009842E7D8E2E700BF3C23002038230020AA
:108BB0003423002000C0012030230020013838B5C4
:108BC000062831D8DFE800F004301A0F30301700E3
:108BD000174A00231370174A4FF0FF311160164AED
:108BE0001360002006E01548154BC01A48BF00F27C
:108BF000FF10401238BDFFF7A9FFF2E7EFF3118530
:108C0000602383F312880A4C2378DA0702D485F3B1
:108C10001188E6E7237843F0020323702378DB070B
:108C2000F5D5FFF793FFF9E76FF01500E2E700BF16
:108C30003C2300203823002030230020004001087E
:108C4000004000082DE9F34101AA6946184D194F6B
:108C50000446FFF7EDFE184B019A5B1B9A4288BF52
:108C600001933A68009B9A420ED000210320FFF73F
:108C7000A5FFDDE900860E4832464146F1F7D0F9FE
:108C80000E4BC7F800801E600D4A1378012143F097
:108C9000010308461370FCF705FBF2F721FD094BB1
:108CA0001860009BE01A284402B0BDE8F08100BFC4
:108CB00000C00120382300200000022034230020BF
:108CC0003C2300203023002010B50D4A04460D48F7
:108CD000121A48BF02F2FF12B1EB622F0DD200EB65
:108CE0004120431C09D0FFF71BFF4FF400720146DF
:108CF0002046F1F795F9012010BD0020FCE700BFE8
:108D0000004001080040000838B5104A04461048E9
:108D1000121A48BF02F2FF12B1EB622F13D200EB1E
:108D20004120431C0FD0EFF31185602383F3128899
:108D3000FFF788FF4FF400722146F1F771F985F3D0
:108D40001188012038BD0020FCE700BF0040010869
:108D5000004000082DE9F843164C174D2D1B48BF65
:108D600005F2FF1580460F461E466D1204EB4124A6
:108D700016B93046BDE8F883C2F50079B14528BF81
:108D8000B146AF4211D2631C12D01019FFF7C8FED2
:108D90004A4601464046F1F743F9C8440137A6EB7D
:108DA000090604F500740022E2E74FF0FF30E1E726
:108DB0002046DFE700400008004001082DE9F84F99
:108DC0001A4C1B4D2D1B48BF05F2FF1580460F4660
:108DD0001E466D1204EB41244FF0600A16B930466E
:108DE000BDE8F88FC2F50079B14528BFB146AF4262
:108DF00016D2631C17D0EFF3118B8AF31288101967
:108E0000FFF720FF4A464146F1F70AF98BF3118834
:108E10000022C8440137A6EB090604F50074DDE71B
:108E20004FF0FF30DCE72046DAE700BF00400008E3
:108E30000040010810F4FF7F02BF024B0422C3F878
:108E4000002E704700E100E0054B994202D1054930
:108E5000AAF79ABED1E901230349AAF795BE00BF3C
:108E6000D0C60608F2EC0508FAEC050808B50A4B6E
:108E7000197879B901201870084B094A5A60FFF730
:108E80009DFE084B602283F80423BDE808400420BF
:108E9000F2F726BE08BD00BF3D230020C01F002002
:108EA000358E050800E100E04FF40070704708B50A
:108EB00000210420FFF782FE00F5807008BD00212C
:108EC0000720FFF77BBE00210320FFF777BE0000DD
:108ED00038B5044608461546D4F772FF431E052BE5
:108EE00027D8DFE803F00619191D031B40F20140E3
:108EF00038BDFFF7BBFF2846D4F762FF012803D136
:108F00000D4B9C4205D020730020400040F0010032
:108F1000EEE74FF0FF30F8E7FFF7D5FF0120E7E776
:108F2000054B9C4202D1FFF7C2FFEEE7A068400A62
:108F3000EBE70620DCE700BFD0C6060838B50446DC
:108F40000D46002940F099804FF4DF72F1F7ACF83C
:108F500029460420FFF732FE031E18BF01235B429F
:108F6000DBB284F8BF3184F8C03184F8C13184F8B1
:108F7000C33184F8C43184F8C531030A84F8CB3195
:108F8000030C012284F8CA0184F8CC31000E552369
:108F900084F8BE5184F8C22184F8C65184F8C721F0
:108FA00084F8C85184F8C95184F8CD0184F8CE51B1
:108FB00084F8CF5184F8D05184F8D15184F8D2513B
:108FC00084F8D35184F8D45184F8D55184F8D6511B
:108FD00084F8D75184F8D85184F8D95184F8DA51FB
:108FE00084F8DB5184F8DC5184F8DD5184F8DE51DB
:108FF00084F8FE31AA2384F8DF5184F8E05184F824
:10900000E15184F8E25184F8E35184F8E45184F8A2
:10901000E55184F8E65184F8E75184F8E85184F882
:10902000E95184F8EA5184F8EB5184F8EC5184F862
:10903000ED5184F8EE5184F8EF5184F8F05184F842
:10904000F15184F8F25184F8F35184F8F45184F822
:10905000F55184F8F65184F8F75184F8F85184F802
:10906000F95184F8FA5184F8FB5184F8FC5184F8E2
:10907000FD5184F8FF31012038BDFF2905D84FF498
:1090800000720021F1F710F8F5E700210420FFF746
:1090900095FD00F58070A84206D9A5F5807120469F
:1090A000BDE83840FFF710BE0020E5E770B50C467C
:1090B00005465618B44201D1002070BD214628460D
:1090C000FFF73CFF05F5007501340028F2D16FF081
:1090D0000400F2E7F0B5074685B0D1E900600C4620
:1090E000D4F76EFE0622054601A9A068D5F794F8CC
:1090F000032F12D17168029A01980029B8BF01F2BA
:10910000FF1105EB6121520A01F58071FFF7CEFFD7
:10911000400040F0010005B0F0BD0C4B9E420FD066
:10912000E068D4F74DFEB368B3EB452F02460AD989
:109130007168029B019805EB5121FFF70BFEE7E7F1
:109140006FF00400E4E76FF00D00E1E7D0C6060819
:10915000FF2938B505460C460ED900210420FFF73B
:109160002DFD00F58070A04208D9A4F58071284635
:10917000BDE83840FFF7C8BD012038BD0020FCE73E
:1091800070B50C4605465618B44201D1002070BD9A
:1091900021462846FFF7DCFF05F50075013400285D
:1091A000F2D16FF00400F2E7F0B5074685B0D1E9DF
:1091B00000600C46D4F704FE0522054601A9A0680C
:1091C000D5F72AF8032F12D17168029A0198002965
:1091D000B8BF01F2FF1105EB6121520A01F5807160
:1091E000FFF7CEFF400040F0010005B0F0BD0C4B92
:1091F0009E420FD0E068D4F7E3FDB368B3EB452F90
:1092000002460AD97168029B019805EB5121FFF7CC
:10921000D5FDE7E76FF00400E4E76FF00D00E1E74C
:10922000D0C60608FFF796BD38B504460D46FFF7D1
:109230003EFE621CA0F580704FEA402008D0002C52
:1092400004DB844202D2C4F3080313B106200BE00E
:1092500000246B1C09D1051B09491020D4F7C6FC5A
:10926000C0E901450023037338BD002DEEDD63190D
:109270008342EBD8C5F30803002BEDD0E6E700BF2F
:1092800068C606081FB5084611461A4602AB019388
:109290000A4B00930223D4F721FADDE9020100EA28
:1092A0000103013306D0FFF7BFFF062803D10020DA
:1092B000D3F7FEFC024805B05DF804FB58C606086B
:1092C000D0C606080C4B036083880C4A426143F009
:1092D00005038380012380F84830094B094AC360A5
:1092E000094B4064C0E90823084A8262084A0361C6
:1092F000C0E90D23704700BFF4840608AD9005084F
:10930000C4C60608B8C60608D0C606088191050876
:10931000B0C606087FB5FFF7E7F801A9002211489B
:10932000F4F742FF002269460E48F4F762FF9DF809
:1093300002309DF801209DF803001B0443EA4253CC
:109340009DF8042043EAC2239DF8052043EA421316
:109350009DF80620143043EA520343EA406007B008
:109360005DF804FB102300201FB50123CDE9001395
:10937000A1F11103012B0BD9064B99420CBF072118
:10938000012102916946F2F7E7FA05B05DF804FBA6
:109390000721F6E71200001038B50D4604460749CC
:1093A000AAF738F8696820460022D4F73FFCAA687B
:1093B00003492046BDE83840AAF7E6BB12ED050890
:1093C00083DC050838B50446F2F78AF905462368B8
:1093D0001B689B0704D4F2F783F9401B0A28F6D9CF
:1093E00038BD2DE9FF47044615460846062201A967
:1093F000D4F712FF9DF80C1000224020DDF76EFE1E
:1094000007462846FBF7C6FE04F10C06A168814614
:10941000002530466FF0010AFFF7A6FF029BB3FB61
:10942000F7F8454508D13046F2F77AFA0298D7F7AF
:10943000BFFF04B0BDE8F087D9F800301A69D20741
:10944000FCD5C3F810A095B93046F2F709FA3046BA
:10945000FFF7B8FFE3680199DB6C9DF80C00012F62
:109460002A4608BF1B09DEF76FF80135D9E7E26825
:10947000936843F080439360E9E700002DE9F04FE3
:109480008DB000AF0C46164607F1080107F1100237
:10949000D4F73EFD07F1140207F10C012046D4F782
:1094A00037FDBB6813B95348D3F702FCFA689342FF
:1094B00001D05148F8E77B690622186807F11801C6
:1094C000D4F7AAFE97F8201000224020DDF706FE10
:1094D000FB689B00073323F00703ADEB030D054644
:1094E000E9460024FB68A34236D83046FBF752FE1B
:1094F0003B691C6804F10C08A16806464046FFF76A
:1095000033FF4046F2F7ACF94046FFF75BFFE368F4
:10951000DB6C33686FF001021A611A69D007FCD561
:109520006FF001021A614FF00008FB69B3FBF5F31D
:109530004FF0010A7B607B68984524D13B6918682D
:109540000C30F2F7EDF9BAF1000F0CBF0E201E201F
:109550003437BD46BDE8F08F7B69062253F82400FE
:1095600007F12401D4F758FEFA69BB6A9A4203D185
:109570003A6AFB6A9A4201D0204895E77B6A49F82B
:1095800024300134AEE733681969C9070DD419696D
:10959000CA07FCD56FF001021A610024BB68396963
:1095A000A34205D808F10108C5E74FF0000AF1E72A
:1095B00051F824B00BF10C00DBF808103860FFF70D
:1095C000D3FEDBF80C303868996841F0804199602F
:1095D000FFF7F8FEDBF80C3059F82410DB6C97F835
:1095E0002000012D08BF1B094246DDF7ADFF013405
:1095F000D4E700BF1BED050827ED05083AED050887
:1096000033B400220E4C0192656C45F4807565649C
:10961000646C816004F4807401940121019CC16137
:10962000416101F17061C0E90822C0E90A12C0E994
:10963000032282614260026302B030BCF2F766B876
:109640000038024070B51C46084611464FF0021221
:10965000D3F7BAFF2668F10705D4B2070BD13268F9
:10966000224B9A4207D13046D4F7AAFB1028044671
:1096700014D11F4C17E03046FCF766F8837A9B073D
:1096800004D482881B491C48D2F707FD8468C4F3C0
:109690000434122C1DD919492246F4E7122818D98E
:1096A000134B9842F7D15420C6F7E2FD44220546F9
:1096B00000211030F0F7F8FC114BAC602846C5E9EA
:1096C0000036104B40F80C3F0021FFF799FF284669
:1096D00070BD092CE7D80C4B53F824000028E2D0C9
:1096E00000231A460321FAF7DFFADCE744270608CD
:1096F0001200001050ED05080821060857ED050876
:109700005CC7060800200140C4C7060870B50446BF
:109710000D46FFF729FE2046F2F7A2F82046FFF794
:1097200051FE23682046DE6CF2F7FAF8122D01BFD5
:10973000034A536823F480035360304670BD00BF72
:109740000023014008B581680C30FFF7DFFFBDE85A
:109750000840D7F72DBE000010B504460846D4F7E0
:109760002FFB102802460CD0122802D9084B984231
:1097700009D1201D1146FFF7C9FFBDE81040D7F7FA
:1097800017BE034AF5E703490348D2F786FC00BF3A
:109790001200001057ED0508082106082DE9F843CE
:1097A0008B1F04461746062B26D8DFE803F02A2530
:1097B0002D25042523004FF08076DFF860900025EA
:1097C0004FF0010808FA05F33B4207D059F825008D
:1097D00020B100231A460321FAF766FA01350A2D53
:1097E000F0D120460A4B40F8043F3146BDE8F8432B
:1097F000FFF706BF0026E0E70A4606480649D2F70B
:109800004CFC4FF04076D8E74FF00076D5E700BF2C
:1098100000200140082106086AED0508C4C70608B3
:10982000F8B50E46304611460D4A1D46D3F7CCFE1C
:109830000C494C20D4F7DAF904462868D4F7C0FA6A
:10984000012E074609D96868D4F7BAFA02462046BD
:109850003946FFF7A3FF2046F8BD4FF0FF32F6E789
:1098600004000200E0C6060803685B6803F040736A
:10987000B3F1007F08D0B3F1407F07D0B3F1807F10
:109880000CBF0A200C207047082070470620704744
:1098900010B50446FFF73AFF02462046FFF7E4FF03
:1098A000C0F10C0002FA00F010BD000008B511492B
:1098B000FFF7EEFF104A9FED116A938DD28DD21AF9
:1098C00007EE902AF8EEE77A07EE100AC7EE866AEE
:1098D0000B4A07EE903A92ED006AB8EEC77AF8EEBE
:1098E000E77AD7EE067A87EEA60AF3EE0E7A30EE26
:1098F000270A08BD12000010007AFF1F0000A042D6
:109900003000002008B50430FFF7D0FFBDE8084064
:10991000D6F798BC08B51221FFF7BAFF074B9FEDA9
:10992000087A93ED000A830007EE903AF8EE677A22
:1099300067EE877A27EE800A08BD00BF300000205E
:109940006740533A08B50430FFF7E4FFBDE808402C
:10995000D6F778BC08B51121FFF79AFF0A4B5B8D4B
:1099600007EE900A00EE103AF8EE677AF8EE406AD9
:10997000064B86EEA77AB8EEC00ADFED057A83EDD6
:10998000007A20EE270A08BD007AFF1F3000002071
:109990006740533A08B50430FFF7DCFF054BDFEDB5
:1099A000067A93ED000ABDE8084020EE270AD6F7B4
:1099B00049BC00BF300000203333534008B50430A9
:1099C000FFF7C8FFBDE80840D6F73CBC81F0004176
:1099D00002E000BF83F0004330B54FEA41044FEA94
:1099E000430594EA050F08BF90EA020F1FBF54EA2F
:1099F000000C55EA020C7FEA645C7FEA655C00F0CB
:109A0000E2804FEA5454D4EB5555B8BF6D420CDD9B
:109A10002C4480EA020281EA030382EA000083EA1E
:109A2000010180EA020281EA0303362D88BF30BDBE
:109A300011F0004F4FEA01314FF4801C4CEA113114
:109A400002D0404261EB410113F0004F4FEA033373
:109A50004CEA133302D0524263EB430394EA050FFE
:109A600000F0A780A4F10104D5F1200E0DDB02FA6D
:109A70000EFC22FA05F2801841F1000103FA0EF201
:109A8000801843FA05F359410EE0A5F120050EF1C7
:109A9000200E012A03FA0EFC28BF4CF0020C43FAF8
:109AA00005F3C01851EBE37101F0004507D54FF005
:109AB000000EDCF1000C7EEB00006EEB0101B1F555
:109AC000801F1BD3B1F5001F0CD349085FEA30009B
:109AD0004FEA3C0C04F101044FEA445212F5800FA6
:109AE00080F09A80BCF1004F08BF5FEA500C50F143
:109AF000000041EB045141EA050130BD5FEA4C0C26
:109B0000404141EB0101013C28BFB1F5801FE9D282
:109B100091F0000F04BF01460020B1FA81F308BFA5
:109B20002033A3F10B03B3F120020CDA0C3208DD71
:109B300002F1140CC2F10C0201FA0CF021FA02F14C
:109B40000CE002F11402D8BFC2F1200C01FA02F1BC
:109B500020FA0CFCDCBF41EA0C019040E41AA2BFE1
:109B600001EB0451294330BD6FEA04041F3C1CDAA9
:109B70000C340EDC04F11404C4F1200220FA04F0C9
:109B800001FA02F340EA030021FA04F345EA030173
:109B900030BDC4F10C04C4F1200220FA02F001FA35
:109BA00004F340EA0300294630BD21FA04F02946B7
:109BB00030BD94F0000F83F4801306BF81F4801150
:109BC0000134013D4EE77FEA645C18BF7FEA655CC3
:109BD00029D094EA050F08BF90EA020F05D054EA95
:109BE000000C04BF1946104630BD91EA030F1EBF9A
:109BF0000021002030BD5FEA545C05D1400049419E
:109C000028BF41F0004130BD14F580043CBF01F590
:109C1000801130BD01F0004545F0FE4141F4700176
:109C20004FF0000030BD7FEA645C1ABF1946104651
:109C30007FEA655C1CBF0B46024650EA013406BF52
:109C400052EA033591EA030F41F4002130BD00BF11
:109C500090F0000F04BF0021704730B54FF48064CE
:109C600004F132044FF000054FF0000150E700BF4F
:109C700090F0000F04BF0021704730B54FF48064AE
:109C800004F1320410F0004548BF40424FF000019B
:109C90003EE700BF42004FEAE2014FEA31014FEADE
:109CA00002701FBF12F07F4393F07F4F81F060512D
:109CB000704732F07F4208BF704793F07F4F04BF78
:109CC00041F40021704730B54FF4607401F0004555
:109CD00021F000411CE700BF50EA010208BF7047B5
:109CE00030B54FF000050AE050EA010208BF7047A6
:109CF00030B511F0004502D5404261EB41014FF40F
:109D0000806404F132045FEA915C3FF4D8AE4FF016
:109D100003025FEADC0C18BF03325FEADC0C18BFF9
:109D2000033202EBDC02C2F1200300FA03FC20FA4A
:109D300002F001FA03FE40EA0E0021FA02F1144497
:109D4000BDE600BF4FEA4102B2F1E04324BFB3F5E4
:109D5000001CDCF1FE5C0DD901F0004C4FEAC002A2
:109D60004CEA5070B2F1004F40EB830008BF20F086
:109D70000100704711F0804F21D113F13872BCBF40
:109D800001F00040704741F480114FEA5252C2F195
:109D90001802C2F1200C10FA0CF320FA02F018BFDE
:109DA00040F001004FEAC1234FEAD32303FA0CFC31
:109DB00040EA0C0023FA02F34FEA4303CCE77FEAC0
:109DC000625307D150EA01331EBF4FF0FE4040F40A
:109DD0004000704701F0004040F0FE4040F40000B9
:109DE000704700BF7BB972B90029BEBF00204FF099
:109DF000004106E008BF00281CBF6FF000414FF093
:109E0000FF3000F0C9B9ADF1080C6DE904CE0029AE
:109E100009DB002B1ADB00F060F8DDF804E0DDE977
:109E2000022304B07047404261EB4101002B1BDB71
:109E300000F053F8DDF804E0DDE9022304B040420D
:109E400061EB4101524263EB43037047524263EBC3
:109E5000430300F042F8DDF804E0DDE9022304B03A
:109E6000404261EB41017047524263EB430300F013
:109E700034F8DDF804E0DDE9022304B0524263EB7C
:109E80004303704753B94AB9002908BF00281CBFD3
:109E90004FF0FF314FF0FF3000F07EB9ADF1080C0C
:109EA0006DE904CE00F019F8DDF804E0DDE90223E5
:109EB00004B07047430803F05533C01A00F0333341
:109EC000800800F03330184400EB10104FF00133DD
:109ED00000F00F305843000E70472DE9F0478C46D4
:109EE0008E46089E154604461946002B40F0D08049
:109EF000724547D9B2FA82F74FB1C7F120030EFA83
:109F000007FC20FA03F3BD4043EA0C0CBC404FEAC7
:109F1000154EA8B2BCFBFEF8230C0EFB18CC08FBB8
:109F200000F943EA0C43994528D9EB1808F1FF32B0
:109F300004D2994502D9A8F102022B44A3EB0903EC
:109F4000A4B2B3FBFEFC0EFB1C330CFB00F044EA96
:109F50000344A04214D92C190CF1FF3304D2A042BF
:109F600002D9ACF102032C44241A43EA02401EB188
:109F7000FC40002334607360BDE8F0874246DDE7B3
:109F80006346F1E7002A79D0B2FA82F3002B3FD082
:109F90001946C1F1200302FA01F52EFA03F20EFA76
:109FA00001FE20FA03F343EA0E034FEA154E00FACE
:109FB00001F4B2FBFEFCAFB20EFB1C201A0C0CFB32
:109FC00007F842EA004290455AD9AA180CF1FF302E
:109FD00004D2904502D9ACF102002A44A2EB080257
:109FE0009BB2B2FBFEFC0EFB1C220CFB07F743EA04
:109FF00002439F4246D9EB180CF1FF3204D29F4234
:10A0000002D9ACF102022B44DB1B42EA004202E01F
:10A01000AEEB020301224FEA154EAFB2B3FBFEFCDA
:10A02000200C0EFB1C330CFB07F840EA0343984559
:10A030002AD9EB180CF1FF3004D2984502D9ACF1C3
:10A0400002002B44A3EB0803A4B2B3FBFEFC0EFBFF
:10A050001C330CFB07F744EA0344A74216D92C191A
:10A060000CF1FF3304D2A74202D9ACF102032C4415
:10A07000E41B43EA00400F46114678E71F2188E7BA
:10A080006046ABE76246BFE76046DBE76346EFE763
:10A09000734506D916B9002108466DE7C6E9000EDA
:10A0A000F9E7B3FA83F787B9734501D3824207D83A
:10A0B000841A6EEB030301209C461EB900215BE766
:10A0C0003846FAE7C6E9004CF8E7C7F1200CBB4078
:10A0D00022FA0CF51D4320FA0CF12EFA0CF30EFABD
:10A0E00007FE41EA0E014FEA154900FA07F4B3FBF7
:10A0F000F9F81FFA85FE09FB18300B0C08FB0EFA65
:10A1000043EA00439A4502FA07F240D9EB1808F1F6
:10A11000FF3004D29A4502D9A8F102002B44A3EBE8
:10A120000A0389B2B3FBF9F809FB183308FB0EFEEA
:10A1300041EA03418E452CD9691808F1FF3304D256
:10A140008E4502D9A8F10203294443EA0040A0FB4E
:10A150000298A1EB0E014145CE46434602D306D1FB
:10A160004C4504D2B9EB020E68EB05030138002E12
:10A17000A4D0B4EB0E0261EB030101FA0CFC22FA4D
:10A1800007F34CEA0303F940C6E9003196E740467D
:10A19000C5E74346D9E70000704700BF0000000054
:10A1A000010203040000000000000000010203049B
:10A1B0000607080948414C5F5243435F4F736343AE
:10A1C0006F6E6669670048414C5F5243435F436C62
:10A1D0006F636B436F6E66696700FFC79A6C6F6E43
:10A1E000670051282573290A0063616E27F46F62A6
:10A1F0006A6563F4617267756D656EF4646F6573AB
:10A200006E27F4272571A7696E76616C69E46D7518
:10A2100073F4617267756D656E74F366756E637461
:10A22000696FEE272573A76E6FF4756E7375707086
:10A230006F727465E4666F726D61F425E462E56FB8
:10A24000E674EF747970E5657870656374F3726530
:10A250007175697265E465786973F4696D706C6530
:10A260006D656E7465E4636F6E766572F4666FF2A9
:10A270006B6579776F72E4737472696EE7746FEF70
:10A28000706F736974696F6E61ECE1737065636917
:10A29000666965F2737570706F727465E46C656EF3
:10A2A0006774E8696E6465F869EE776974E861EE71
:10A2B00069F36172E76174747269627574E5696E5D
:10A2C00074656765F2656D7074F969736E27F47271
:10A2D000616E67E572657175697265F361737369C3
:10A2E000676E6D656EF46964656E7469666965F2C2
:10A2F000616EE4636F6D706C65F86F75747369649B
:10A30000E5657870656374696EE767656E657261AF
:10A31000746FF2686176E576616C75E5457874492D
:10A320006EF473796E7461F865787065637465E4D2
:10A3300072657365727665E473657175656E63E564
:10A340006361706162696C69746965F366726FED6F
:10A3500050696E282571A96861F36C617267E56DBB
:10A36000697373696EE76E656564F36EEF6FF26E25
:10A3700061746976E57265747572EE54696D657223
:10A38000282564A9696EF46E616DE56F7065726170
:10A3900074696FEE6F75F47265646566696E65E485
:10A3A00061667465F263616C6C61626CE565727222
:10A3B0006FF26669656CE46D756C7469706CE56E5E
:10A3C0006F6E6C6F6361EC6F766572666C6FF772BF
:10A3D000656769737465F27475706CE54144C361B7
:10A3E0006C6C6F7765E4616C72656164F96275F439
:10A3F000737472756374BA756E6B6E6F77EE757386
:10A40000E561F4636F64E5667265F16C6973F46D20
:10A41000616EF96E6565E47A6572EF627566666510
:10A42000F2696D706F72F46E756D6265F273636BD5
:10A430002F6D6F73692F6D6973EF73706563696654
:10A4400069636174696FEE76616C7565F376656357
:10A45000746FF2696E636F6D70617469626CE56947
:10A4600073737562636C61737328A925F125F362B8
:10A4700061E4636C6173F3666F756EE467697665BA
:10A48000EE696E737472756374696FEE6C61626508
:10A49000EC6C6F6361EC7069EE7365F473746F72EA
:10A4A000E577726F6EE7616E6E6F746174696FEE5F
:10A4B000636F6E76657273696FEE6578707265733F
:10A4C00073696FEE696D706C696369746CF9696EBC
:10A4D000636F6D706C6574E5706172616D65746554
:10A4E00072F3756E65787065637465E4282564A9F8
:10A4F0000025236F00252378002E2E2E20002E66A7
:10A50000726F7A656E002F666C617368002F666CDF
:10A510006173682F6C6962002F7364002F73642F5E
:10A520006C6962003C737464696E3E003C737472C3
:10A53000696E673E003E3E3E2000413000413130B2
:10A540000041313100413132004131330041313479
:10A55000004131350041330041340041350041367E
:10A560000041370041380041390041444300414433
:10A57000433100414443315F434F4D4D4F4E004105
:10A580004443416C6C004144435F435231004144B9
:10A59000435F435232004144435F445200414443CD
:10A5A0005F485452004144435F4A445231004144A1
:10A5B000435F4A445232004144435F4A44523300AD
:10A5C0004144435F4A445234004144435F4A4F464A
:10A5D0005231004144435F4A4F46523200414443A6
:10A5E0005F4A4F465233004144435F4A4F4652341C
:10A5F000004144435F4A535152004144435F4C542D
:10A6000052004144435F534D505231004144435F37
:10A61000534D505232004144435F53515231004137
:10A6200044435F53515232004144435F53515233CC
:10A63000004144435F5352004146315F54494D311C
:10A64000004146315F54494D32004146325F544922
:10A650004D33004146325F54494D34004146325F2C
:10A6600054494D35004146335F54494D3130004126
:10A6700046335F54494D3131004146335F54494DB3
:10A6800039004146345F49324331004146345F4925
:10A69000324332004146345F49324333004146354C
:10A6A0005F53504931004146355F535049320041B4
:10A6B00046365F53504933004146375F5350493364
:10A6C000004146375F555341525431004146375F90
:10A6D000555341525432004146395F4932433200AA
:10A6E0004146395F493243330041465F494E455444
:10A6F0000041465F494E4554360041465F4F440095
:10A7000041465F505000414C5400414C545F4F5003
:10A71000454E5F445241494E00414E414C4F470027
:10A7200041505F4946004152524159004155544FF2
:10A7300000423000423100423130004231320042AA
:10A74000313300423134004231350042320042336D
:10A7500000423400423500423600423700423800A1
:10A760004239004246494E543136004246494E5421
:10A770003332004246494E543800424655494E5401
:10A78000313600424655494E54333200424655490F
:10A790004E54380042465F4C454E0042465F504F93
:10A7A00053004249475F454E4449414E00424F5491
:10A7B000480042524B5F484947480042524B5F4C69
:10A7C0004F57004279746573494F0043313300435A
:10A7D0003134004331350043454E54455200434F18
:10A7E00052455F54454D5000434F52455F564241DC
:10A7F0005400434F52455F56524546004352430072
:10A800004352435F4352004352435F44520043521A
:10A81000435F494452004354530043616E63656C87
:10A820006C65644572726F72004442474D43550037
:10A830004442474D43555F41504231465A004442DD
:10A84000474D43555F41504232465A004442474DBE
:10A8500043555F4352004442474D43555F4944438B
:10A860004F44450044454550534C4545505F524583
:10A8700053455400444D413100444D413200444D54
:10A88000415F484946435200444D415F4849535255
:10A8900000444D415F4C4946435200444D415F4C9A
:10A8A000495352004465666C617465494F004541E7
:10A8B00043434553004541444452494E5553450096
:10A8C00045414741494E0045414C5245414459009C
:10A8D00045424144460045434F4E4E41424F52543B
:10A8E00045440045434F4E4E52454655534544005E
:10A8F00045434F4E4E5245534554004545584953E4
:10A90000540045484F5354554E5245414348004525
:10A91000494E50524F47524553530045494E5641B8
:10A920004C0045494F0045495344495200454E4368
:10A930005F4100454E435F414200454E435F420048
:10A94000454E4F4255465300454E4F4445560045EF
:10A950004E4F454E5400454E4F4D454D00454E4FD0
:10A9600054434F4E4E00454F504E4F545355505048
:10A9700000455045524D004554494D45444F5554AE
:10A98000004556545F46414C4C494E47004556548D
:10A990005F524953494E47004556545F5249534907
:10A9A0004E475F46414C4C494E470045585449007C
:10A9B000455854495F454D5200455854495F4654E7
:10A9C000535200455854495F494D52004558544927
:10A9D0005F505200455854495F52545352004558F5
:10A9E00054495F535749455200457874496E740085
:10A9F000464C41534800464C4153485F4143520046
:10AA0000464C4153485F435200464C4153485F4BCC
:10AA100045595200464C4153485F4F5054435200F1
:10AA2000464C4153485F4F505443523100464C41CD
:10AA300053485F4F50544B45595200464C41534880
:10AA40005F535200464C4F4154333200464C4F4105
:10AA50005436340046696C65494F00466C61736832
:10AA6000004672616D654275666665720046726188
:10AA70006D6542756666657231004750494F410009
:10AA80004750494F42004750494F43004750494FB4
:10AA900044004750494F45004750494F48004750F0
:10AAA000494F5F41465230004750494F5F4146523F
:10AAB00031004750494F5F42535252004750494F6F
:10AAC0005F4253525248004750494F5F42535252DF
:10AAD0004C004750494F5F494452004750494F5F2F
:10AAE0004C434B52004750494F5F4D4F4445520035
:10AAF0004750494F5F4F4452004750494F5F4F53B3
:10AB00005045454452004750494F5F4F54595045B6
:10AB100052004750494F5F505550445200475332FE
:10AB20005F484D5342004753345F484D53420047FE
:10AB3000533800475A4950004830004831004841D6
:10AB400052445F5245534554004932435461726741
:10AB50006574004932435F434352004932435F43C7
:10AB60005231004932435F435232004932435F441D
:10AB700052004932435F464C5452004932435F4FC2
:10AB8000415231004932435F4F4152320049324312
:10AB90005F535231004932435F53523200493243CE
:10ABA0005F54524953450049325332455854004985
:10ABB00032533345585400494F426173650049523E
:10ABC000515F414444525F4D415443485F524541B7
:10ABD00044004952515F414444525F4D41544348FF
:10ABE0005F5752495445004952515F454E445F52A8
:10ABF000454144004952515F454E445F57524954C4
:10AC000045004952515F46414C4C494E470049521C
:10AC1000515F524541445F524551004952515F5284
:10AC20004953494E47004952515F524953494E4793
:10AC30005F46414C4C494E47004952515F525800C3
:10AC40004952515F525849444C45004952515F574F
:10AC5000524954455F5245510049574447004957AE
:10AC600044475F4B5200495744475F505200495791
:10AC700044475F524C5200495744475F5352004C7F
:10AC80004544004C45445F424C5545004C495454A2
:10AC90004C455F454E4449414E004D415354455249
:10ACA000004D4F4E4F5F484C5342004D4F4E4F5F4B
:10ACB000484D5342004D4F4E4F5F564C5342004D4E
:10ACC000564C5342004E4154495645004E6F6E65F6
:10ACD000004E6F74496D706C656D656E74656400CF
:10ACE0004F435F414354495645004F435F464F52DF
:10ACF0004345445F414354495645004F435F464FE7
:10AD0000524345445F494E414354495645004F43E1
:10AD10005F494E414354495645004F435F54494DA6
:10AD2000494E47004F435F544F47474C45004F4EF5
:10AD3000455F53484F54004F55545F4F44004F55A3
:10AD4000545F5050004F7264657265644469637467
:10AD500000504552494F44494300504F4C4C4552D6
:10AD60005200504F4C4C48555000504F4C4C494E9F
:10AD700000504F4C4C4F5554005054520050554CBD
:10AD80004C5F444F574E0050554C4C5F4E4F4E4514
:10AD90000050554C4C5F55500050574D0050574D8A
:10ADA0005F494E5645525445440050575200505743
:10ADB000524F4E5F5245534554005057525F4352D5
:10ADC000005057525F4353520050696E0050696EF5
:10ADD000414600524343005243435F41484231459C
:10ADE0004E52005243435F414842314C50454E520F
:10ADF000005243435F414842315253545200524340
:10AE0000435F41484232454E52005243435F4148FE
:10AE100042324C50454E52005243435F4148423209
:10AE200052535452005243435F41484233454E52BD
:10AE3000005243435F414842334C50454E5200520A
:10AE400043435F4148423352535452005243435F9D
:10AE500041504231454E52005243435F41504231CE
:10AE60004C50454E52005243435F41504231525381
:10AE70005452005243435F41504232454E520052B9
:10AE800043435F415042324C50454E52005243437F
:10AE90005F4150423252535452005243435F424446
:10AEA0004352005243435F43464752005243435F7D
:10AEB000434952005243435F4352005243435F436E
:10AEC0005352005243435F44434B43464752005260
:10AED00043435F504C4C43464752005243435F50FC
:10AEE0004C4C49325343464752005243435F5353FD
:10AEF00043475200524742353635005254430052C0
:10AF000054435F414C524D4152005254435F414CB7
:10AF1000524D41535352005254435F414C524D42A3
:10AF200052005254435F414C524D425353520052CF
:10AF300054435F424B503052005254435F424B5097
:10AF4000313052005254435F424B50313152005223
:10AF500054435F424B50313252005254435F424B94
:10AF600050313352005254435F424B5031345200FF
:10AF70005254435F424B50313552005254435F426A
:10AF80004B50313652005254435F424B503137528E
:10AF9000005254435F424B50313852005254435F89
:10AFA000424B50313952005254435F424B50315260
:10AFB000005254435F424B503252005254435F425E
:10AFC0004B503352005254435F424B503452005264
:10AFD00054435F424B503552005254435F424B50F2
:10AFE0003652005254435F424B5037520052544342
:10AFF0005F424B503852005254435F424B503952DB
:10B00000005254435F43414C494252005254435F03
:10B0100043414C52005254435F4352005254435FE9
:10B020004452005254435F495352005254435F50BC
:10B03000524552005254435F5348494654520052BD
:10B0400054435F535352005254435F54414643525A
:10B05000005254435F5452005254435F545344527D
:10B06000005254435F5453535352005254435F545D
:10B07000535452005254435F575052005254435F4E
:10B0800057555452005254530052696E67494F004D
:10B090005344494F00534C41564500534F434B5F77
:10B0A000444752414D00534F434B5F524157005369
:10B0B0004F434B5F53545245414D00534F46545FED
:10B0C000524553455400534F4C5F534F434B4554E7
:10B0D00000534F5F42524F41444341535400534F3A
:10B0E0005F4B454550414C49564500534F5F5243D5
:10B0F0005654494D454F00534F5F524555534541B6
:10B1000044445200534F5F534E4454494D454F0001
:10B11000535049340053504935005350495F43520E
:10B1200031005350495F435232005350495F4352FC
:10B13000435052005350495F4452005350495F49B5
:10B14000325343464752005350495F49325350529D
:10B15000005350495F525843524352005350495F85
:10B160005352005350495F54584352435200535472
:10B17000415F4946005357005359534346470053D4
:10B1800059534346475F434D50435200535953432D
:10B1900046475F455854494352300053595343463C
:10B1A000475F45585449435231005359534346472A
:10B1B0005F45585449435232005359534346475F01
:10B1C00045585449435233005359534346475F4D02
:10B1D000454D524D50005359534346475F504D43E0
:10B1E000005369676E616C00536F667449324300A7
:10B1F000536F66745350490053746F704173796E86
:10B2000063497465726174696F6E00537472696E1C
:10B2100067494F005377697463680054494D5F4133
:10B2200052520054494D5F424454520054494D5FBC
:10B23000434345520054494D5F43434D52310054FE
:10B24000494D5F43434D52320054494D5F43435291
:10B25000310054494D5F434352320054494D5F43DE
:10B260004352330054494D5F434352340054494DD7
:10B270005F434E540054494D5F4352310054494D91
:10B280005F4352320054494D5F4443520054494D8C
:10B290005F444945520054494D5F444D415200546A
:10B2A000494D5F4547520054494D5F4F5200544944
:10B2B0004D5F5053430054494D5F5243520054492F
:10B2C0004D5F534D43520054494D5F5352005461FA
:10B2D000736B005461736B517565756500546578C7
:10B2E00074494F577261707065720054696D657270
:10B2F0000054696D65724368616E6E656C005541FE
:10B3000052540055494E540055494E543634005558
:10B310004C4F4E4700554C4F4E474C4F4E470055F3
:10B3200053415254360055534152545F42525200D9
:10B3300055534152545F4352310055534152545F6B
:10B340004352320055534152545F435233005553D8
:10B350004152545F44520055534152545F47545038
:10B36000520055534152545F5352005553425F4867
:10B370004944005553425F4F54475F46530055536D
:10B38000425F564350005553484F525400556E6922
:10B39000636F64654572726F72005643502B484963
:10B3A00044005643502B4D5343005643502B4D53AE
:10B3B000432B48494400564F494400566673466142
:10B3C00074005666734C6673320056697065725429
:10B3D0007970654572726F72005744540057445437
:10B3E0005F52455345540057574447005757444709
:10B3F0005F43465200575744475F435200575744F4
:10B40000475F5352005A4C4942005F5F61656E745A
:10B4100065725F5F005F5F61657869745F5F005FA1
:10B420005F61697465725F5F005F5F616C6C5F5F35
:10B43000005F5F616E6578745F5F005F5F6261737C
:10B4400065735F5F005F5F6275696C645F636C6109
:10B4500073735F5F005F5F64656C5F5F005F5F6475
:10B46000656C617474725F5F005F5F646963745FD1
:10B470005F005F5F66696C655F5F005F5F676C6F51
:10B4800062616C735F5F005F5F696D706F72745FA4
:10B490005F005F5F706174685F5F005F5F7265701F
:10B4A0006C5F7072696E745F5F005F5F7265766576
:10B4B000727365645F5F005F5F7365745F6E616D7B
:10B4C000655F5F005F5F736574617474725F5F00D6
:10B4D0005F5F74726163656261636B5F5F005F6190
:10B4E00073796E63696F005F6275696C64005F6D8C
:10B4F000616368696E65005F6D7079005F6F6E658E
:10B5000077697265005F7461736B5F7175657565EE
:10B51000006132625F626173653634006162735F3D
:10B52000746F6C006163636570740061636F7300B6
:10B5300061636F736800616464725F73697A650048
:10B54000616464726573736F660061660061665F53
:10B550006C69737400616C69676E00616C6C6F6319
:10B560005F656D657267656E63795F657863657049
:10B5700074696F6E5F62756600616C7400616E6401
:10B580005F00617070656E646C65667400617267FF
:10B590000061726776006173696E006173696E683D
:10B5A0000061736D5F7468756D6200617372006134
:10B5B00074616E006174616E32006174616E680066
:10B5C0006232615F62617365363400626175647214
:10B5D0006174650062696E0062696E6173636969B6
:10B5E0000062696E640062697473747265616D00F3
:10B5F000626C00626C697400626F6F746C6F61647E
:10B60000657200626F756E645F6D6574686F64006B
:10B6100062726B0062756666657200627566666569
:10B6200072696E6700627800627974656172726136
:10B63000795F617400627974656F7264657200622B
:10B64000797465735F61740063616C6373697A65B3
:10B650000063616C6962726174696F6E0063616C32
:10B660006C6261636B0063616E63656C0063617043
:10B6700074757265006365696C0063656E746572EC
:10B680000063686469720063686F69636500636C76
:10B690006F7375726500636C7A00636D6174680026
:10B6A000636F6C6C65637400636F6C6C6563746965
:10B6B0006F6E7300636F6D7061726500636F6D70A4
:10B6C000696C6500636F6D706C657800636F70798D
:10B6D0007369676E00636F726F00636F756E746578
:10B6E0007200636F756E74727900637073696400C1
:10B6F0006370736965006372630063726333320061
:10B7000063726338006375725F7461736B006461A8
:10B710007461006461746574696D65006465616479
:10B7200074696D65006465636F6465006465657068
:10B73000736C656570006465666C61746500646552
:10B740006772656573006465696E69740064656C31
:10B75000617474720064656C65746572006465710F
:10B760007565006468745F72656164696E746F000A
:10B77000646963745F76696577006469676573748B
:10B780000064697361626C650064697361626C6511
:10B790005F697271006469736361726400646D61F2
:10B7A00000646F630064756D700064756D70730084
:10B7B0006475707465726D00647574795F6E730082
:10B7C000647574795F75313600656C61707365649A
:10B7D0005F6D6963726F7300656C61707365645F40
:10B7E0006D696C6C697300656C6C6970736500657C
:10B7F0006E61626C6500656E61626C655F69727135
:10B8000000656E636F646500656E756D6572617469
:10B8100065006572660065726663006572726E6FC0
:10B82000006572726F72636F646500657865636648
:10B83000696C650065786974006578706D310066C3
:10B84000616273006661756C745F64656275670040
:10B85000666565640066696C6C0066696C6C5F7235
:10B860006563740066696C746572006669727374EE
:10B8700062697400666C61677300666C6F6F72005A
:10B88000666C6F7700666C75736800666D6F640038
:10B890006672616D656275660066726578700066D5
:10B8A000726F6D6865780066726F6D6B6579730095
:10B8B00066726F7A656E7365740066756E6374691F
:10B8C0006F6E0067630067656E63616C6C0067652F
:10B8D0006E657261746F7200676574616464726929
:10B8E0006E666F0067657463776400676574726184
:10B8F0006E6462697473006765747465720067656D
:10B900007476616C756500676D74696D650067704C
:10B91000696F0067726F75700068617264006861BA
:10B9200072645F726573657400686173686C6962E4
:10B9300000686176655F63646300686561705F6C71
:10B940006F636B00686561705F756E6C6F636B0031
:10B95000686561706966790068656170706F700014
:10B960006865617070757368006865617071006802
:10B97000656C7000686964006869645F6B65796212
:10B980006F617264006869645F6D6F7573650068EC
:10B9900069676800686C696E650069646C65006958
:10B9A0006C69737464697200696D616700696D70B8
:10B9B0006C656D656E746174696F6E00696E646943
:10B9C00063657300696E70757400696E74656E737B
:10B9D00069747900696E74657273656374696F6EFA
:10B9E00000696E74657273656374696F6E5F7570FC
:10B9F0006461746500696E7665727400696F637462
:10BA00006C0069706F6C6C0069735F72656164795A
:10BA1000006973636C6F7365006973636F6E6E6545
:10BA2000637465640069736469736A6F696E740036
:10BA30006973656E61626C656400697366696E69DD
:10BA40007465006973696E660069736E616E006982
:10BA5000737375627365740069737375706572735F
:10BA60006574006A736F6E006B62645F696E7472F6
:10BA7000006B656570656E6473006C6162656C0077
:10BA80006C64657870006C647262006C64726578D6
:10BA9000006C647268006C67616D6D61006C696256
:10BAA000635F766572006C69676874736C65657056
:10BAB000006C697374656E006C6F6164006C6F611B
:10BAC0006473006C6F63616C74696D65006C6F67A3
:10BAD0003130006C6F6732006C6F6F6B616865614D
:10BAE00064006C736C006C7372006D616B656669E9
:10BAF0006C65006D6170706572006D6178006D61DC
:10BB000078696D756D20726563757273696F6E20EB
:10BB10006465707468206578636565646564006D4C
:10BB2000617873697A65006D656D3136006D656D9C
:10BB30003332006D656D38006D656D5F61646472F0
:10BB400073697A65006D656D5F616C6C6F63006D24
:10BB5000656D5F66726565006D656D5F696E666FC8
:10BB6000006D656D5F72656164006D656D5F777214
:10BB7000697465006D656D61646472006D656D6FFB
:10BB8000727976696577006D696E006D69736F0013
:10BB90006D6B646972006D6B6673006D6B74696DBB
:10BBA00065006D6F6466006D6F64696679006D6F26
:10BBB00064756C65006D6F64756C6573006D6F7393
:10BBC00069006D6F7674006D6F7677006D6F7677B4
:10BBD00074006D7363006E616D65647475706C657F
:10BBE000006E616D6573006E6174697665006E65E7
:10BBF00074776F726B006E65776C696E65006E6F3F
:10BC000064656E616D65006E6F70006E7373006FBA
:10BC10006374006F6666006F70745F6C6576656C48
:10BC2000007061636B5F696E746F007061746800AF
:10BC30007065656B0070656E645F7468726F770025
:10BC400070685F6B6579007068617365007069008A
:10BC50007069640070696E00706978656C00706C62
:10BC60006174666F726D00706F6C617200706F6CE2
:10BC7000617269747900706F6C7900706F706C65B7
:10BC80006674007072657363616C657200707269CE
:10BC90006E745F657863657074696F6E0070726F43
:10BCA0006773697A650070726F706572747900707D
:10BCB00073310070733200707472007074723136B8
:10BCC00000707472333200707472380070756C6C6E
:10BCD0000070756C73655F77696474680070756C6B
:10BCE00073655F77696474685F70657263656E74AD
:10BCF0000070796200707974686F6E5F636F6D7049
:10BD0000696C657200717374725F696E666F007240
:10BD1000616469616E730072616E64696E74007251
:10BD2000616E646F6D0072616E6472616E67650052
:10BD30007262697400726561645F6275665F6C65EA
:10BD40006E00726561645F6368616E6E656C00723F
:10BD50006561645F636F72655F74656D70007265C5
:10BD600061645F636F72655F7662617400726561C2
:10BD7000645F636F72655F767265660072656164A9
:10BD80005F74696D656400726561645F74696D6597
:10BD9000645F6D756C746900726561645F753136DE
:10BDA00000726561645F76726566007265616462E7
:10BDB00069740072656164626C6F636B73007265B5
:10BDC00061646279746500726561646368617200C0
:10BDD0007265616466726F6D007265616466726F30
:10BDE0006D5F696E746F007265616466726F6D5F1E
:10BDF0006D656D007265616466726F6D5F6D656D16
:10BE00005F696E746F00726561646C696E65730062
:10BE1000726561646F6E6C79007265616473697AD2
:10BE200065007265616C007265637666726F6D00A5
:10BE300072656700726567730072656C5F746F6C22
:10BE40000072656C656173650072656E616D650099
:10BE50007265706C5F696E666F007265706C5F759D
:10BE60006172740072657365745F636175736500F8
:10BE7000726576657273656400726D6469720072D2
:10BE80006F7574650072706172746974696F6E00A9
:10BE90007278627566007363616E007363686564CF
:10BEA000756C650073636B0073636C007363726F12
:10BEB0006C6C007364610073646976007365617211
:10BEC00063680073656564007365656B0073656C1A
:10BED0006563740073656E645F7265637600736595
:10BEE0006E64616C6C0073656E64627265616B0098
:10BEF00073656E64746F00736570617261746F72E4
:10BF00007300736574626C6F636B696E6700736551
:10BF100074696E7465727275707400736574736F92
:10BF2000636B6F707400736574746572007365740D
:10BF300074696D656F7574007368613235360073AE
:10BF4000696E676C650073697A656F6600736C650E
:10BF500065705F6D7300736C6565705F75730073FA
:10BF60006C69636500736F66745F726573657400F6
:10BF7000736F757263655F667265710073706C696B
:10BF8000746C696E657300737461636B5F75736560
:10BF9000007374616E646279007374617400737409
:10BFA000617465007374617476667300737464659C
:10BFB000727200737464696E007374646F757400D8
:10BFC00073746D00737472620073747265780073B9
:10BFD00074726800737472756374007375620073B1
:10BFE00077696E740073796D6D65747269635F64EF
:10BFF0006966666572656E63650073796D6D6574FB
:10C000007269635F646966666572656E63655F75B4
:10C010007064617465007379736E616D650074613D
:10C02000750074656C6C007468726573686F6C641D
:10C03000007469636B5F687A007469636B735F6136
:10C040006464007469636B735F6370750074696323
:10C050006B735F64696666007469636B735F6D73AD
:10C06000007469636B735F75730074696D655F6EEF
:10C07000730074696D655F70756C73655F757300CF
:10C0800074696D656F75745F6368617200746F6762
:10C09000676C65007472756E63007478646F6E65AA
:10C0A0000075637479706573007564656C617900FF
:10C0B0007564697600756D6F756E7400756E616D6F
:10C0C0006500756E6865786C69667900756E69667D
:10C0D0006F726D00756E696F6E00756E6971756552
:10C0E0005F696400756E6C696E6B00756E7061637C
:10C0F0006B5F66726F6D00756E72656769737465EC
:10C1000072007573625F6D6F64650075737973009B
:10C1100076636D7000766376745F6633325F733377
:10C120003200766376745F7333325F663332007643
:10C13000657273696F6E0076657273696F6E5F69A1
:10C140006E666F0076696400766970657200766C61
:10C15000647200766C696E6500766D6F7600766D40
:10C16000727300766E656700767371727400767311
:10C1700074720077616B657570007766690077721D
:10C180006974655F72656164696E746F0077726966
:10C190007465626974007772697465626C6F636B51
:10C1A0007300777269746562797465007772697477
:10C1B0006563686172007772697465746F00777285
:10C1C000697465746F5F6D656D007772697465760B
:10C1D000746F007B3A23627D005F5F6469725F5F0A
:10C1E000003C6D6F64756C653E005F5F63616C6CF5
:10C1F0005F5F005F5F636C6173735F5F005F5F64CD
:10C20000656C6974656D5F5F005F5F656E74657214
:10C210005F5F005F5F657869745F5F005F5F6765A0
:10C2200074617474725F5F005F5F676574697465E1
:10C230006D5F5F005F5F686173685F5F005F5F698C
:10C240006E69745F5F005F5F696E745F5F005F5F60
:10C25000697465725F5F005F5F6C656E5F5F005F52
:10C260005F6D61696E5F5F005F5F6D6F64756C65C8
:10C270005F5F005F5F6E616D655F5F005F5F6E6552
:10C28000775F5F005F5F6E6578745F5F005F5F710F
:10C2900075616C6E616D655F5F005F5F7265707286
:10C2A0005F5F005F5F7365746974656D5F5F005FFA
:10C2B0005F7374725F5F0041726974686D65746961
:10C2C000634572726F7200417373657274696F6E49
:10C2D0004572726F7200417474726962757465455B
:10C2E00072726F7200454F464572726F7200456CF4
:10C2F0006C697073697300496D706F727445727206
:10C300006F7200496E64656E746174696F6E457218
:10C31000726F7200496E6465784572726F72004B7D
:10C3200065794572726F72004B6579626F617264F4
:10C33000496E74657272757074004C6F6F6B7570B6
:10C340004572726F72004D656D6F72794572726FD2
:10C3500072004E616D654572726F72004E6F6E6550
:10C3600054797065004E6F74496D706C656D656EC3
:10C370007465644572726F72004F534572726F72CA
:10C38000004F766572666C6F774572726F720052FD
:10C39000756E74696D654572726F720053796E7453
:10C3A00061784572726F720053797374656D457868
:10C3B00069740056616C75654572726F72005A65DA
:10C3C000726F4469766973696F6E4572726F72003D
:10C3D000616E7900617070656E6400626F6F6C00F1
:10C3E0006275696C74696E730062797465617272EA
:10C3F00061790062797465636F64650063616C6C78
:10C4000061626C650063687200636C6173736D6573
:10C4100074686F6400636C65617200636F6E73743F
:10C4200000636F7079006469766D6F6400656E6497
:10C430007377697468006576616C00657865630080
:10C44000657874656E6400666F726D617400667203
:10C450006F6D5F627974657300676574617474727F
:10C4600000676C6F62616C730068617361747472F1
:10C47000006861736800696E736572740069736146
:10C480006C706861006973646967697400697369D5
:10C490006E7374616E63650069736C6F77657200AB
:10C4A00069737370616365006973737562636C614E
:10C4B00073730069737570706572006A6F696E00DE
:10C4C0006C6974746C65006C6F63616C73006C7381
:10C4D00074726970006D61696E006D6170006D69E4
:10C4E00063726F707974686F6E006E657874006F38
:10C4F000626A656374006F70656E00706F70697456
:10C50000656D00706F77007072696E74007265619E
:10C51000646C696E650072656D6F7665007265703A
:10C520006C61636500726570720072657665727326
:10C5300065007266696E640072696E646578007287
:10C540006F756E64007273706C69740072737472CC
:10C550006970007365700073657461747472007340
:10C56000657464656661756C7400736F72740073D2
:10C570006F727465640073746172740073746172B5
:10C58000747377697468007374617469636D65743A
:10C59000686F640073746F700073756D00737570ED
:10C5A000657200746F5F6279746573007574662DCF
:10C5B00038007A6970003C64696374636F6D703E23
:10C5C000003C67656E657870723E003C6C616D6220
:10C5D00064613E003C6C697374636F6D703E003C37
:10C5E000736574636F6D703E005F5F6162735F5F60
:10C5F000005F5F6164645F5F005F5F616E645F5FE7
:10C60000005F5F626F6F6C5F5F005F5F636F6D7095
:10C610006C65785F5F005F5F636F6E7461696E73F6
:10C620005F5F005F5F64656C6574655F5F005F5F9F
:10C630006469766D6F645F5F005F5F65715F5F0067
:10C640005F5F666C6F61745F5F005F5F666C6F6FEA
:10C65000726469765F5F005F5F67655F5F005F5F61
:10C660006765745F5F005F5F67745F5F005F5F694E
:10C670006164645F5F005F5F696E766572745F5FBF
:10C68000005F5F697375625F5F005F5F6C655F5F2E
:10C69000005F5F6C73686966745F5F005F5F6C74F6
:10C6A0005F5F005F5F6D61746D756C5F5F005F5F02
:10C6B0006D6F645F5F005F5F6D756C5F5F005F5FF4
:10C6C0006E655F5F005F5F6E65675F5F005F5F6FF6
:10C6D000725F5F005F5F706F735F5F005F5F706FBF
:10C6E000775F5F005F5F726164645F5F005F5F72CE
:10C6F000616E645F5F005F5F72666C6F6F7264692A
:10C70000765F5F005F5F726C73686966745F5F007D
:10C710005F5F726D61746D756C5F5F005F5F726DFE
:10C720006F645F5F005F5F726D756C5F5F005F5F7E
:10C73000726F725F5F005F5F72706F775F5F005F45
:10C740005F727273686966745F5F005F5F727368BF
:10C750006966745F5F005F5F727375625F5F005F41
:10C760005F72747275656469765F5F005F5F72788F
:10C770006F725F5F005F5F7365745F5F005F5F7321
:10C7800075625F5F005F5F747275656469765F5F95
:10C79000005F5F786F725F5F00747275650066613D
:10C7A0006C73650028295B5D7B7D2C3B7E3A653D83
:10C7B0003C653D633C653D3E653D633E653D2A65A8
:10C7C0003D632A653D2B653D2D653D653E26653DF6
:10C7D0007C653D2F653D632F653D25653D5E653D6F
:10C7E00040653D3D653D212E002E666F726D617482
:10C7F0002800FF756E69636F6465C7657363617058
:10C8000065730046616C73650054727565005F5F07
:10C8100064656275675F5F00616E640061730061EB
:10C820007373657274006173796E63006177616917
:10C830007400636F6E74696E75650064656C006585
:10C840006C696600656C736500657863657074007B
:10C8500066696E616C6C7900696D706F7274006CE2
:10C86000616D626461006E6F6E6C6F63616C006E0F
:10C870006F74007061737300726169736500726533
:10C880007475726E007768696C6500FF8A9C636FCF
:10C890006E7374616E7400FFFE696E64656E740081
:10C8A000FF756E696E64656E74836D617463682074
:10C8B000616E79206F7574657220696E64656E743F
:10C8C000206C6576656C006D616C666F726D656479
:10C8D00020662D737472696E6700FF85B600FF2AAB
:10C8E00078868EAC74617267657400FF276272652A
:10C8F000616B272F27636F6E74696E756527B06C47
:10C900006F6F7000FFD9918400FFF8868EA3AD0091
:10C91000FFADCA617320676C6F62616C00FFC1621A
:10C92000696E64696E6797D0EF00FFADCA6173D01E
:10C9300000FF806465636C617265D0A16F7574657A
:10C9400072DC00FF277969656C6427B08800FFB14D
:10C950006B65793A76616C7565976469637400FFFD
:10C96000B16A7573749CB497F500FF6E6F6E2D6499
:10C97000656661756C7482666F6C6C6F777320642A
:10C98000656661756C748200FF2772657475726EDE
:10C9900027B08800FF8064656C657465FA00FF82CB
:10C9A000C772657573656400FF696E6C696E65209A
:10C9B000617373656D626C6572868E9C8800FFD9A9
:10C9C0009100FFC4F8868EA3AD00FFB1A36173731D
:10C9D000656D626C6572F100FF276C6162656C27A2
:10C9E000AB318200FFF2CA00FF27616C69676E27D6
:10C9F000AB318200FF276461746127ABDB6C65613A
:10CA0000737420328700FF276461746127ABA787A6
:10CA100000FF8061737369676E90FA00FFCF2A7818
:10CA2000A1AC00FF6173796E6320666F722F776926
:10CA30007468B06173796E638800FF6465666175C0
:10CA40006C74202765786365707427868E6C6173BB
:10CA50007400FF2AA5CB2A2A00FF9ADF6172677350
:10CA600000FF4C48538F98A5868EA3696400FF9BF6
:10CA7000A5CB2A2A00FF9BA5CB98A500FF73757054
:10CA8000657228298066696E642073656C6600FF94
:10CA900027617761697427B08800FF856D696372CB
:10CAA0006F707974686F6E206465636F7261746F04
:10CAB0007200FFE32A8ADB6D6F64756C65206C651C
:10CAC00076656C00FF62797465636F6465D100FF01
:10CAD0009ADF6C6F63616C7397C36D6574686F6484
:10CAE00000FFF38475736564206265666F726591FB
:10CAF0006B6E6F776E00FFF9908100FF867261693F
:10CB00007365A38100FFF384BD9184D7736F757241
:10CB10006365A48400FF80FB96849027626F6F6C2E
:10CB20002700FFC37969656C6400FFC4B784D767C9
:10CB30006F74840063617374696E6700FF276E6FA2
:10CB400074278A9500FF80646F20756E617279206A
:10CB50006F708F8400FF6469762F6D6F648A95977C
:10CB600075696E7400FF636F6D70617269736F6ECB
:10CB70008FC6AE75696E7400FF62696E617279204E
:10CB80006F70EB8A9500FF80646F2062696E61723E
:10CB900079206F70206265747765656E84AE84005D
:10CBA000FF806C6F6164BB8400FF806C6F6164A266
:10CBB00084A000FF80F68400FF80F6908400FF8050
:10CBC000F6A284A000FF89929CF200FFF2848A649E
:10CBD0006566696E656400FF8992A361646472652D
:10CBE00073738F74686520666F726D205B612C2093
:10CBF000625D00FF8992A3A700FF89A7307825789E
:10CC000083666974A16D61736B203078257800FFAD
:10CC10008992DB6D6F73742072256400FF8992A383
:10CC2000465055D200FF89929CD200FF89927B72B8
:10CC3000302C2072312C202E2E2E7D00FF63616E51
:10CC4000206F6E6C79B375709034FD905468756D7B
:10CC50006220617373656D626C7900FFFD868E7270
:10CC60006567697374657273A1B97230907233002D
:10CC7000415053525F6E7A637600465053435200E0
:10CC8000FF89929C7370656369616CD200FF8B545D
:10CC900068756D62F189A28D8700FF6272616E63B3
:10CCA000688AA1AA00FF696E742829A532868E3E83
:10CCB0003D2032AE3C3D20333600FF85B697A7A21B
:10CCC000626173658D00FF85B697E400FFE92E6D04
:10CCD00070792066696C6500FFE92E6D70792061BE
:10CCE00072636800FFC784A9646566696E65640045
:10CCF000FF8B919725713A8900FF8981A9CC00FFAC
:10CD0000657863657074696F6E7386646572697641
:10CD100065BB42617365457863657074696F6E00C9
:10CD2000FF918184BDC1A68400FF8981BDC1A68415
:10CD300000FFB27261697365642053746F70497447
:10CD400065726174696F6E00FF8981A9697465728B
:10CD500061626C6500FF8981A9A369746572617461
:10CD60006F7200FFE06D6F7265207468616E8DE711
:10CD700090756E7061636B00FF9ADFE790756E705F
:10CD800061636B2028657870656374656420256431
:10CD90002900FF80E3C7EB00FF6D656D6F7279209E
:10CDA000616C6C6F636174696F6E206661696C653C
:10CDB000642C2068656170A46C6F636B6564006DA2
:10CDC000656D6F727920616C6C6F636174696F6EF1
:10CDD000206661696C65642C20616C6C6F636174A2
:10CDE000696E67202575206279746573006E6567CA
:10CDF000617469766520736869667420636F756E07
:10CE00007400FF8B74797065739725713A2027251C
:10CE100073272C8900FF646976696465206279E173
:10CE200000FF82BDF79100FF8096EC90C600FF885E
:10CE30008374616B65988700FF8874616B65738D7F
:10CE40009B87D78D77657265F000FF88BF8D939BB8
:10CE50008700FF88B7DB6D6F73748D617267756DC6
:10CE6000656E74732C20676F748D00FF848293004D
:10CE7000FF65787472619B87F000FF65787472615A
:10CE80009887F000FF98617267756D656E742873FE
:10CE9000298A952DDA6E6F726D616C2061726773ED
:10CEA00020696E7374656164003C25713E005472A4
:10CEB0006163656261636B20286D6F7374207265B6
:10CEC00063656E742063616C6C206C617374293AC5
:10CED0000A00202046696C6520222571222C206CD6
:10CEE000696E65202564002C20696E2025710A007A
:10CEF000FF8096EC90666C6F617400FF8096EC90FA
:10CF0000AF00FF8189A99CD3C2DE00FF72657175F5
:10CF100065737465649F8DD781BD9F8D00FFEB693C
:10CF20006E6469636573868E696E74656765727316
:10CF30002C8AEC00FFEBA0C98FAA00FF818F91899A
:10CF4000BDC16C656E282900FF898183737570707F
:10CF50006F7274206974656D2064656C6574696FA7
:10CF60006E00FF8981A97375627363726970746161
:10CF7000626C6500FF898183737570706F727420B5
:10CF80006974656DAC00FF81A2E270726F746F63AB
:10CF90006F6C9300627974656172726179286200C6
:10CFA00061727261792827256327002C205B002C91
:10CFB0002000FF6F6E6C7920736C69636573A273D8
:10CFC0007465703D312028616B61204E6F6E65295C
:10CFD000206172659E00FF6C6873AE726873207387
:10CFE000686F756C648E636F6D70617469626C6577
:10CFF00000FF61727261792F6279746573936F6E4D
:10D00000207269676874207369646500FF6D656DDF
:10D010006F727976696577206F66667365749ABEFC
:10D0200000FF9982776974686F7574A3656E636F8A
:10D0300064696E670025713D006A29006A00FF80FF
:10D040007472756E636174652D6469766964659C3C
:10D05000AFE400FFAF646976696465206279E1003E
:10D06000FF302E30909CAF706F77657200FFA80084
:10D07000285B005D2900FF706F706974656D282959
:10D080003A2064696374696F6E617279A4A800259F
:10D090007128007B002200FF64696374207570644E
:10D0A000617465B9BDF79F00646963745F697465F5
:10D0B0006D7300646963745F6B65797300646963A1
:10D0C000745F76616C756573005B4572726E6F207C
:10D0D00025645D202571003C66756E6374696F6E12
:10D0E00020257120617420307825703E00FFB2D673
:10D0F000657865637574696E67003C67656E657217
:10D1000061746F72206F626A6563742027257127CE
:10D110002061742025703E00FF8073656E64206E70
:10D120006F6E2D4E6F6E65B4909C6A7573742D731F
:10D13000746172746564B200FFB269676E6F726584
:10D14000642047656E657261746F7245786974001A
:10D15000FFE29A736D616C6C00FF8096696E669059
:10D16000C600FF80964E614E90C600FF706F772814
:10D1700029A23387AB696E74656765727300FFD14E
:10D18000636F6E76657274696E67206C6F6E67C6CA
:10D19000906D616368696E6520776F726400FF70DF
:10D1A0006F70BBA8DE003C6D6F64756C6520272531
:10D1B00073272066726F6D20272573273E003C6D14
:10D1C0006F64756C6520272573273E00FFA5868E4A
:10D1D000757365722D7479706500FFC1737563682E
:10D1E000A6006E756C6C00FF80F5A600FFFE9882AD
:10D1F0008400FF88676F74CFE797828400FFE17334
:10D200007465700072616E67652825642C20256442
:10D21000002C2025642900FF706F70BBA3A8F500C7
:10D2200073657428290066726F7A656E7365742859
:10D2300000736C6963652800FF736C696365207314
:10D24000746570808EE100FF8096848190EBFB0016
:10D25000FF6A6F696E929CDE8F7374722F627974AD
:10D260006573206F626A6563747320636F6E7369A0
:10D270007374656E74A273656C6681006E6F6E2D3B
:10D28000686578206469676974005C2563005C5C8C
:10D29000005C6E005C72005C74005C782530327853
:10D2A000005C752530347800FF73756273747269A1
:10D2B0006E678AEF00FFF7E48F8700FF627974657D
:10D2C00073B4C98FAA00FFA8736570617261746F2F
:10D2D0007200FF8CC09C6469637400FFFC8C6B65FA
:10D2E0007900FF8C99C06D6F72658700FFFC8C0020
:10D2F000FF2563C0C6C26368617200FFA76E6565E3
:10D3000064656400FF8B8C6368617261637465722D
:10D31000202725632720283078257829DBA08D0059
:10D32000FF8C996469646E277496616C6C870072D7
:10D3300073706C6974284E6F6E652C6E2900FF73D4
:10D34000696E676C6520277D2720656E636F756E3B
:10D350007465726564A18C9900FFEDF99D00FF75FD
:10D360006E6D61746368656420277B27A18C00FF64
:10D37000B7273A27CB8C9D00FF8073776974636869
:10D38000BB6175746F6D61746963CE6E756D626536
:10D3900072696E67906D616E75616CCEE600FFD349
:10D3A000A0C98FAA00FF6174747269627574657395
:10D3B0008A9E00FF80737769746368BB6D616E75C8
:10D3C000616CCEE6906175746F6D61746963CE6E49
:10D3D000756D626572696E67003C3E3D5E0062631A
:10D3E000646545664667476E6F7378582500FF850C
:10D3F0008C9D00FF7369676E8AD5A1998C9D00FF93
:10D400007369676E8AD5A2A78C9D27632700FFD911
:10D410008CDC2725632797818F918900FF273D2783
:10D4200020616C69676E6D656E748AD5A1998C9D5B
:10D43000005C552530387800FF99696E6469636532
:10D4400073868E696E7465676572732C8AEC00FF53
:10D4500099A0C98FAA003C696F2E537472696E67D8
:10D46000494F20307825783E003C696F2E42797410
:10D470006573494F20307825783E00FF492F4FC80B
:10D480006F6E20636C6F7365642066696C65002C39
:10D490000063616C6C20737570657228292E5F5F64
:10D4A000696E69745F5F282920666972737400FF72
:10D4B00080616464207370656369616C206D65745C
:10D4C000686F6490616C72656164792D73756263D5
:10D4D0006C6173736564EE003C636C617373202749
:10D4E0002571273E00FF756E7265616461626C652F
:10D4F000A6003C2573206F626A6563742061742006
:10D5000025703E003C73757065723A2000FF8063A1
:10D51000726561746584696E7374616E63657300AE
:10D52000FF9184A9A361636365707461626C652077
:10D53000626173659100FFCF6261736573B3696E59
:10D540007374616E6365206C61792D6F75742063EF
:10D550006F6E666C69637400FF9174616B65732014
:10D5600031C2338700FF5F5F696E69745F5F28298E
:10D570002073686F756C64C44E6F6E652C8A890069
:10D58000FFEAA532868E9CEEC29CD38F636C6173DA
:10D5900073657300FFEAA531868E9CEE00FF818AD9
:10D5A000A1B900FF73747265616DC88A9E00FFEDBA
:10D5B00074797065636F646500FF80706572666F73
:10D5C000726D2072656C6174697665E3002E667217
:10D5D0006F7A656E2F00FFC16D6F64756C65206E8C
:10D5E000616D65648400FFED636F6D70696C65202B
:10D5F0006D6F646500506C757320616E79206D6F7E
:10D6000064756C6573206F6E207468652066696C44
:10D610006573797374656D0A006F626A656374205F
:10D6200000206973206F6620747970652025710A67
:10D6300000202D2D2000FF6368722829A58AA17281
:10D64000616E67652830783131303030302900FF25
:10D65000A5A4A3A8B900FF6F72642829B79C6368CA
:10D66000617261637465722CD7998F9F8DEF00FF93
:10D6700086DA9882976B65798800FF6D61746820FF
:10D68000646F6D61696ECD006E6567617469766502
:10D6900020666163746F7269616C00737461636B9F
:10D6A0003A202575206F7574206F662025750A0055
:10D6B0007173747220706F6F6C3A206E5F706F6F51
:10D6C0006C3D25752C206E5F717374723D25752C31
:10D6D000206E5F7374725F646174615F62797465F8
:10D6E000733D25752C206E5F746F74616C5F627979
:10D6F0007465733D25750A007363686564756C65B0
:10D700002071756575652066756C6C007079626F47
:10D710006172640057454143545F463431315F4282
:10D720004C41434B50494C4C00332E342E303B205F
:10D730004D6963726F507974686F6E2076312E3246
:10D74000382E30206F6E20323032362D30342D306E
:10D750003600FF88BF939B8223256400FF88BF9318
:10D7600098828400FF88BF6B6579776F72642D6F34
:10D770006E6C7982000A2573005461736B206578A2
:10D7800063657074696F6E207761736E27742072A1
:10D79000657472696576656400302E312E30004400
:10D7A00048543131004448543232004448544261B4
:10D7B0007365004576656E7400494F5175657565F2
:10D7C000004C6F636B004C6F636B206E6F74206155
:10D7D00063717569726564004C6F6F70004D4154E0
:10D7E00043485F524F4D004F6E6557697265004F59
:10D7F0006E65576972654572726F720050524F5470
:10D800004F434F4C5F544C535F434C49454E54007B
:10D810005345415243485F524F4D00534B49505F6F
:10D82000524F4D0053534C436F6E746578740053E0
:10D8300065727665720053696E676C65746F6E47CA
:10D84000656E657261746F720053747265616D000C
:10D8500053747265616D52656164657200537472D0
:10D8600065616D57726974657200546872656164B0
:10D8700053616665466C61670054696D656F7574C8
:10D880004572726F72005F52656D6F7665005F5F03
:10D8900076657273696F6E5F5F005F617474727337
:10D8A000005F64657175657565005F656E717565AE
:10D8B0007565005F6578635F636F6E74657874008B
:10D8C0005F6578635F68616E646C6572005F696F45
:10D8D0005F7175657565005F6F77005F70726F6D62
:10D8E0006F74655F746F5F7461736B005F72756EE8
:10D8F000005F7365617263685F726F6D005F73656F
:10D90000727665005F73746F705F7461736B005F34
:10D9100073746F707065720061636C6F7365006122
:10D92000637175697265006173796E63696F2F5FEA
:10D930005F696E69745F5F2E7079006173796E63E1
:10D94000696F2F636F72652E7079006173796E63F2
:10D95000696F2F6576656E742E7079006173796ECC
:10D9600063696F2F66756E63732E707900617379CA
:10D970006E63696F2F6C6F636B2E707900617379C2
:10D980006E63696F2F73747265616D2E70790061BB
:10D990007700617772697465737472006261636B9A
:10D9A0006C6F670063616C6C5F6578636570746948
:10D9B0006F6E5F68616E646C65720063616E277480
:10D9C0002067617468657200636200636865636BF9
:10D9D00073756D206572726F7200636F726500639C
:10D9E0006F726F3D00636F726F7574696E6520654D
:10D9F00078706563746564006372656174655F74F3
:10DA000061736B0063757272656E745F7461736BC2
:10DA10000064656661756C745F65786365707469D0
:10DA20006F6E5F68616E646C6572006468742E70FE
:10DA30007900646F5F68616E647368616B655F6FC6
:10DA40006E5F636F6E6E65637400647261696E0011
:10DA500064740065737000657863006578635F7453
:10DA60007970650066756E637300667574757265AE
:10DA7000006675747572653A006765745F657665F2
:10DA80006E745F6C6F6F70006765745F6578636557
:10DA90007074696F6E5F68616E646C657200676553
:10DAA000745F65787472615F696E666F00686F732A
:10DAB000740068756D6964697479006964780069D7
:10DAC000735F736574006C5F726F6D006D61696E7A
:10DAD0005F7461736B006D656173757265006D6570
:10DAE0007373616765006E65775F6576656E745FF9
:10DAF0006C6F6F70006E6F2072756E6E696E67204E
:10DB00006576656E74206C6F6F70006F6E657769F7
:10DB100072652E7079006F70656E5F636F6E6E65F3
:10DB20006374696F6E006F75745F6275660070650F
:10DB300065726E616D6500706F6C6C6572007175F9
:10DB40006575655F726561640071756575655F77A0
:10DB500072697465007265616465786163746C797B
:10DB60000072657175697265640072657475726EB4
:10DB70005F657863657074696F6E730072756E5F50
:10DB8000666F72657665720072756E5F756E746928
:10DB90006C5F636F6D706C6574650072756E715F3C
:10DBA0006C656E0073656C6563745F726F6D007396
:10DBB00065727665725F686F73746E616D65007310
:10DBC00065727665725F73696465007365745F651D
:10DBD0007863657074696F6E5F68616E646C65729E
:10DBE000007367656E0073736C0073746172745FA9
:10DBF0007365727665720073747265616D5F6177CB
:10DC00007269746500737A0074620074656D706582
:10DC1000726174757265007469636B73007561730A
:10DC2000796E63696F2E707900776169745F636CD8
:10DC30006F73656400776169745F666F7200776106
:10DC400069745F666F725F6D7300776169745F6995
:10DC50006F5F6576656E74007761697465720077D1
:10DC6000616974696E670077616974715F6C656E74
:10DC700000777261705F736F636B6574003C414441
:10DC8000432575206368616E6E656C3D25753E00A9
:10DC9000FFBC646F65738AB3D4BA00FF493243C8CE
:10DCA0008A9E00FF856164647273697A6500536FB0
:10DCB00066744932432873636C3D25712C2073646C
:10DCC000613D25712C20667265713D25752900FF27
:10DCD0006861726420495251930049324354617221
:10DCE0006765742825752C20616464723D2575294B
:10DCF000006D656D5F6164647273697A65206D752E
:10DD0000737420626520302C20382C2031362C2072
:10DD10003234206F7220333200FF616464726573A5
:10DD2000732025303878A48A616C69676E656490C9
:10DD30008D6279746573003C25752D626974206D60
:10DD4000656D6F72793E003C50574D2054494D250A
:10DD5000755F434825753E00FFDD9A736D616C6CFD
:10DD600000FFDD9ABE00FFBC83B350574DBA00FFE1
:10DD700062756666657273868E7468652073616D00
:10DD8000659F00536F6674535049286261756472D1
:10DD90006174653D25752C20706F6C6172697479B2
:10DDA0003D25752C2070686173653D25752C2066B6
:10DDB000697273746269743D25752C2073636B3DC1
:10DDC00025712C206D6F73693D25712C206D697351
:10DDD0006F3D25712900FF62697473868E3800FFDC
:10DDE000867370656369667920616C6C8FE5005499
:10DDF000696D6572286D6F64653D25712C207065B5
:10DE000072696F643D25752900FF706572696F64E2
:10DE10009ABE00FF54696D6572839400FF8B636F37
:10DE20006D62696E6174696F6E8F62697473AE70D2
:10DE3000617269747900FF55415254282564298321
:10DE40009400FF55415254A4737461746963AE72B7
:10DE500078627566808E6368616E67656400FFF541
:10DE600062617564726174658DA48A77697468698A
:10DE70006E203525258F64657369726564B400FF73
:10DE800068616E646C6572868E4E6F6E65C2CC0082
:10DE9000FF74726967676572203078253038788B37
:10DEA00000FF55415254282573298394005541524F
:10DEB000542825752900554152542825752C206277
:10DEC000617564726174653D25752C206269747397
:10DED0003D25752C207061726974793D002C20738A
:10DEE000746F703D25752C20666C6F773D007C004B
:10DEF0002C2074696D656F75743D25752C207469CF
:10DF00006D656F75745F636861723D25752C207255
:10DF1000786275663D2575003B206972713D3078E9
:10DF2000257800FF57445428256429839400FF571F
:10DF300044542074696D656F75749A73686F727458
:10DF400000FF5744542074696D656F75749A6C6F47
:10DF50006E6700FF807761697400FFA86865617073
:10DF600000FF8063616E63656C2073656C66006999
:10DF70006E636F72726563742070616464696E674A
:10DF800000FF8C00776269747300FF858C00FF6866
:10DF9000617368A466696E616C00FF686561708674
:10DFA0008E9CDE00FFB6CDA14A534F4E0049443D42
:10DFB0002530327825303278253032782530327865
:10DFC0003A25303278253032782530327825303293
:10DFD000783A25303278253032782530327825303D
:10DFE00032780A0044455649443D3078253034782B
:10DFF0000A52455649443D3078253034780A00535A
:10E000003D25750A483D25750A50313D25750A5054
:10E01000323D25750A005F65746578743D25700A88
:10E02000005F7369646174613D25700A005F736409
:10E030006174613D25700A005F65646174613D250E
:10E04000700A005F736273733D25700A005F65623A
:10E0500073733D25700A005F73737461636B3D25B4
:10E06000700A005F65737461636B3D25700A005F21
:10E0700072616D5F73746172743D25700A005F6830
:10E080006561705F73746172743D25700A005F682A
:10E090006561705F656E643D25700A005F72616D39
:10E0A0005F656E643D25700A00717374723A0A20D0
:10E0B000206E5F706F6F6C3D25750A20206E5F715A
:10E0C0007374723D25750A20206E5F7374725F64ED
:10E0D0006174615F62797465733D25750A20206EF5
:10E0E0005F746F74616C5F62797465733D25750A46
:10E0F0000047433A0A002020257520746F74616C34
:10E100000A0020202575203A2025750A002020319C
:10E110003D257520323D2575206D3D25750A004C45
:10E12000465320667265653A2025752062797465CC
:10E13000730A00FF85DD0063616E277420636861E8
:10E140006E6765206672657100FFC1617661696CFA
:10E1500061626C65204E494300312E32382E30000A
:10E160006E65776C6962004743432031342E322E4E
:10E1700030004D6963726F507974686F6E2D312E67
:10E1800032382E302D61726D2D48414C312E313692
:10E190002E302D776974682D6E65776C6962342E28
:10E1A000352E3000FF62697473868E3332C26C651F
:10E1B0007373003C6D61746368206E756D3D2564FA
:10E1C0003E003C72652025703E00FF7265676578F1
:10E1D0009AAF00FFCDA1726567657800FF73706C20
:10E1E000697474696E67A27375622D63617074756A
:10E1F000726573003C736F636B65742066643D25C4
:10E20000642074696D656F75743D256420646F6D5D
:10E2100061696E3D256420747970653D25642070C8
:10E22000726F746F3D256420626F756E643D256268
:10E230003E00FF6D6B74696D65C09CD38F9F38C2C3
:10E240003900FF7469636B7320696E74657276615F
:10E250006CD100FFB6CDA1756374797065732064CD
:10E26000657363726970746F7200535452554354EE
:10E27000004552524F5200756E6B003C73747275BC
:10E2800063742025732025703E00FF80756E616DDC
:10E29000626967756F75736C79206765742073693F
:10E2A0007A656F66207363616C617200FFD880A02D
:10E2B00000FFD8A0C98FAA00FFD8C16669656C6449
:10E2C0007300FF856475707465726DA0006475706D
:10E2D0007465726D3A20454F4620726563656976B4
:10E2E00065642C20646561637469766174696E6726
:10E2F0000A006475707465726D3A204578636570C4
:10E3000074696F6E20696E20726561642829206DC2
:10E310006574686F642C20646561637469766174E8
:10E32000696E673A20006475707465726D3A2045B5
:10E330007863657074696F6E20696E207772697496
:10E34000652829206D6574686F642C20646561639D
:10E350007469766174696E673A20006C6974746CD4
:10E36000656673003C696F2E25732025703E003C66
:10E37000696F2E25733E00464154004641543332A6
:10E3800000222A3A3C3E3F7C7F002B2C3B3D5B5DCC
:10E3900000EBFE904D53444F53352E30004E4F202E
:10E3A0004E414D452020202046415433322020202C
:10E3B000004E4F204E414D45202020204641542004
:10E3C00020202020002E2E0025752E25752E257547
:10E3D0002E257500FF85870008080808001B5B25AF
:10E3E00075001B5B4B00556E636175676874206533
:10E3F0007863657074696F6E20696E204952512090
:10E4000063616C6C6261636B2068616E646C6572E1
:10E410000A000400746F6F6B202575206D730A006D
:10E42000726177205245504C3B204354524C2D4250
:10E4300020746F20657869740D0A005201004F4BFB
:10E44000003B2057454143545F463431315F424CD5
:10E4500041434B50494C4C20776974682053544DCC
:10E460003332463431314345005479706520226897
:10E47000656C7028292220666F72206D6F7265208E
:10E48000696E666F726D6174696F6E2E0D0A000D94
:10E490000A7061737465206D6F64653B204374720C
:10E4A0006C2D4320746F2063616E63656C2C204378
:10E4B00074726C2D4420746F2066696E6973680DE8
:10E4C0000A3D3D3D2000636F756C64206E6F7420C3
:10E4D00066696E64206D6F64756C652027257327EF
:10E4E0000A003C696F2E25732025643E000A4641D0
:10E4F00054414C204552524F523A0A00626F6F7499
:10E500002E7079006D61696E2E7079004D50593A08
:10E510002063616E2774206D6F756E7420666C6168
:10E5200073680A00464154414C3A20756E63617528
:10E5300067687420657863657074696F6E202570F4
:10E540000A004D50593A2073796E632066696C65F4
:10E5500073797374656D730A004D50593A20736F67
:10E560006674207265626F6F740A00303132333422
:10E5700035363738396162636465660048617264B4
:10E580004661756C740D0A00523020202020005224
:10E590003120202020005232202020200052332021
:10E5A00020202000523132202020005350202020F3
:10E5B00020004C522020202000504320202020000A
:10E5C00058505352202000484653522020004346C2
:10E5D00053522020004D4D464152200042464152A8
:10E5E000202000486172644661756C740053746148
:10E5F000636B3A0D0A004D656D4D616E6167650094
:10E600004275734661756C74005573616765466148
:10E61000756C7400FF8B7472696767657200FF68C0
:10E620006172648B005553425F564350282575290B
:10E6300000FF7475706C652F6C6973749ABE97488F
:10E640004944207265706F72743BDA627974656157
:10E650007272617920696E737465616400FFED55B3
:10E660005342206D6F646500FF9ADF6C6F676963CA
:10E67000616C20756E69747300FF8B6C6F676963E2
:10E68000616C20756E697400434443004344432B1E
:10E690004D5343004344432B484944004D69637242
:10E6A0006F507974686F6E005079626F6172642088
:10E6B0005669727475616C20436F6D6D20506F7276
:10E6C0007420696E204653204D6F64650050796256
:10E6D0006F61726420496E74657266616365005093
:10E6E00079626F61726420436F6E6669670050796A
:10E6F000626F617264205669727475616C20436F39
:10E700006D6D20506F727420696E204853204D6FDC
:10E71000646500253032582530325825303258256E
:10E720003032582530325825303258004D50593A41
:10E730002063616E27742063726561746520666C66
:10E740006173682066696C6573797374656D0A001E
:10E750007079626364632E696E6600524541444D70
:10E76000452E7478740054696D65724368616E6EED
:10E77000656C2874696D65723D25752C2063686130
:10E780006E6E656C3D25752C206D6F64653D25733F
:10E790002900FF63616C6C6261636B868E4E6F6EE5
:10E7A00065C29CCC8100FF856368616E6E656CFFFD
:10E7B00000FFF482C0908E9C50696E9100FFBC8374
:10E7C000B3A3616C7497C500FF85706F6C6172694B
:10E7D0007479FF00FF656E636F6465728A9E6F6E69
:10E7E0002074696D65728D00FF856D6F6465FF0033
:10E7F000FF86B3706F736974697665DD00FF867399
:10E8000070656369667920656974686572206672EF
:10E8100065712C20706572696F642CC270726573AB
:10E8200063616C6572AE706572696F6400FFC58369
:10E83000940054696D6572282575290054696D65C9
:10E84000722825752C20667265713D25752C207007
:10E8500072657363616C65723D25752C20706572FD
:10E86000696F643D25752C206D6F64653D25732CA3
:10E87000206469763D2575002C20646561647469A7
:10E880006D653D2575002C2062726B3D2573002C53
:10E890002062726B3D42524B5F4F464600FFE09C48
:10E8A00054696D65728100756E68616E646C656433
:10E8B00020696E746572727570742053523D3078A1
:10E8C0002530327820286E6F772064697361626C1E
:10E8D0006564290A004C45442825752900FF4C45EC
:10E8E000442825642983940050696E2850696E2E4F
:10E8F0006370752E25712C206D6F64653D50696EB7
:10E900002E00414E414C4F4729002C2070756C6CF5
:10E910003D50696E2E2571002C20616C743D25647C
:10E9200029002C20616C743D50696E2E25712900E0
:10E93000FF85F46D6F64653A8D00FF85F470756C2A
:10E940006C3A8D00FF85F461663A8D0050696E2047
:10E950006D6170207061737365642070696E200052
:10E96000FF50696E2E6D6170706572206469646E0F
:10E970002774C49C50696E810050696E2E6D617061
:10E98000706572206D617073200020746F200050DC
:10E99000696E2E6D61705F64696374206D61707360
:10E9A000200050696E2E626F617264206D61707319
:10E9B000200050696E2E637075206D6170732000A9
:10E9C000FF50696E28257329839400FF493243283C
:10E9D000257329839400FF493243282564298394B1
:10E9E00000FF493243868E9C636F6E74726F6C6C4D
:10E9F000657200493243282575290049324328258C
:10EA0000752C204932432E434F4E54524F4C4C45A7
:10EA1000522C2062617564726174653D2575290010
:10EA20004932432825752C204932432E50455249FE
:10EA300050484552414C2C20616464723D30782529
:10EA40003032782900FF61646472829300FF535072
:10EA50004928257329839400FF53504928256429A8
:10EA6000839400535049282575002C205350492E7B
:10EA7000434F4E54524F4C4C4552002C206261750E
:10EA800064726174653D2575002C20707265736336
:10EA9000616C65723D2575002C205350492E504500
:10EAA000524950484552414C002C20706F6C6172A5
:10EAB0006974793D25752C2070686173653D2575F5
:10EAC0002C20626974733D2575002C206372633DB0
:10EAD0003078257800FF72656376868E73616D6588
:10EAE0009F61732073656E64004932432825752C3D
:10EAF0002073636C3D25712C207364613D25712C5E
:10EB000020667265713D257529005761726E696EC8
:10EB1000673A20493243282D312C202E2E2E2920D1
:10EB2000697320646570726563617465642C207517
:10EB3000736520536F6674493243282E2E2E292088
:10EB4000696E73746561640A00FF6578706C69634F
:10EB500069742063686F6963658F73636C2F736476
:10EB600061A48A95005761726E696E673A205350AE
:10EB700049282D312C202E2E2E29206973206465E2
:10EB800070726563617465642C2075736520536FC2
:10EB90006674535049282E2E2E2920696E73746591
:10EBA00061640A00FF6578706C696369742063684A
:10EBB0006F6963658FE5A48A9500FFE09C5541521B
:10EBC000548100455854495F494D5220202025303A
:10EBD00038780A00455854495F454D522020202579
:10EBE0003038780A00455854495F52545352202017
:10EBF000253038780A00455854495F46545352200E
:10EC000020253038780A00455854495F5357494504
:10EC10005220253038780A00455854495F50522018
:10EC2000202020253038780A003C457874496E74DD
:10EC3000206C696E653D25753E00FFB5E88D3C2072
:10EC400031362CDA9C50696E8100FFB5E88D3E3D6F
:10EC5000206D61788F8D00FF85B54D6F64653A8DAD
:10EC600000FF85B550756C6C3A8D00FFB5E88DA43A
:10EC7000D6A1DA00FF495251207265736F75726335
:10EC800065D674616B656E2062792050696E2827A5
:10EC90002571272900756E63617567687420657832
:10ECA00063657074696F6E20696E20457874496E73
:10ECB0007420696E746572727570742068616E6418
:10ECC0006C6572206C696E652025750A0053776942
:10ECD000746368282900FF77616B657570B49ABE0C
:10ECE00000FF63616C6962726174696F6EB4C98F91
:10ECF000AA00466C617368282900466C6173682815
:10ED000073746172743D25752C206C656E3D25759C
:10ED100029003C414443206F6E2000FFE0DB6C651E
:10ED20006173742031D400FF9F8FD4AEE26C69739D
:10ED300074732064696666657200FF73697A65AEF4
:10ED4000918F62756666657273866D617463680023
:10ED5000FFBC83B3D4BA00FF8A9C76616C6964D42B
:10ED60004368616E6E656C3A8D00FF7265736F6CFF
:10ED70007574696F6E8D8A9E0000000047433A20CB
:10ED8000746F74616C3A2025752C20757365643A34
:10ED90002025752C20667265653A202575000000D7
:10EDA0000A204E6F2E206F6620312D626C6F636BD0
:10EDB000733A2025752C20322D626C6F636B733A89
:10EDC0002025752C206D617820626C6B20737A3A57
:10EDD0002025752C206D6178206672656520737A18
:10EDE0003A2025750A0000004743206D656D6F725B
:10EDF00079206C61796F75743B2066726F6D202588
:10EE0000703A00000A20202020202020282575208C
:10EE10006C696E657320616C6C2066726565290093
:10EE20000A253038783A200025630000FFF3766128
:10EE3000726961626C65207265666572656E636594
:10EE400064206265666F7265AC000000FFC161639B
:10EE50007469766520657863657074696F6E907209
:10EE600065726169736500006F70636F64650000AF
:10EE7000440A0608D90000800A000000F6030000DA
:10EE80005602060860FE0508F1A40508F5A4050869
:10EE9000F9A40508FEA4050806A505080DA50508A2
:10EEA00018A505081CA5050824A505082CA5050816
:10EEB00035A505083AA5050876A805083DA5050865
:10EEC00041A5050845A5050849A505084DA505085E
:10EED00051A505087BA8050855A5050858A50508EE
:10EEE0005BA505085EA5050861A5050864A50508DC
:10EEF00067A505086AA505086EA5050873A5050898
:10EF00007FA5050886A505088EA5050896A5050810
:10EF10009DA50508A5A50508AEA50508B7A5050882
:10EF2000C0A50508C9A50508D3A50508DDA50508E0
:10EF3000E7A50508F1A50508FAA5050802A6050834
:10EF40000CA6050816A605081FA6050828A605088C
:10EF500031A6050838A6050841A605084AA60508F1
:10EF600053A605085CA6050865A605086FA6050852
:10EF700079A6050882A605088BA6050894A60508AB
:10EF80009DA60508A6A60508AFA60508B8A605080B
:10EF9000C1A60508CCA60508D7A60508E0A6050861
:10EFA000E9A60508F1A60508FAA6050800A70508C0
:10EFB00006A705080AA7050819A7050820A7050838
:10EFC00026A705082CA7050831A7050834A70508BA
:10EFD00037A705083BA705083FA7050843A705086D
:10EFE00047A705084BA705084EA7050851A7050820
:10EFF00054A7050857A705085AA705085DA70508DF
:10F0000060A7050863A705086BA7050873A705088F
:10F010007AA7050883A705088CA7050894A7050803
:10F020009BA70508A2A70508ADA70508B2A7050874
:10F03000BBA7050895E80508C3A70508CBA70508E1
:10F04000CFA70508D3A70508D7A7050870EA0508C4
:10F05000DEA70508E8A70508F2A70508FCA705082C
:10F0600000A8050807A805080EA8050816A80508A1
:10F070001AA8050829A8050830A805083EA805080B
:10F080004CA8050856A8050864A8050874A8050832
:10F0900079A805087EA8050888A8050891A805088C
:10F0A0009BA8050882AD0508A4A80508AEA8050818
:10F0B000B5A80508C0A80508C7A80508D0A8050870
:10F0C000D6A80508E3A80508F0A80508FBA80508C8
:10F0D00002A905080FA905081BA9050822A905080A
:10F0E00026A905082DA9050833A905083AA9050888
:10F0F00040A9050848A905084FA9050856A905080B
:10F100005DA9050866A9050871A9050877A905087C
:10F1100081A905088DA9050898A90508ABA90508C6
:10F12000B0A90508B9A90508C3A90508CCA905080F
:10F13000D4A90508DEA90508E9A9050831AC050828
:10F14000F0A90508F6A9050800AA050809AA0508F6
:10F1500014AA050820AA05082DAA05083BAA050837
:10F1600044AA05084CAA050854AA05085BAA050884
:10F1700061AA05086DAA05087AAA050880AA0508EB
:10F1800086AA05088CAA050892AA050898AA050867
:10F190009EAA0508A8AA0508B2AA0508BCAA0508DF
:10F1A000C7AA0508D2AA0508DBAA0508E5AA05082A
:10F1B000F0AA0508F9AA050806AB050812AB050870
:10F1C0001DAB050826AB05082FAB050833AB0508BA
:10F1D00038AB05083BAB05083EAB0508B6A70508EC
:10F1E000ECB1050886A605088FA6050898A60508AF
:10F1F00049AB050853AB05085BAB050863AB0508D5
:10F200006BAB050872AB05087BAB050884AB050842
:10F210008DAB050895AB05089DAB0508A7AB0508A8
:10F22000AFAB050857AD0508C4A8050804B3050829
:10F2300065A705086DA7050809B3050875A70508A2
:10F24000B7AB0508BEAB0508D2AB0508E7AB0508B0
:10F25000F4AB050802AC05080EAC05081BAC0508AC
:10F2600026AC050839AC050840AC05084BAC0508D0
:10F2700059AC05085EAC050866AC05086EAC05081F
:10F2800077AC05087FAC050883AC05088CAC050895
:10F290001AB3050816B30508BFA70508A7AC0508EB
:10F2A0009AAC0508A1AC0508ABAC0508B5AC0508DF
:10F2B00022AB050890E60508BFAC0508C5AC0508FB
:10F2C000CCAC0508D1AC0508E0AC0508EAAC0508F3
:10F2D000FBAC05080EAD05081AAD050824AD050800
:10F2E0002EAD05080EA705087DA9050837AD050850
:10F2F0003EAD050845AD050851AD05089EEA050877
:10F300005AAD050862AD05086AAD050871AD05087E
:10F3100079AD05087DAD050887AD050891AD0508F7
:10F3200099AD05089DAD0508AAAD0508AEAD050867
:10F33000BAAD0508C1AD0508C9AD0508CDAD0508D4
:10F34000ABB00508D3AD0508D7AD0508E3AD05089A
:10F35000F1AD0508FEAD05080AAE050818AE0508B2
:10F3600025AE050831AE05083FAE05084CAE0508D0
:10F3700058AE050866AE050873AE05087FAE0508F1
:10F380008DAE05089AAE0508A3AE0508ACAE05081B
:10F39000B4AE0508BBAE0508C3AE0508CFAE050880
:10F3A000DBAE0508EAAE0508F4AE05081FAC05089B
:10F3B000FBAE0508FFAE05080AAF050817AF050844
:10F3C00022AF05082FAF050839AF050844AF05087F
:10F3D0004FAF05085AAF050865AF050870AF0508BF
:10F3E0007BAF050886AF050891AF05089CAF0508FF
:10F3F000A7AF0508B1AF0508BBAF0508C5AF050845
:10F40000CFAF0508D9AF0508E3AF0508EDAF050894
:10F41000F7AF050801B005080CB0050815B00508E0
:10F420001CB0050823B005082BB0050834B005084A
:10F430003FB0050847B0050851B0050858B00508A9
:10F4400061B005086BB0050874B005087CB005080C
:10F4500085B0050889B0050890B0050887B3050890
:10F4600095B005089BB00508A6B00508AFB0050823
:10F47000BBB00508C6B00508D1B00508DEB0050868
:10F48000EBB00508F7B0050804B10508F4B10508AC
:10F49000A1A60508AAA60508B3A6050810B1050887
:10F4A00015B105081AB1050822B105082AB10508E9
:10F4B00034B105083BB1050847B1050851B105084D
:10F4C0005CB1050863B105086EB1050875B10508A2
:10F4D00078B105087FB105088CB105089BB1050816
:10F4E000AAB10508B9B10508C8B10508D6B1050823
:10F4F000E1B10508E8B10508F0B10508F8B1050863
:10F500000BB2050814B205083CA6050869A6050853
:10F5100073A6050845A605084EA6050857A60508C2
:10F5200060A605087DA605081BB2050823B20508DC
:10F530002CB2050835B205083FB2050849B20508E6
:10F5400052B205085BB2050864B205086DB2050841
:10F5500075B205087DB2050885B205088DB20508AB
:10F5600096B205089FB20508A7B20508AEB2050815
:10F57000B6B20508BEB20508C7B20508CEB2050886
:10F58000D3B20508DDB20508EBB20508F1B20508F3
:10F59000FEB2050803B305087CA7050885A7050882
:10F5A00008B305088EA705080FB3050815B30508AD
:10F5B00067AD0508C5A60508D0A605081FB3050850
:10F5C00026B3050830B305083AB3050844B3050867
:10F5D0004EB3050857B3050862B305086BB30508B9
:10F5E00073B305087EB3050886B305088DB3050817
:10F5F00082B305089AB30508A2B30508AAB30508A3
:10F60000B6B30508F7A70508BBB30508C2B30508DC
:10F61000CAB30508D9B30508DDB30508E7B3050883
:10F62000ECB30508F5B30508FDB3050805B40508F6
:10F630000AB4050815B405081FB4050829B405085F
:10F6400031B405083BB4050845B4050855B40508B0
:10F650005DB4050869B4050872B405087BB40508F3
:10F6600087B4050892B405089BB40508AAB4050838
:10F67000B7B40508C4B40508D0B40508DEB405085D
:10F68000E7B40508EEB40508F7B40508FCB40508AE
:10F6900005B5050811B505081CB5050824B505080C
:10F6A0002BB5050830B505083FC0050877BB050830
:10F6B00036B5050840B505083CBB05084AB5050840
:10F6C0004DB5050855B505085BB5050879B50508BC
:10F6D0007DB5050882B505088DB5050891B5050805
:10F6E000EDC3050896B505089BB50508A1B5050845
:10F6F000ABB50508AFB50508B4B50508BAB505083A
:10F700009ECF0508C0B50508CBB50508D4B50508DA
:10F71000D8B50508E1B50508F2B80508E6B505084D
:10F72000F0B50508F3B505087FB90508F8B5050873
:10F7300003B6050810B6050814B605081BB605087B
:10F7400025B6050828B6050835B605083FB60508EC
:10F7500048B6050851B605085DB6050866B6050841
:10F760006DB6050875B605087AB6050847BD0508E3
:10F7700081B6050887B605088EB6050896B6050851
:10F780009AB6050811C1050827B70508A0B60508EF
:10F79000A8B60508B4B60508BCB60508C4B6050881
:10F7A00042DA0508CCB60508D5B605082CB505081B
:10F7B00031B50508DAB60508E2B60508EAB6050867
:10F7C000F0B6050849C00508F6B60508FAB60508FA
:10F7D00000B7050805B705080EB7050813B70508F3
:10F7E0001CB705084AB8050825B705082CB7050851
:10F7F00062C5050836B705083EB7050846B70508CF
:10F800004DB70508AAC0050855B705085DB7050836
:10F8100063B7050870B70508EFBF050804C0050801
:10F820007AB7050881B7050889B7050895B70508AF
:10F83000B8BE05089DB70508A1B705089CC0050816
:10F84000A5B70508AAB70508B0B70508B8B70508F1
:10F85000C0B70508DDE60508C9B70508D8B705082B
:10F86000E7B70508EFB70508F6B7050801B80508BA
:10F870002CD0050808B8050812B8050816B8050800
:10F880001BB8050821B805082BB8050834B80508C9
:10F8900082BA050839B805083FB8050891D60508A9
:10F8A00044B8050850B805088AD4050855B80508B5
:10F8B0005AB8050864B805086BB8050874B8050897
:10F8C000F5CE05087AB8050880B8050885B805089A
:10F8D0008BB8050890B8050844E1050899B80508F3
:10F8E0009FB80508A7B80508B0B80508BAB8050854
:10F8F00097BA0508C3B80508C6B80508CEB8050804
:10F90000D8B80508E4B80508EBB80508F7B8050845
:10F91000FEB8050807B905080EB9050813B90508AA
:10F92000C5D8050819B905081EB9050829B905087B
:10F9300031B905083AB9050844B9050850B90508B0
:10F9400058B9050860B9050869B905086FB905080F
:10F95000A3B80508C4C0050874B9050878B9050836
:10F9600085B905088FB9050894B90508B6DB0508FF
:10F970009AB905089FB90508A8B90508ADB90508E1
:10F98000BCB9050857E70508A8DA050848B705080F
:10F99000C4B90508CAB90508D4B90508E1B905080C
:10F9A000F5B90508E4B40508FCB9050802BA05086C
:10F9B000FDB7050808BA050811BA050819BA0508FF
:10F9C00025BA050830BA05083ABA050843BA050849
:10F9D00049BA05084FBA050858BA05084CCD0508BC
:10F9E0005ACD050863BA050868BA050871BA050852
:10F9F0007ABA050880BA05084FC1050886BA050815
:10FA00008BBA050891BA050896BA05089DBA05088B
:10FA1000A6BA050811C50508A0B90508B1BA0508B8
:10FA2000B8BA0508BDBA0508C3BA0508A0D90508C3
:10FA3000CDBA0508D3BA0508D8BA050881B80508B3
:10FA4000E2BA0508E6BA0508EFB40508EABA0508FF
:10FA5000F3BA05084AED05089BB60508FABA050889
:10FA6000FEBA05081FBB0508F0BD050827BB050841
:10FA70002DBB050833BB050838BB050845BB050889
:10FA80004FBB050858BB050861BB05086ABB0508E4
:10FA900074BB05087CBB0508D1B70508E0B70508AD
:10FAA00087BB05088BBB050890BB050896BB0508FE
:10FAB0009BBB050863E60508A2BB0508A7BB0508B4
:10FAC000AEBB0508B5BB0508BDBB0508B6C005083B
:10FAD0005AC10508C2BB0508C7BB0508CCBB050851
:10FAE0005FC10508D2BB050808B9050802BC0508B6
:10FAF000D6BB0508E1BB05084BBA0508E7BB0508FE
:10FB0000EEBB0508F6BB0508FEBB050807BC0508EB
:10FB10000BBC05080FBC050813BC0508A5E60508C5
:10FB2000FDB4050822BF050817BC05082DB505085A
:10FB300073CD050821BC05082FDE050886BE050823
:10FB40002BBC050830BC050835BC050826E80508AF
:10FB500040BC050847BC05084DBC050850BC05085D
:10FB600054BC050858BC05085EBC050867BC050800
:10FB70006DBC050803BA050876BC05087BBC050802
:10FB80005AC8050883BC05088DBC05089DBC05083E
:10FB9000A6BC0508AFBC0508B3BC0508B7BC050882
:10FBA000BBBC0508C1BC0508C7BC0508CCBC050822
:10FBB000D1BC0508DDBC050864B90508F1BC050821
:10FBC000F5BC050805BD050895D205080FBD05085B
:10FBD00017BD05081FBD050826BD050888BA05081C
:10FBE00030BD0508B9B6050835BD050842BD050894
:10FBF0004FBD05085EBD05086DBD05087CBD050847
:10FC000087BD050898BD0508A1BD0508ABBD050861
:10FC1000B3BD0508BEBD0508C7BD0508D0BD0508B4
:10FC2000D9BD0508E7BD0508F4BD050806BE0508F1
:10FC300010BE050819BE050822BE05085FB80508F4
:10FC4000D9BE050827BE050830BE0508F9C005085D
:10FC500034BE050839BE050841BE050849BE050881
:10FC600050BE05085ABE050823B9050864BE05083C
:10FC700070BE050879BE05087FBE050885BE05086B
:10FC800090BE050896BE05089BBE0508A4BE0508E3
:10FC9000A8BE0508ACBE0508B3BE0508B7BE05087A
:10FCA000BCBE0508C3BE0508C8BE0508CDBE050814
:10FCB000D4BE0508DEBE0508E6BE0508F0BE050890
:10FCC000F7BE050802BF05080EBF05081BBF0508E3
:10FCD00026BF05082DBF050838BF050897B50508DC
:10FCE0003FBF05089CB5050846BF050830B70508A5
:10FCF0004DBF050856BF05085FBF050876DC05083F
:10FD000065BF050870BF05087CBF050869C1050807
:10FD100087BF050891BF050899BF05089EBF050864
:10FD2000A4BF0508ACBF0508B3BF0508B9BF0508E7
:10FD3000C0BF0508C4BF0508C9BF0508CFBF050877
:10FD4000D4BF0508DBBF0508DFBF0508E5BF050810
:10FD5000FABF050827C805080CC1050816C0050824
:10FD6000B0B50508BBB505081EC0050822C00508CA
:10FD70002AD8050827C0050895BD050831C0050823
:10FD800039C0050843C005084DC0050858C005081E
:10FD900061C0050820B705086AC0050872C00508DB
:10FDA00030BF050880C005088DC0050816E60508A7
:10FDB00094C005089AC00508A1C00508A9C0050897
:10FDC000B0C0050860CB0508B5C00508BCC0050873
:10FDD000C2C00508CCC00508D4C00508DAC00508B3
:10FDE000E4C0050871CD0508EBC00508F7C005089B
:10FDF00002C105080BC1050810C1050815C1050899
:10FE000022C105082FC1050837C10508A8BF05088C
:10FE100044C1050848C105084EC1050853C105087D
:10FE200059C105085EC1050863C1050868C1050818
:10FE30006EC1050873C105087AC105087EC10508B1
:10FE40008DC1050896C10508A2C10508ACC1050809
:10FE5000B6C10508BEC10508CAC10508D3C1050859
:10FE600003030407060A0307070804020203030347
:10FE7000030303020202020202020203040B06074A
:10FE800007060708080808090909090807090908F1
:10FE900008080608080808080909080808080808E2
:10FEA00008080A0A080807080505030E06050504E0
:10FEB0000202030303030302020202020202020718
:10FEC000070608080706060A0408070707030303CE
:10FED000060A09090903060607030E060D0D090D9A
:10FEE0000F0404090809080409060A0608050C0C91
:10FEF0000A060C0B06030605060507060606080A91
:10FF000005090B0A120408090807090A060705096A
:10FF1000080A0B0C0D08070706050B0C050505055F
:10FF200005050909090A0A08090A080C0B0A080844
:10FF3000030402020A04030404040907070706086D
:10FF40000808070709070702020305050504061349
:10FF5000140C0D0B0C0A12060A0D04070708070300
:10FF6000080D040803030609090903030506040E26
:10FF70000910120B0909080A0306060B080A0707ED
:10FF8000060703090907030C030B06070305030310
:10FF90000B0D0C0B0D0C0B0D0C0B0D0C0B0D0C08A5
:10FFA000080706070B0B0E090606030A0C0A0C09C4
:10FFB0000A0A0A0A0A0A0A0A0A0A090909090909A7
:10FFC0000909090A08060607080A070906080908B0
:10FFD000070803060405050A080B0A0A0C0C0B0C9B
:10FFE0000B030404040404070709060B090A060AA4
:10FFF0000602060C0E0E0E0E0D0A06070712080664
:020000040806EC
:10000000040505040404040407080809090808088D
:100010000807070707080807060707080604090D69
:10002000050C04040606060505090206060609096C
:100030000909080A08070A07060C0307070B040446
:1000400006070E030904080707040A090907090936
:100050000F070B08080B0A080E0C0C0B0D080608FE
:1000600004080B0A0706040503040909080207052A
:100070001D03040A03040504050903040505010A18
:100080000803080404090204050A0C030609020C0B
:100090000908080B080607040607050607030503F9
:1000A00004070B07070707080403040707050503F0
:1000B00003050408040808050609070707060705DD
:1000C00007050C090A1106070B07030303040405BF
:1000D000070708010E0E07060A06080903040509AA
:1000E0000804030504090B040404090608050505B2
:1000F00004050408040507080908050207090B069A
:100100000B060806040507040A0708090B07070879
:1001100005040307030C090405080408040E07037B
:10012000040405090C13060205050308070B0A0958
:10013000080505080A08080408080505030405045D
:1001400006080A0407060405090305040903030356
:100150000708060504032007030505040C09080821
:100160000809070A06060304050406040406060730
:10017000040503040405030305040A050306070731
:100180000803030303020703090204090609040420
:100190000A06060502030305080508040407040906
:1001A0000F0808030303050504040B1304030F09D8
:1001B00001070706090204020C0C0E0E0E0A1008B5
:1001C00009070A0808080D0C1109080804040408A6
:1001D0000308040707060909050B0805050A0504B5
:1001E00008030306030406040406090709060A0BAC
:1001F0000C0A060A060306040605080805060A0B8B
:100200000A04090704050706050603040504060396
:1002100005141B0403070304030404090207090966
:100220000A080804070D070C06070506070604045C
:1002300006050907050906060B0A0804040C0C0745
:100240000C0303050405040404050406030E080B4F
:100250000909070B08056C1A7B1A8B2881F41A4EC2
:10026000924DBD3DB51EE36352539BAC5472557223
:10027000C5BCC4BCC7BCC6BCC1BCC0BC56725772EE
:1002800050725172527253725C725D7263B6F28236
:10029000408D02283CF03FF00AA1D2B0F143F24376
:1002A000F343F443DCDDDFDDDEDDD9DD6600D6A01F
:1002B00051B752B7DDBDDEBDDFBD7DA06D8F6E8F46
:1002C0008C5F8B5F8A5F3F253E25273F00B203B2DC
:1002D00002B2931B901BF299D399DA19D9192E7790
:1002E0002F77EBB77DB5962F7D2F7CB7F8EBAFF26C
:1002F00004965C7AEAB8F772F67286D184D185D119
:1003000082D183D1F572F472F372F272F172F072EB
:10031000FF72FE7295E253E24A9A40A606A6BFAF6C
:1003200019B0529DFF51143F8F8B35BF8ED41AB731
:1003300044C543C542C58EDB990DCD58809C0658F7
:1003400037D13922DE22574E61D1F69B1F7D7E4A7E
:100350003D4611D1E055140E1C2D1F2D648BD2F992
:1003600060CB562B3747B82E37C2171120EC4615F5
:1003700061A327AB3A2C19FB53AD86259AA05CFFED
:1003800086A6A54F931EB1F0901EE387B6675E6503
:10039000A48579D7AC97EA7FFFF83A5D55FECD0882
:1003A00025C620B729FD2C87988EBDAB80FF7F5CCA
:1003B000026995505AAF5BEE6F49102C21AE24A50F
:1003C0004BF0B4871787C5159591D8BEE999D5E24A
:1003D000D6E2D7E2D0E2D1E2DCE2CEEECFEE1AAE48
:1003E00012711671F4E5FD237AD5F2DC31E2EE2EBE
:1003F00088F328C36E73A9C001E7BD73BC73B05105
:100400002B6C5DDFCCCACFCACECA0CCF9042C2449F
:10041000C14434F3EE67AF31AC31D284D184DBD345
:10042000F610978C2F73227336D791765776F47522
:10043000CEBD36BE82A8ED3212047D7837C0BBB186
:1004400078ED60D59A9A7E7294AEF8361E24E52532
:100450000BCC062588DC6998BF5B0F6585D451DC21
:10046000D8DE398D4C98CD8312FC59CA58CA031472
:10047000048E6FD13EC6FA02FC6F1B511D9CE6280C
:1004800064085EFF5E480BE31F2A3427F07E0A35BE
:100490008991DFC0778A7D617485B30CADFB55B55A
:1004A000BA5E4F0DE3FF500DDBCB7EAE0D7E121416
:1004B0003558010757076B01772BF5DA886C54BA6A
:1004C00076EA29C83579778973426F12ED8490AD49
:1004D0004CA16E941FDF388350BDD9248ABFD4212C
:1004E000684E00B37E0664CC2D0BA0047ECDDE1ECC
:1004F000DDCDBDAA84CAF523D42337231623712367
:100500005023B3229222FD24DC24A5CAC6CAE7CA1E
:1005100000CA21CA42CA63CA8CCBADCB481C834DEA
:100520004ECCA9CBF72BCA442D256D161D62B9C937
:100530002E204AE13E1E8A041BAAB0049100948238
:10054000F71B6815B314CA9632BE01C60FDFF9C691
:100550002AA3DB28215325FFEF11FE4FFD4FFC4F4F
:10056000FB4FFA4FB008B308C04B067C282F7A8A9D
:100570001A5F717ADCB1B31BE174DE812EDBE06DB2
:10058000E16DE26DE36DAB465F9F9BE413F2215892
:10059000ECF07676970084E13412351287E186E13B
:1005A00081E180E18CE1EB9FAAD07D70245E275E23
:1005B00069716A716B716C71F3A50AA809A85FBBB8
:1005C00010FA90E95AAE570C4AECC9D5A50BCB0EE0
:1005D0000842995CAD8DA21F4199B719233DC417FC
:1005E00082176118BBE17A8D70C6A073355B365BEC
:1005F000325BF96FDB5AD85AD95A8DA62ADABAA3D8
:100600005BB668261B8AA2F422D140F6AE70F67E55
:10061000984B31F2A280159BED75DD0562030872DF
:1006200026294E8B88979895B81E4C84C4CF4E2BA4
:10063000C4C383B40330428868375B777F54035464
:100640009DAE383EC82300BB61FFBF5454194FCF45
:10065000DA492C23BF4B5E29F779D9C53C0B7D6D58
:1006600085891BA013A34432B67A4C405AF9939162
:10067000226E5F80A8FB782A5C339194B01E91347F
:10068000C7C67C7250E5388F436D65351FBECD817E
:100690009781C7B53C8FF5D8E048913C84644968A0
:1006A000A615CB6EF6507FD4E2EF97A21E49E5A0C7
:1006B00025DBDF6E9C5C6199B65D4D38AF334CF045
:1006C000038761B606B04EBF2691B1B22E3374CA0D
:1006D000504CB6F43B4C68DA9B65E0C822A7F4C9DD
:1006E000C59DDB3D3314B4DB7A4CD2DB1142ED44C3
:1006F000E8C7E9C7C34D174D76E8CFEFF32D15DCFA
:10070000E40454F8D455A9599ED2CE7D7E3A0241D4
:100710009E8DDBC8504C6EDB0599EC622DA97224CE
:100720009CFACDC49176043A0F71FE1E6D1F2D1FE9
:100730004503E92F7A2DAA5A3B25F4F6C0B539FABC
:100740008EC20FDC04DE916043CA069C71BA94230A
:100750007796C11110DD582885BEC8247472931293
:10076000CC3261C1A723C334CA3435ED25BE20394C
:10077000FA8F35447D46374061C1E5446982E53AE8
:100780001C98063937BDED9C27020290616E8B06DE
:1007900096C36E1803D0667D90B278AC5A8E54D84A
:1007A000BAB0DD5DDA70D051106D8408AD8C562D75
:1007B000AF2DD627876B681D945C70502A7FE04F61
:1007C00092B13E1E2B4C833CC295A1DC716A47B7A7
:1007D000172D5A480453EBB31FB4735ACA3D282A45
:1007E00006DDB700236F78C2535D8F560B00494E6C
:1007F0008099F7689AE5A6AB3E119E03B9C1FCEC5F
:10080000259247BEFDD1F613628B43E7406F5F40F0
:100810005D4CE2D7574CCE6CFFB954E7CB1C98E344
:10082000CC0E6324B0B07D46213F40917323EB2072
:10083000313FB641A84160ABC1D55E05962235BBBC
:10084000B143731ED470204407CA41CA18C8E9A333
:10085000522BCB62D1F18DEB628C93E86944AC886A
:100860005B21AF429D989CB576B0962B26C025C0E3
:10087000F566BF99ECD11DC2A80DF14365C266C2F1
:10088000520F89457846FD23A2751E169129E4581A
:10089000840B5B28378962ABB4572B5AFD5C8A5CAA
:1008A000646F28FCCE5E8767796FBCD11FA94205B3
:1008B00087E588CE7EC1F374A0A0F51A6AD51C70B6
:1008C000F873F2734DF03A19050C41ED9AD98FD9AE
:1008D000719A5CD828151C220AD3C229F770F470CB
:1008E0005370F4CAB2CA8B7A807D231427B7BB7EBB
:1008F000EE718D95B081D7B5873FAFDCBE2CA33E9E
:10090000D570E8EED270A109CBB6E0C2EDB76B743A
:10091000F9FE8F72DAAE6F00084F2D1C7DF0EF925A
:1009200041B1823F3B65388E6A590389D2C9BFF90C
:10093000E5F9E7F99190758BACA166FA5646EC8F14
:100940003518BF37235810F4CE2FA16E45A73C2889
:1009500015D07E671A8EE0ACFE8FF98F285A538F20
:10096000CD7AABC192759D758D41A430389FC6116B
:100970002203EB0C6E18C08B38E80459DC8A2E0178
:10098000B1903F20B9A64973EA270B631360B5F411
:1009900060CCE16547266AD3214497F7D2D9D73591
:1009A000D2F01419A358210408834F8D3237AD1D9E
:1009B00038371290218DB27ACE6760F8A262BC8E71
:1009C0009B36FE61D6A1E56114B198AFF22F986F06
:1009D0007DDB9DAE1AA5B1E042325A31F0C172B250
:1009E000890C3E54794AB7439D8C5B99C9FFF871D5
:1009F00025AF8B31E33DDD9EB79CB1B901F5F67CA7
:100A00000489FE8F073C0E6D17D4BD6DC9F3ADC1CF
:100A100047C90733BFD36E0A867AFE7B5D23C907B9
:100A20001DF6E70A9F09FFEEF742C67E78329D7EEB
:100A30008984C7A502DFD21E40E0033979ED7575C0
:100A40005837000000000000000000000A0000000D
:100A5000D90000009A0E0608C00D06083DE40508FE
:100A60003DE40508D9C105088DE40508C3E3050880
:100A700057CA0508D4D50508E1C1050883C705088C
:100A8000EAC10508F3C10508FDC1050809C205084A
:100A900013C205081CC2050828C2050834C205088F
:100AA0003DC2050846C205084EC2050857C20508E2
:100AB0005FC2050868C2050873C205087CC2050844
:100AC00084C205088DC205089AC20508A3C205089C
:100AD000AFC20508B7C20508C7C20508D6C20508D7
:100AE00012CD0508E5C20508EEC2050816CD0508B9
:100AF00042D10508F7C2050803C3050814C3050859
:100B00001FC3050828C305083AC3050846C30508DE
:100B100052C305085CC3050865C3050879C3050809
:100B200081C305088FC305083ACD05089CC3050895
:100B3000A8C30508CFB30508B3C30508BEC305089D
:100B400040B80508CAB80508D0C30508D4C30508CD
:100B50005CCA0508DBC30508E0C30508E9C305084E
:100B6000F3C30508E7CD0508FCC3050805C405085F
:100B700009C4050815C4050819D905081BC40508CA
:100B800021C40508FCCD05085AC9050883B6050827
:100B900026C40508D7C305082DC4050836C40508B2
:100BA0003BC4050840C4050833C5050847C405080B
:100BB0004EC405084FAB050859C4050861C40508B3
:100BC00069C4050871C40508E1C0050839C50508F0
:100BD00076C405081BBD05087DC4050885C4050845
:100BE0008DC4050898C40508A0C40508A8C4050854
:100BF000B3C40508ADD005085ADC0508BBC4050818
:100C000043BC0508B8D005083EBD050850B5050829
:100C1000C0C40508C7C405089AC40508CEC40508A1
:100C2000D5C40508DAC40508DEC40508EAC4050809
:100C3000EFC40508F6C405089AD105085CB9050893
:100C4000FBC4050803C5050807C505082ABD050836
:100C500044DB050884C105080DC5050816C505084F
:100C60001DC5050825C505082AC5050832C505089E
:100C700038C505083FC5050845C505084CC5050824
:100C80008ACA0508E4EA050853C50508C2DA05085A
:100C900057C505085FC505086AC505086FC505087D
:100CA00046C5050876C505087CC5050887C505083D
:100CB000FFD1050894C5050898D90508CFC40508D3
:100CC00099C505089DC505083ABC0508A3C50508D2
:100CD000DBBB0508D5D105080FC00508B5C405085C
:100CE000ACC5050801B90508C2D005084FDB0508E9
:100CF000B2C50508B6C50508C1C50508CBC50508B8
:100D0000D4C50508DFC50508E9C50508F1C505080E
:100D1000F9C5050801C605080AC6050816C605086E
:100D200023C605082EC6050839C6050840C60508AD
:100D30004AC6050857C605085EC6050866C6050802
:100D40006DC6050876C6050881C605088AC6050869
:100D500091C605089CC60508A3C60508AEC60508C9
:100D6000B6C60508BEC60508C5C60508CDC6050831
:100D7000D4C60508DCC60508E4C60508EDC60508A6
:100D8000F6C6050804C7050810C705081CC70508EE
:100D900025C705082EC7050836C705083FC705083B
:100DA0004BC7050856C705085FC705086CC7050887
:100DB00075C705087DC7050885C7050891C70508DB
:100DC00000000701010101080108090B09080B0BCC
:100DD0000808070807080A0807080C080B070F0E81
:100DE0000E0D0808090D0B100A08110B0B0908134A
:100DF000070D0C0D0B0A090A11030303060404086E
:100E000009080508030B0505050405040306030886
:100E100004040604060A030707070402050603077D
:100E2000070A07070A070504040304030406060566
:100E30000604030B0406040303070305050408085E
:100E400006070407050605060604040303070A044B
:100E50000605050A0C040403050305050805040638
:100E60000505050605030A09080A09070707080B0F
:100E70000C0A0A06090C060706080A08060A060AEA
:100E80000707060706070708080D0B0B08080708E1
:100E90000B0A080C0807070B0700000005157A8FDE
:100EA000AFB585B58FB58AB5BD94FAB5A7F92BC591
:100EB000FD356DBA45F840F82639F7C85FA5161B11
:100EC000CF32E2B08E13FF30E238791502736B0037
:100ED000100B323ED0CD2D8C975A21DE079291BF58
:100EE000F0E0F2291662209C5C2083ADEA00AFE2BC
:100EF000FF69DC83BA2D1768C698A16581E161F1AD
:100F0000EA1C948F20FF25969687B62795324433A6
:100F100013336B97C2C6EB3CF73176A3227D5CB2EC
:100F20000D70DC4CB48C7CA03367C0FFE0DBA64DB9
:100F30003FFCFA1EB8040A231BA39BA61EC063E84D
:100F4000003426333574333BC0179D498CB0B770DD
:100F5000286F7B2812541653EB37A89AB6BEFC8034
:100F60005BF8B57FDDA7E3538F21A75C326D0113DA
:100F70006240271D896A3BA1C6CBE5B9CEB7B9430C
:100F80000B7C4288908DD13A1C5E2A73BF2C2D7346
:100F900054C61A5EB7F94BBFF919638A4925D0F7D1
:100FA000252AD29CE92BE725A5003B957977B976D0
:100FB000238F278FD4A86CA3BF9D5E15B73385EF11
:100FC00074E862AF57369D36508D291E2E8DC4B2FF
:100FD000B344D83EFD419D7FB4762794B7824E340A
:100FE0007DBE98A8E6ACCC8D346A808CD415545163
:100FF00095D6C4820EDB2B65C5E2C65FDCED7811A9
:10100000713E3570465FA746B38FB6826D4AF7775B
:101010000878CC1309885D6849F3633731420E0BB9
:1010200069D538BB29F02D0016C5DC2E54981BD18C
:10103000DB03318A63012ADCFF9AC59D57987377D9
:101040005AD7F286A7B3210988EF20EC00000000F0
:101050000D34000830303030303030303030303007
:10106000303030305F3030302C30302020202020A5
:101070002020202020202020202020000000000010
:101080000000000003030303030000000000000051
:101090000000000000000000000000030101010149
:1010A00001010101010101010101014545454545DC
:1010B000454545454501010101010101595959596C
:1010C0005959191919191919191919191919191910
:1010D00019191919191901010101010169696969D0
:1010E00069692929292929292929292929292929F0
:1010F00029292929292901010101000003C805081E
:10110000CCAC050809C805080EC8050818C80508AC
:101110001CC805081FC8050826C805082CC80508EE
:10112000EABE0508ADC4050832C8050878E505081B
:101130003BC805083FC8050844C8050849C8050854
:1011400050C805083ADC0508F2C0050816C90508AC
:1011500041C8050858C80508CAAD0508E4B7050820
:101160005FC8050866C805086FC805083BDC0508A8
:1011700073C8050878C805087EC80508E6B60508DE
:1011800085C8050831C4050824CB050854555657B1
:1011900058595A5D335B3234373D4A35383E4B41FE
:1011A0004E46533F4C404D5F3C493A4744514350B3
:1011B00045523B48424F5E360E00000006000000DC
:1011C0001E0000003700000006000000D0110608D5
:1011D000BA1A0000A44006082A2500004882060822
:1011E0006A1E0000843A06084A1E0000607806085D
:1011F0003221000020B806081A240000BCB90608F5
:10120000000102040C0E101214151617191A1C1ED8
:10121000222426292B31363D414546484A4E525418
:1012200056585A5C5E60626466686A6C6F71747767
:101230007A7D80828486888A8C91009395979A9C87
:101240009E9FA3A4A7A9ABADB0B3B5B8BABCBFC1AC
:10125000C3C5C6C8CAD2D5D7D8DADCDEE1EEF3F50D
:10126000F7F9FBFD00030406080A0C0E1012141611
:101270001F222327292C30323336393B3D3F41454D
:1012800047494D4F515A5C5E5F6163686A6D6F708C
:10129000727E80828486888A8D8F91939597999BA0
:1012A0009D9FA1A3A6A8ABADAFB1B4B6B8BDC0C257
:1012B00001303E20422043201A10081054104630BE
:1012C000551045305B107D2054205D1006205530B0
:1012D0005A205A101B109D202B10171019102D107A
:1012E000363039202C105E3024106B202110612004
:1012F0002410632022106D2028106D2014108020EF
:101300006E301510702023101A205B107D20713074
:1013100079302F101A205B107D20793020109D200D
:10132000251036205B107D2079302E105B107D203B
:10133000732030107A205B107D20522080207F3077
:101340001E20813027104C305B10802027104C303D
:101350005B1082201F202A10832012102910832066
:10136000232084204110232024203A1025203B10E4
:1013700026203C1027208820282089208B208A20A6
:101380008C208B208D208F30161090208E30902056
:101390008E3054109130551056109230571058100E
:1013A0009F3059105410A430551056103320571048
:1013B0005C10081098205A10802035305B1099304E
:1013C00080205A1080203B3018100810A3305B108A
:1013D0007D203110AE305B1080205E108020051023
:1013E00053206F2005105220362040300510421047
:1013F0006C20303005104120382003204420151087
:1014000003205F10802047205A10482049204A209E
:1014100008103B303C3041104B30461008103B3038
:1014200008103B304D205A104E204F2050200810FD
:101430003C30411051304610081008106F205320E6
:1014400004200510072008205D20602010201120B6
:10145000122005205B20562057205C205920582060
:101460005E10592039200620222080205B10802029
:1014700058304C104D104E104F1051105210491052
:10148000471048104A104B105310501009200A20E2
:101490000B200D200C2080205F30211080200E209A
:1014A0000F206C20622065206C30411064206A207F
:1014B00054106A20551066205C100D100810693019
:1014C0006C2069301310081067205A1068205A10D9
:1014D00008105C1008105A105A1080201420152093
:1014E0001620172018200320382002201320032064
:1014F0001820162072201C101A205B107D207420EA
:1015000078207720793078301E1076305B107D207F
:101510008020693075201F105B107D201D105B102E
:101520007D207B205A1080207C30131023207E20C9
:1015300053200510061019200710321080201C209F
:101540001B2023101E201D1080201D201E20202067
:10155000212034103510361037103810391025106E
:1015600085208620291025102610873029103D104F
:101570003E103F10401041104210441045104310DF
:1015800029202A203F10401033102B202C20972098
:1015900046108B20081009100A100B100C100D10AB
:1015A0000F1010100E102D202E202F2039209220E9
:1015B0009320943022201A20AC2095205A10963087
:1015C00093205A10302031203220352034209A20A8
:1015D0009B205B10803080209C305B1080309E20F0
:1015E0005A10222023203720A030AC20A1205A10EE
:1015F000A23037205A105410A4305510A5205A108C
:10160000A620A720A82041108020461080208020FE
:10161000A930AC203C20AA2032108020AC20AD2084
:1016200020109D2025101E20AB3023108220AB30CF
:10163000AF20362021108020613262A8332233226D
:10164000212121222122222422222322262527246D
:1016500024326262A4A4313122312231313131315C
:1016600031626223622323232323223362223362E3
:10167000A522006262131262212432132262331304
:101680006322232233136222226112621813623210
:10169000621212231D156262121262136332122249
:1016A000626233313131621913322412632462329F
:1016B00023633162621264621224121219222221FF
:1016C00012121512131232621C12621212623313BA
:1016D0001212226222331262122233633313222245
:1016E00062132212A52312220700A8A9A6AAA70006
:1016F0007D4F02087D4F02086D690208ED60020807
:101700007D4F0208035D0208054F020835430208B9
:101710007D4F02088943020889430208854E02086A
:101720006D4E0208214E020845430208956A0208E0
:101730005D4402085D440208B94D020805610208D3
:10174000DF4C0208554C0208535802080D65020888
:10175000315802087D4F02084D690208F54B020816
:10176000E1420208E1420208DD4A0208DD4A0208BD
:10177000C34A0208E34902087D430208A34902085C
:10178000A3490208A3490208634902086349020801
:101790006349020837490208BB4F02081969020869
:1017A000B5670208394F0208D34F020831490208D1
:1017B000A9670208BB470208FF400208054F02085C
:1017C0003347020833470208054F02081B47020847
:1017D00055690208594602080D410208517902086C
:1017E000B178020865710208F17402087D7602087A
:1017F000F7720208A97602081B73020855730208E3
:10180000297302087D7102081B7602080978020814
:1018100041770208ED720208277702080372020876
:10182000037302080B720208917502084D760208D4
:10183000137202081B720208237202082D7202083A
:101840003572020847740208BD750208CF75020898
:101850005B740208B97402083D78020867780208D0
:101860003D72020847720208D3740208917102089F
:10187000DD74020855720208E175020863730208FC
:1018800061720208797302089D730208A773020847
:10189000F1770208C7770208F97602080F77020885
:1018A0006B7202087F720208957202089971020831
:1018B0009F7102080E100C0075003E005E00A80427
:1018C0001E0421041F04200434BF8CBF0CBF94BF2E
:1018D0002CBF14BFB4BFCCBF0CBFD4BFACBF14BFB0
:1018E00079990208F1A3020855820208B58102081D
:1018F00063A0020831860208F19F0208DF8802080F
:10190000058A02081D860208658B02087F8A020884
:101910008D8502084D8202081F8402082185020875
:10192000458202088B9802089783020821A60208C4
:10193000CD8C0208E59E0208DB870208BF81020801
:10194000D19802085388020827870208CB8E020824
:10195000C58E0208FD8B02081D9F020887950208AC
:1019600007990208818D02083F98020849950208EC
:10197000C3810208CD8B0208C1A0020889A1020818
:10198000C3940208A5880208258A02081398020851
:10199000E197020851940208A5930208B99D020834
:1019A00061930208BD96020841890208D591020898
:1019B000438B0208CB8102080405060073AB0208C2
:1019C0006FAB020851AD020841AB0208B5AD020889
:1019D0003061646434737562206D756C80646976FF
:1019E0000068B5030078B6030088B803006097006C
:1019F000007084040080860404656F72086C736C48
:101A00000C6C737210617372146164631873626397
:101A10001C726F7220747374246E656728636D7016
:101A20002C636D6E306F7272346D756C38626963E1
:101A30003C6D766E006571016E65026373036363CE
:101A4000046D6905706C067673077663086869092A
:101A50006C730A67650B6C740C67740D6C650549D3
:101A6000505352000000001142415345505249006A
:101A700000723000017231000272320003723300D2
:101A800004723400057235000672360007723700A2
:101A900008723800097239000A7231300B72313124
:101AA0000C7231320D7231330E7231340F723135A6
:101AB0000A736C000B6670000D7370000E6C720080
:101AC0000F706300F81A0608060000000E00000000
:101AD0001E0000000C2E06081033060820007203BA
:101AE00000000100000000000000000019D0020802
:101AF000C829060890000020060000000E00000023
:101B00001E000000C3D30208C5D20208ADD20208ED
:101B10000DC10208B1C00208C9BE020811C4020802
:101B2000C9C302084D670308F1BE020819BF0208C5
:101B3000C1C50208C1E1020849E002083DC102082E
:101B4000C1CC0208B1570308451D0308C1F80208BB
:101B5000AD2A03086B2B03082F180308C5FA0208E7
:101B600009B80208B7D3020825C3020889C70208CA
:101B700015D40208ADD30208F10102089D01020844
:101B800003D402087DC30208C9CB020831C502088C
:101B9000352E03082DCA0208C5CA020805BF02086F
:101BA0002DBF020875ED0208C9D5020815A8030863
:101BB000B9AC03089DAC030829D30208000000005B
:101BC000A9A0040881A00408B50A0208893B0008FE
:101BD0002938000889C0020805DC02080D3A03080C
:101BE000413B0308C5EA020823D302080DD30208CB
:101BF00009D30208F5D20208C1BF020819E202089F
:101C0000D16F030821D60208DDD60208DD70030873
:101C1000C57103083D7603084C100608103306080A
:101C2000343106085C280608442006080826060801
:101C3000F0250608D8250608C0250608A8250608A8
:101C4000202406083C3406080C340608F433060841
:101C500024340608000002000400060008000A0000
:101C60000C00110017001D0025002F003B0049004B
:101C700061007F00A700DF00250185010902B30292
:101C80009703C7045B0671089D0CDF124B1C6D2A7D
:101C9000913F575FFF8E7BD6000000004427060867
:101CA00034310608442706080000000044270608CF
:101CB000282B0608442706080000000044270608D1
:101CC00034310608442706080000000044270608AF
:101CD000CC1D060844270608F0250608EBDB0208A1
:101CE000103306088000AF03000000000000000170
:101CF000000000003DE30208103306080000EF0278
:101D0000010200040500060307000008D1E70208ED
:101D1000C5E3020875E2020851E20208A1E80208E0
:101D200051E40208A1E20208842E060810330608D6
:101D30000804DC030100000304000602070000059C
:101D40002DEA020875E2020851E20208A1E8020841
:101D5000742E060851E40208A1E20208D8250608FC
:101D600005E80208D825060865E3020810330608CE
:101D700008044000010200040500060307000008F3
:101D800069E70208C5E3020875E2020851E20208A9
:101D9000A1E8020851E40208A1E20208942E060814
:101DA0001033060800009D00000100020304050630
:101DB0000000000069EB02085D570308695803083A
:101DC000E1EA02085D590308A1560308103306082A
:101DD00008003E00010200030400000000000000B3
:101DE000CDEB0208A1EB020887EB020877EB0208B3
:101DF0001033060800000303000002030401000082
:101E00000000000027EC02089FEC0208EFEB02083C
:101E100005EC020810330608000001000000000075
:101E20000000000000000000103306082000150329
:101E30000000020000010000000000006FED020839
:101E4000E1EC02081033060800001903000000004E
:101E50000000000000000000103306080C001E0304
:101E600001020003040500000000000001EF020869
:101E7000A9ED02086DEE0208D1F1020819EE020880
:101E80001033060800003A030100000200000304BA
:101E90000000000519F30208A5F30208D5F20208B4
:101EA00009F20208A81E0608442006082F000000B8
:101EB00005000000B81E0608E2010000001F060829
:101EC00062170000F81E060892020000F01E0608C5
:101ED000C2030000E01E0608B2200000E81E06084B
:101EE000F025060875F30208F0250608D5F3020868
:101EF000D8250608ADF20208D825060869F20208BE
:101F0000D825060825F202084420060877000000BC
:101F10000E000000181F0608320200003C200608D0
:101F20004A02000034200608821B00002020060818
:101F3000B20200001420060832030000981F0608B1
:101F400052030000901F0608C20300000820060884
:101F5000CA030000F41F060872040000FC1F0608F4
:101F6000FA040000E81F06081A050000881F06088A
:101F70007A000000B4330608E2000000AC33060823
:101F80005A000000A4330608F025060881F4020870
:101F9000F02506086DF70208F025060855F7020837
:101FA000A8D00508B3D00508BDD005081033060831
:101FB0008000AF03000000000000000100000000EE
:101FC00045F502081033060800003C03000100023A
:101FD00003000004000000007DF5020851F402082F
:101FE000A1FA020835F40208A8250608FFFF03003D
:101FF000ADF70208F0250608F1F50208A825060845
:1020000006000400F9F40208A825060806000400EA
:10201000FFF40208A82506080600040005F50208DA
:10202000B032060828200608A82506080600040085
:1020300031F90208F025060877F90208F0250608AC
:102040000BF502081033060800004B0001020003E4
:102050000400050600000007D9F8020851F602083E
:102060000DF40208A9F90208F9FA020869F4020855
:10207000081F0608103306080000F40101020003DF
:102080000400050600000708D9F8020851F6020806
:102090000DF40208A9F90208F9FA020869F4020825
:1020A00044200608081F0608442006080600000011
:1020B0000000000000000000AE030301000000006B
:1020C0009200020000000000103306088000540354
:1020D00001000000000000020000000055FB0208A3
:1020E0002DFB0208103306080000B20201020000B6
:1020F0000003000000000400D1FC020809FC0208F3
:102100004DFE0208082106081033060800003700BB
:10211000010200000003000000000400D1FC0208DE
:1021200009FC02084DFE02082024060810330608A8
:102130000000BB02010200000003000000000400D8
:10214000D1FC020809FC02084DFE020850210608D5
:1021500010330608000036000102000000030000F2
:1021600000000400D1FC020809FC02084DFE020830
:102170002024060810330608000027000102000092
:102180000003000000000400D1FC020809FC020862
:102190004DFE02089821060810330608000034009E
:1021A000010200000003000000000400D1FC02084E
:1021B00009FC02084DFE0208202406081033060818
:1021C00000002F00010200000003000000000400D6
:1021D000D1FC020809FC02084DFE0208E0210608B5
:1021E0001033060800003200010200000003000066
:1021F00000000400D1FC020809FC02084DFE0208A0
:1022000020240608103306080000300001020000F8
:102210000003000000000400D1FC020809FC0208D1
:102220004DFE0208202406081033060800002D0089
:10223000010200000003000000000400D1FC0208BD
:1022400009FC02084DFE0208202406081033060887
:1022500000002C0001020000000300000000040048
:10226000D1FC020809FC02084DFE020820240608E1
:1022700010330608000029000102000000030000DE
:1022800000000400D1FC020809FC02084DFE02080F
:10229000B8220608103306080000280001020000DA
:1022A0000003000000000400D1FC020809FC020841
:1022B0004DFE0208B82206081033060800002B0065
:1022C000010200000003000000000400D1FC02082D
:1022D00009FC02084DFE02082024060810330608F7
:1022E00000002600010200000003000000000400BE
:1022F000D1FC020809FC02084DFE02082024060851
:102300001033060800002200010200000003000054
:1023100000000400D1FC020809FC02084DFE02087E
:1023200020240608103306080000200001020000E7
:102330000003000000000400D1FC020809FC0208B0
:102340004DFE0208202406081033060800001F0076
:10235000010200000003000000000400D1FC02089C
:1023600009FC02084DFE0208202406081033060866
:10237000000038000102000000030000000004001B
:10238000D1FC020809FC02084DFE0208B42306082D
:1023900010330608000031000102000000030000B5
:1023A00000000400D1FC020809FC02084DFE0208EE
:1023B000B42306081033060800001E0001020000C6
:1023C0000003000000000400D1FC020809FC020820
:1023D0004DFE0208202406081033060800003300D2
:1023E000010200000003000000000400D1FC02080C
:1023F00009FC02084DFE02082024060810330608D6
:10240000000076020102000000030000000004004A
:10241000D1FC020809FC02084DFE0208202406082F
:102420001033060800002400010200000003000031
:1024300000000400D1FC020809FC02084DFE02085D
:10244000B024060810330608000025000102000031
:102450000003000000000400D1FC020809FC02088F
:102460004DFE0208B02406081033060800002A00BA
:10247000010200000003000000000400D1FC02087B
:1024800009FC02084DFE0208B024060810330608B5
:1024900000003500010200000003000000000400FD
:1024A000D1FC020809FC02084DFE0208B02406080F
:1024B00010330608000021000102000000030000A4
:1024C00000000000D1FC020809FC02084DFE0208D1
:1024D00010330608800064030100000000000002C1
:1024E0000000000021010308F30003081033060870
:1024F0000C0067030102000304000000000000005C
:10250000690203084F010308C9020308A90503086B
:10251000EC2406080000C07FEC2406080000807F41
:10252000EC240608DB0FC940EC240608DB0F494009
:10253000EC24060854F82D401033060820007203DE
:102540000000010000000000000000006D0803080A
:102550001033060820007203000001000000000094
:1025600000000000790603081033060820007203FB
:1025700000010300000200000000000089090308B8
:102580005D09030851060308103306082000720392
:102590000001030000020000000000008909030898
:1025A0005D090308A10603081033060860007203E2
:1025B00000000100000000000000000029080308DE
:1025C00010330608600072030000010000000000E4
:1025D0000000000031060308103306086000720393
:1025E00000000100000000000000000013060308C6
:1025F00010330608600072030000010000000000B4
:1026000000000000F705030810330608600072039D
:10261000000001000000000000000000E1050308C8
:10262000103306088000760300010000000000025D
:10263000000000030D0B0308610C03084026060888
:102640004420060827000000040000005026060869
:102650003A02000078260608520400008C2606087C
:10266000DA040000802606084A20000070260608CA
:10267000D8250608F50A0308F02506086D0C03089E
:10268000A825060808000400390C0308D825060808
:10269000590C0308103306082000760300000100DF
:1026A00000020000000000007D0A03085D09030825
:1026B000103306082000760300000200000100002D
:1026C000000000005D090308050A03084424060809
:1026D0000000000000000000403206081033060829
:1026E0008000AF03000000000000000100000000B7
:1026F000B90C03084420060817000000020000007F
:1027000004270608AA02000020270608E2040000A9
:1027100014270608A825060808000200290D03084A
:10272000B032060828270608A82506080800040075
:10273000010E030800010102020202030303030366
:10274000030303041033060800005E0001020003C7
:102750000400000000000005E10E0308D310030888
:102760004312030865140308F426060844270608E4
:102770000A000000020000007C270608FFFFFF7F20
:10278000690003020600000083000102000000004F
:10279000442006085F0000000B000000A027060888
:1027A000E20100005428060832020000442806080E
:1027B0004A0200003C28060852020000342806089D
:1027C000920200004C280608E202000028280608B1
:1027D000EA02000020280608C203000014280608A8
:1027E000020400000C2806081A0400000428060849
:1027F0007A040000F8270608A8250608FFFF030052
:10280000F5190308F025060811170308D82506084E
:10281000ED170308A8250608040002005D17030849
:10282000C025060893180308A82506080800040018
:10283000D9170308D8250608DB180308F025060871
:10284000691D0308F02506080D180308D825060899
:10285000451A0308D82506082F1803081033060860
:1028600000006C00010200030400050600000007E0
:10287000191D0308E5180308D3160308511C0308A3
:10288000051B0308F51603089027060810330608F1
:102890008000720001000000000000020000000043
:1028A000BD1D0308711D03088F000000110000000A
:1028B000B42806087A17000090340608DA170000DA
:1028C000446F0608DA18000038390608BA1A000002
:1028D000A4400608121C00002C7606084A1C0000C2
:1028E000A0770608021D0000043A0608821D0000B9
:1028F000F87706084A1E00006078060812200000DB
:10290000EC7A06088A200000387C06086221000064
:10291000E07C060882210000887D06081223000062
:102920008C7E0608B2230000787F06083A24000057
:10293000E03E0608E22400005C81060887000000F3
:102940001000000048290608FA010000D0340608EB
:10295000BA180000543D0608A21900008C70060841
:10296000621B000044710608A21B000070390608B3
:102970006A1E0000843A06089A030000143E060806
:10298000BA1F0000047A06083221000020B80608A9
:102990001A240000BCB906086A240000543F060847
:1029A0002A25000048820608D2250000F083060888
:1029B000B2160000646E0608D21600006C7A060893
:1029C000AA000000F01A0608103306080000E7030A
:1029D000000100000002000000000000B11E03081A
:1029E0001D1E0308103306080000750001000000DA
:1029F0000000000000000002D9200308002A060899
:102A0000442006082700000004000000102A0608E1
:102A10008A000000502A0608C2000000402A06086A
:102A2000A2160000382A06085A160000302A0608A6
:102A3000D825060851200308C025060809200308E8
:102A4000C8320608482A0608F0250608A920030807
:102A5000F025060805200308103306088000AF03A0
:102A6000000000000000000100000002F320030845
:102A7000742A0608442006080F0000000100000028
:102A8000842A0608521600008C2A0608F02506083B
:102A9000F7200308103306088000AF030000000091
:102AA0000000000100000000F32003080100030003
:102AB0000600000001000300060000000100030002
:102AC000060000004503030006000000103306085E
:102AD00000001B04010000000000000000000002D4
:102AE00051210308E82A0608442006081F000000B8
:102AF00003000000F82A0608D21B0000202B06085D
:102B00005A230000182B0608CA190000102B0608CB
:102B1000D8250608FB200308D82506081721030836
:102B2000D8250608332103081033060800002E00BC
:102B30000001000000000000000000008D210308DB
:102B4000D8250608E92203081033060800007C0097
:102B5000010300040002050600000000052403082C
:102B6000652403088D240308CF230308C924030820
:102B70008D230308103306088000AF030000000017
:102B80000000000100000000A9230308103306081C
:102B9000800053040100000000000002000000005B
:102BA0006B250308512503081033060800004C026A
:102BB000010000000000000000020003B925030826
:102BC000C82B0608D82B0608D92603087526030843
:102BD0001D260308000000004420060837000000FE
:102BE00006000000E82B0608DA010000182C060891
:102BF000EA0300003C340608FA030000F433060838
:102C0000F20300000C3406082205000024340608F4
:102C10003A020000E4330608F02506083D270308C1
:102C2000442006084F00000009000000302C060870
:102C30004A020000942D0608EA190000802D0608BB
:102C4000EA1C00006C2D06083A1D00005C2D0608E9
:102C5000621D0000542D06086A1D00004C2D060858
:102C6000522400002C2D06086A250000182D0608A5
:102C7000820500009C3306084420060897000000E7
:102C800012000000882C06080A170000A42D060870
:102C9000320200009C2D06084A020000942D06080E
:102CA000121A00008C2D0608EA190000802D060873
:102CB000F2190000742D0608EA1C00006C2D0608AD
:102CC000F21C0000642D06083A1D00005C2D060869
:102CD000621D0000542D06086A1D00004C2D0608D8
:102CE000C2030000442D0608020400003C2D060823
:102CF000522400002C2D06085A240000342D06080A
:102D00006A250000182D0608FA040000202D060888
:102D1000820500009C330608D82506088128030890
:102D2000A8250608FEFF0300DF270308D8250608AC
:102D300095280308D8250608FD270308D825060886
:102D4000A9280308F02506083D290308D825060808
:102D50006D2C0308D8250608792C0308D825060809
:102D600025280308D82506085F2B0308D825060860
:102D7000652B0308A8250608FEFF03002929030880
:102D8000A8250608FEFF030035290308D8250608F4
:102D9000AB270308F025060857280308F025060886
:102DA000C9280308D82506089D27030810330608FC
:102DB0000800710301020003040000050000000682
:102DC000732B03086D290308152A0308812C0308B7
:102DD00081270308202C06081033060800008C0009
:102DE000010200030400000500000006732B030825
:102DF0006D290308152A0308812C0308812703087D
:102E0000782C0608142E0608E8010000142E060887
:102E1000230000001033060800000100000100003C
:102E200000000000000000009D2D0308103306087C
:102E30000000750400030001000200000000000013
:102E4000A92D0308012E0308AD2D0308D825060877
:102E5000052F030820090A0D0B0C0000B203010026
:102E6000000000000431060800000000000000001F
:102E70003DE40508442006080F00000001000000A2
:102E8000D42E0608442006081700000002000000A7
:102E9000C42E060844200608FF0000001F000000A2
:102EA000C42E060844200608EF0000001D000000A4
:102EB000D42E060844200608DF0000001B00000096
:102EC000EC2E0608E2010000641D060892020000D4
:102ED0005C1D06085A1C0000D42F06087A1B00004F
:102EE000C42F06088A190000EC2F06089A02000079
:102EF000CC30060822040000C0300608E2020000C0
:102F0000B43006082A040000A83006084203000076
:102F1000FC3006088A040000F0300608CA230000CE
:102F2000E43006083A040000D83006089A0400008D
:102F30009C3006087A02000090300608C2040000A7
:102F4000843006088203000078300608420400003E
:102F50006C300608A2020000583006080A0400007F
:102F60004C300608520200004030060832200000B3
:102F700038300608B2220000303006088A180000F7
:102F8000643006087A0300002830060802050000B5
:102F9000203006081A03000018300608FA02000064
:102FA0001030060802030000083006082A0300005B
:102FB0000030060812030000F82F0608921A0000DD
:102FC000E02F0608B0320608CC2F0608D8250608E0
:102FD00069340308A825060804000200B14103086B
:102FE000A825060806000200813C0308A82506085B
:102FF00006000200013B0308F02506085D340308C3
:10300000F025060851340308F02506084534030866
:10301000F025060839340308F02506082D34030886
:10302000F0250608CD300308F0250608C130030856
:10303000D82506081B400308D825060815400308B4
:10304000A825060808000400C1320308A8250608C0
:103050000800060035380308A8250608FFFF03000E
:1030600089500308D825060859320308A825060800
:1030700004000200313F0308A825060804000200EE
:10308000273F0308A8250608040002001D3F030887
:10309000A825060808000400BF4A0308A82506085A
:1030A00008000400B94A0308A8250608080004001F
:1030B0002B380308A8250608080004002338030855
:1030C000A82506080800040019380308A8250608E2
:1030D0000800040011380308A825060806000200AD
:1030E000CD480308A8250608FFFF0300653D030837
:1030F000A82506080600020095470308D8250608FB
:1031000031310308103306080000420001020000BC
:103110000300040506000007613C03088936030824
:1031200001420308E53C0308912F030823350308F7
:10313000A42E0608103306080000970001020003C1
:103140000400050607000008493A030891510308E6
:103150004B510308014203086D530308E95003086B
:1031600023350308B42E06081033060880014501F4
:10317000010200000000000000030004695503087C
:10318000A15403088C310608D031060811560308F3
:10319000D954030841540308000000001033060806
:1031A000800177020102000000000000000300041B
:1031B00069550308A1540308C0310608D031060838
:1031C00011560308D95403084154030801000000B4
:1031D000442006085F0000000B000000E0310608F4
:1031E000EA0300003C340608F20300000C34060831
:1031F000FA030000F4330608220500002434060810
:103200000A230000CC33060892240000C4330608C9
:10321000521B0000BC3306083A020000E4330608E3
:10322000DA1B00003832060862000000D81C0608CD
:103230006A000000D8330608F02506085156030836
:103240007C32060800000000442006081700000039
:1032500002000000583206085202000074320608CC
:10326000E202000068320608A825060808000400EB
:1032700041570308D825060851570308103306089C
:1032800000009D0001020003040005060000000785
:10329000ED570308BD5603085D5703086958030836
:1032A0005D590308A156030848320608B7D5B10096
:1032B0001033060800004500010000000000000077
:1032C00000000000F95D03081033060800009400B8
:1032D000010000000000000000000000F95D03088C
:1032E000D8250608A9680308D825060885680308B4
:1032F0001033060800009A000102000000030000DD
:10330000000000003D68030851620308655B030884
:103310001033060800009E000102030000040000B4
:103320000000000009630308ED5D030891620308D3
:10333000C15C0308BEB8B3BCB6C200000000000008
:103340000000B9BB000000000000C4D8ADBDD1AC86
:10335000D6C1BFB5D7C0C6B2B0CED4C8CAD0C7D206
:10336000CDCBC9D3CCCFC5C3BA00AE1410AB12B409
:10337000AF000000A8250608FFFF0300255A030838
:10338000103306088000A5000100000000000002C4
:10339000000000001D690308DB680308D825060843
:1033A000C1690308D8250608A3690308C0250608D3
:1033B00083690308D825060865690308F02506080F
:1033C000076D0308F0250608B76F0308A82506084F
:1033D000060004006D6F0308A82506080800080011
:1033E000FB6C0308F0250608D56C0308F0250608D9
:1033F0002D6D0308A825060804000200336C03089D
:10340000A825060806000400B1700308A8250608D0
:1034100006000400AB700308A82506080800040095
:10342000A5700308A8250608080004009F7003087B
:10343000A825060804000200436F0308A825060813
:10344000040002003D6F0308A82506080A000200D8
:1034500029790308A825060806000200B57C0308A0
:10346000A825060806000200AF7C0308A825060868
:1034700006000200A97C0308A82506080C00060027
:103480005D7B0308A825060802000000E17C030814
:10349000C8290608983406084420060817000000CA
:1034A00002000000A8340608BA0000007A170000E5
:1034B0007A170000F81C06088B00030222000000A7
:1034C0004E0003021A000000610303020490060884
:1034D000C8290608D8340608442006081F0300003F
:1034E00063000000E8340608BA000000FA0100009A
:1034F0004A1600002C3906087A16000048340608DF
:103500008A16000070380608F2010000CC1D06087B
:103510001202000004310608020200006C1D0608B9
:10352000F2180000581E06085A020000442006083F
:10353000A21A0000C8200608221B0000D02406089A
:103540003A1B0000EC2406088A1B0000AC2D06087C
:10355000F202000044270608620300005C28060807
:10356000920300008C280608E21E00002C1D0608AD
:10357000AA030000E4290608DA200000CC2A060885
:10358000E2030000482B06089A2200008C2B060854
:1035900062040000D82D0608AA2300002C2E06087D
:1035A000BA04000034310608D2040000F0320608E4
:1035B000EA0400007C320608F2040000103306081A
:1035C0002A050000803306082A020000B0320608EF
:1035D000A2040000C83206081A0100000C2E0608DA
:1035E000420F0000042E0608CA0100002439060814
:1035F000D20100001C390608DA010000143906085F
:10360000D21700000C3906081A0200000439060817
:10361000EA1800007834060822020000FC38060888
:10362000BA1900002838060862020000F0380608BF
:103630006A020000E8380608820200006C340608BE
:103640008A02000060340608CA1A000054340608D2
:10365000BA020000383806086A040000303806084C
:10366000C202000018380608CA0200002038060806
:10367000D2020000E0380608521C0000843406081C
:103680005A1C0000D8380608DA020000083806087C
:10369000DA1C0000CC3806080A030000E0320608F5
:1036A00022030000E83206083A030000C438060886
:1036B0005A0300000038060872030000103806089C
:1036C000721E0000B8380608FA1E0000AC38060862
:1036D000A2030000A0380608E21F00009838060880
:1036E000B2030000D4840608BA030000903806082C
:1036F000D203000084380608DA0300007838060890
:103700001204000068380608320400005C3806081D
:103710008204000044380608CA0400005038060835
:103720000A010000B0240608F2000000B4230608D5
:10373000FA000000482306080201000024230608BE
:1037400012010000002306082201000020240608C0
:103750002A0100004424060832010000DC22060889
:103760003A01000074210608420100009422060874
:1037700052010000682406084A0100007022060871
:103780005A010000B8220608620100004C22060817
:103790006A010000282206087A010000BC21060800
:1037A00082010000042206088A0100009023060816
:1037B00092010000E0210608B2130000FC23060875
:1037C0009A010000D8230608A201000098210608EB
:1037D000AA0100008C240608B2010000502106084E
:1037E00092150000E4200608BA010000082106082E
:1037F000DA1500002C210608C20100006C2306081F
:10380000F02506089DE10208F0250608F5DF02080C
:10381000082606086D7E030808260608617E030850
:10382000D82506086D830308D8250608E983030810
:10383000C0250608CF830308A82506080600040053
:1038400091830308A8250608FFFF030039830308B6
:10385000A825060804000200C77F0308A82506085B
:103860000400020029820308F025060805820308E7
:10387000F025060839840308A8250608FFFF010083
:1038800085810308A8250608060004001D84030896
:10389000F025060821810308F0250608BB7F0308F0
:1038A000A825060804000200F5830308A8250608D9
:1038B000FFFF03001B810308A8250608FFFF030084
:1038C00015810308F0250608F57E0308A8250608DB
:1038D00002000000FD7F0308F0250608AF7F030803
:1038E000F0250608ED7E0308D8250608A57F030805
:1038F000A82506080200000081840308F0250608B8
:103900006D7F0308F02506085D7F0308F025060893
:10391000437F0308F02506081F7F0308F0250608EB
:10392000FB7E0308F0250608E57E0308A8250608A7
:10393000FEFF0500797E0308C829060840390608FD
:103940004420060827000000040000005039060843
:10395000BA000000DA180000D2190000801E060824
:103960009A1F0000402B0608A20F000074200608D2
:10397000C8290608783906084420060847000000D0
:103980000800000088390608BA000000A21B0000E9
:10399000D2180000FC390608021A0000F4390608A3
:1039A000821A0000EC390608421D0000E4390608BE
:1039B000BA1E0000DC390608B21E0000D439060821
:1039C000A2240000C8390608A82506080200000045
:1039D00075850308082606085B850308082606087F
:1039E00043850308082606082585030808260608D7
:1039F0001585030808260608058503080826060815
:103A000039850308C82906080C3A06084420060828
:103A10002F000000050000001C3A0608BA00000054
:103A2000021D0000B2030000D48406083A0E000014
:103A3000583A0608BA1300009C3106082A0A00000A
:103A4000683106084F86030841860308B5850308D8
:103A500000000000583A0608103306080000C701AD
:103A6000010000000000000000020000AD85030816
:103A7000443A06084C04030200000000DD02030281
:103A800001000000C82906088C3A060844200608F0
:103A9000770100002E0000009C3A0608BA000000E2
:103AA0006A1E0000621A0000302506086A20000025
:103AB000282506088A24000020250608C21C0000CC
:103AC00018250608AA1F000010250608D2230000AA
:103AD0004C3D0608D2030000443D0608DA1A0000F7
:103AE0003C3D0608E21A0000343D0608121E0000A4
:103AF000343C0608221E00002C3D06081A1E000059
:103B0000243D06081A1900001C3D06088223000007
:103B1000143D0608822400000C3D06080217000030
:103B2000043D06088A170000FC3C0608B217000096
:103B3000F43C060812190000EC3C06087223000051
:103B4000E43C06087A240000DC3C0608FA16000073
:103B5000D43C060882170000CC3C0608A2170000DF
:103B6000C43C0608AA170000BC3C060882180000E6
:103B7000B43C060802190000AC3C0608EA1A000032
:103B8000A43C0608421B00009C3C06085A1B00008F
:103B9000943C0608721B00002C3C0608A21D000085
:103BA0006C3C06082A1F0000243C06084A1D000041
:103BB0008C3C0608521D0000843C06085A1D00007B
:103BC0007C3C06082A1D0000403C06081A2500001F
:103BD000743C0608522100001C3C0608AA1900008B
:103BE000143C0608F21A00000C3C0608AA1A000051
:103BF000643C0608B21A00005C3C06089A1B0000F0
:103C0000543C0608CA1D00004C3C0608F025060876
:103C1000718A0308F025060819890308F0250608AB
:103C200035890308F0250608A78A0308F025060849
:103C3000FF8A0308A825060804000200618B030818
:103C4000A8250608FFFF0500E5860308F0250608FD
:103C500011880308F02506081D880308F0250608CA
:103C600029880308F025060835880308D8250608A2
:103C7000D58A0308F0250608958A0308F02506086A
:103C800079860308F0250608B5860308F02506089E
:103C900091860308D8250608D9890308F025060867
:103CA0002B8B0308F025060841880308D825060851
:103CB000E5890308F02506084F8B0308D825060878
:103CC000F1890308F02506084D880308F025060849
:103CD00059880308F025060865880308F0250608BA
:103CE00071880308F02506087D880308F02506087A
:103CF00089880308F025060895880308F02506083A
:103D0000A1880308F0250608AD880308F0250608F9
:103D1000B9880308F0250608C5880308F0250608B9
:103D2000D1880308F0250608DD880308F025060879
:103D3000E9880308F0250608F5880308F025060839
:103D400001890308D8250608FD890308F02506081F
:103D50000D890308C82906085C3D060844200608AA
:103D6000670000000C0000006C3D0608BA0000006F
:103D7000BA180000621A0000302506086A20000008
:103D800028250608622000000C3E0608922000004C
:103D9000043E060832220000FC3D0608DA1A000044
:103DA000F43D0608121E0000EC3D06081A1E000035
:103DB000E43D0608D2230000DC3D0608121900008D
:103DC000D43D060872230000CC3D0608F025060805
:103DD000D18B0308F02506082B8C0308F025060874
:103DE000858C0308F0250608F18C0308F0250608E9
:103DF000498D0308F0250608978D0308D825060885
:103E0000E18D0308F02506083F8E0308F02506081B
:103E10001F8E0308C82906081C3E06084420060811
:103E2000670000000C0000002C3E0608BA000000ED
:103E30009A03000042020000D81C06080A20000075
:103E4000D43E0608C21E0000C83E060842210000FB
:103E5000BC3E0608DA230000B43E06084A170000FC
:103E60009C3E0608221C0000AC3E06082A1C0000EE
:103E7000A43E06088A1D0000943E06086212000057
:103E8000A82B0608CA2200008C3E0608D825060882
:103E9000398F0308F0250608C98E0308F0250608A7
:103EA000B9FD020808260608D98E03080826060868
:103EB000F18E030808260608838E0308A825060845
:103EC00002000000FD8E0308A8250608020000007D
:103ED000918E0308A825060802000000558F0308EC
:103EE000C8290608E83E06084420060837000000F6
:103EF00006000000F83E0608BA0000003A24000060
:103F00005A1800004C3F06081A200000343F0608EB
:103F100022200000283F060882250000403F0608B6
:103F20008A250000403F0608A8250608FEFF070076
:103F300059920308A8250608FEFF030015920308FE
:103F4000A82506080600040051900308F02506087D
:103F500037900308C82906085C3F06084420060875
:103F6000770000000E0000006C3F0608BA00000059
:103F70006A24000072170000D4000020C22500004F
:103F80008C400608CA25000078400608B21C0000D4
:103F90000C4006088A200000FC3F06084A18000072
:103FA0006A030000821E00006C270608D21A000077
:103FB000F03F06080A2400000C90060812240000B6
:103FC0000490060802240000FC8F0608421F00002F
:103FD00080000020CA200000E43F060807041C04FB
:103FE0001D040000A825060804000200C992030869
:103FF000A825060802000000AD9203083431060827
:1040000000000000070000000CD70508A01D0608EE
:10401000050000009A0300006040060850400608B2
:104020000D3E0000404006082C400608F203000048
:10403000B8040000D8020000D9020000D702000036
:1040400034310608000000001400000014D70508F1
:1040500034310608000000002500000043E4050894
:104060007C32060804000000030000003900000054
:10407000010000000A0000007C3206080300000076
:1040800007000000090000000100000034310608AC
:10409000000000002800000029D705080490060849
:1040A000B7700308C8290608AC4006084420060873
:1040B000C700000018000000BC400608BA0000005D
:1040C000BA1A0000C21A00007C410608CA0B0000A0
:1040D00003000000AA0B000005000000720B0000A6
:1040E0000B000000320B000013000000220B000048
:1040F00017000000B20B000019000000120B0000B6
:104100001B000000520B000023000000A20B000067
:10411000270000007A0B00002B0000006A0B000053
:104120002D000000C20B0000BF0000001A0B0000B1
:10413000C50000003A0B0000CF0000004A0B000051
:10414000D10000009A0B0000D3000000BA0B000061
:10415000D7000000D20B0000DD000000420B000081
:10416000DF0000005A0B0000E30000002A0B0000F3
:10417000E5000000620B0000E70000004420060894
:10418000B6000000160000008C4106080300000085
:10419000CA0B000005000000AA0B00000B00000085
:1041A000720B000013000000320B0000170000002B
:1041B000220B000019000000B20B00001B000000E1
:1041C000120B000023000000520B0000270000002B
:1041D000A20B00002B0000007A0B00002D00000055
:1041E0006A0B0000BF000000C20B0000C500000009
:1041F0001A0B0000CF0000003A0B0000D1000000B5
:104200004A0B0000D30000009A0B0000D70000000A
:10421000BA0B0000DD000000D20B0000DF00000040
:10422000420B0000E30000005A0B0000E500000014
:104230002A0B0000E7000000620B00006A960308EA
:104240006A9603086A9603086A9603086A96030842
:104250006A9603086A9603086A9603086A96030832
:104260006A9603086A9603086A9603086A96030822
:104270006A9603086A9603086A960308A6A10308CB
:1042800000A10308DEA003087EA0030848A00308DD
:1042900008A003086A9F0308369F0308FE9E0308D0
:1042A000389E0308089E03084897030812970308DE
:1042B0006A9603086A9603086A9603081E9903081B
:1042C000D4980308DEA1030872A1030846A10308DD
:1042D00022A10308D49F03089E9F0308C29E0308DF
:1042E000689E03082C9B0308B29B0308109B0308DD
:1042F000DC9A0308849A0308489A03080A9A030878
:1043000074990308B49903084A990308A09803080C
:104310006C98030824980308DC9903086A9603083C
:104320006A9603086A9603086A9603086A96030861
:104330006A9603086A9603086A9603087E9C030837
:104340006A9603084A9403089E9D03085A9D030831
:10435000809D03083E9D0308D89C030880940308B1
:1043600080940308529B0308729B03086A96030813
:104370006A9603086A9603086A960308C8A10308A8
:10438000149603086296030868A103083CA003087A
:10439000F69F0308A49E0308009E0308D89D030807
:1043A000D69D0308C49D0308E89D0308249C0308C8
:1043B000049C0308F89B0308D89B03086A9603082B
:1043C0006A960308029B0308FAA2030804980308EC
:1043D000F4970308E29703083096030884970308CC
:1043E000089703086A9603086A9603086A96030802
:1043F0006A9603086A9603086A960308F696030805
:10440000F6960308F6960308F6960308F696030850
:10441000F6960308F6960308F6960308F696030840
:10442000F6960308F6960308F6960308F696030830
:10443000F6960308F6960308F6960308F696030820
:10444000F6960308F6960308F6960308F696030810
:10445000F6960308F6960308F6960308F696030800
:10446000F6960308F6960308F6960308F6960308F0
:10447000F6960308F6960308F6960308F6960308E0
:10448000F6960308F6960308F6960308F6960308D0
:10449000F6960308F6960308F6960308F6960308C0
:1044A000F6960308F6960308F6960308F6960308B0
:1044B000F6960308F6960308F6960308F6960308A0
:1044C000F6960308F6960308F6960308F696030890
:1044D000F6960308F6960308F6960308F696030880
:1044E000F6960308F6960308F6960308F696030870
:1044F000F6960308F6960308F6960308CC9603088A
:10450000CC960308CC960308CC960308CC960308F7
:10451000CC960308CC960308CC960308CC960308E7
:10452000CC960308CC960308CC960308CC960308D7
:10453000CC960308CC960308CC960308B8960308DB
:10454000B8960308B8960308B8960308B896030807
:10455000B8960308B8960308B8960308B8960308F7
:10456000B8960308B8960308B8960308B8960308E7
:10457000B8960308B8960308B8960308509603083F
:104580005096030850960308509603086A9603084D
:104590006A9603086A9603088296030882960308BF
:1045A000829603088296030882960308829603087F
:1045B000829603088296030882960308829603086F
:1045C000829603088296030882960308829603085F
:1045D000829603088296030882960308829603084F
:1045E000829603088296030882960308829603083F
:1045F000829603088296030882960308829603082F
:10460000829603088296030882960308829603081E
:10461000829603088296030882960308829603080E
:10462000829603086A9603086A9603086A96030846
:104630006A9603086A9603086A960308696D706FA4
:104640007274200074600608BC580608E05606081C
:10465000A85306081C5206083C4C0608F84B0608EE
:10466000E0490608F04606086173796E63696F2FAA
:104670005F5F696E69745F5F2E7079006173796E38
:1046800063696F2F636F72652E7079006173796E45
:1046900063696F2F6576656E742E7079006173792A
:1046A0006E63696F2F66756E63732E707900617328
:1046B000796E63696F2F6C6F636B2E707900617315
:1046C000796E63696F2F73747265616D2E707900F6
:1046D000756173796E63696F2E7079006468742EEA
:1046E0007079006F6E65776972652E7079000000D1
:1046F00010470608FC4606086447060800470608F7
:104700007C320608020000000600000001000000E4
:104710002F050700DA02DA04D904CF0411000F04D0
:104720009A03F001FE0151043A043C047E00C704E0
:10473000C904A4004105D8045804F104DC042B0387
:10474000EE042400E704170016001A00DD048900B7
:10475000390503056B00A2003B0525051005400047
:104760002D03000000000200BD490608704706083E
:10477000B0490608784706080000020060490608AC
:1047800084470608474906082C4906081E490608BA
:1047900010490608EA480608DA480608CA48060822
:1047A000B1480608944806085B480608C147060851
:1047B000B44706082206171F2812181417B136012D
:1047C000637308151F2526B0140B360043432300DE
:1047D00063B01410B01316360159B143461227883E
:1047E0003401C11227883401C380C4228040C580AF
:1047F00042DC8057C680C78042C78057C8B0140CBF
:104800003600C9B0140C36004448B9444323006351
:10481000425AB94357B2B5D8434EB1B65581B8F0F4
:10482000EF4449B2B5DC444481C9B5C4B0140FB9F2
:10483000360159B94446B781B8F0E0C7B581E6C53D
:1048400081E55788D743B37F59B7B3B65681E5574B
:1048500088D7439E7F59B3B42A02634904141F2B9F
:1048600000C1228041C250C380425F57C4B01415BA
:10487000B3B236023002C3C2B34446B1B32B01E532
:10488000C1B280D94442424981E55722817FD74352
:104890001A59B1632206121F24B0140B360059B006
:1048A0001410B01313360159B01411B13601595117
:1048B000635206111F21B15F4B0EC212181410B0C3
:1048C0001307B2360259423051632A06101F2312D1
:1048D000181410B01307B13602632A060F1F2312F3
:1048E00018140FB01307B13602633A060E1F2112D7
:1048F00022B1340180425057C21218140DB0130770
:104900003601B1B25681E5585AD7432B59595163F4
:1049100019040D1F1218140DB01307360163190482
:104920000C1F1218140CB01307360163AA01060BF2
:104930001F201218140BB013073601C2B14446B23F
:104940004343120365B2632A06061F07B1B0180776
:10495000B013071408B11309B1130A360259516391
:10496000080204111B161C1004161D228170161655
:10497000228055161322814C161E32001606502A2C
:1049800001533301160B3202160C3203160D32049A
:10499000160E3205160F320616103207161132089F
:1049A000161232091614320A1615320B16175163F5
:1049B000000203111B161C1003161D51631802017F
:1049C00080511B02161854320010031119340316BB
:1049D000035432011004340216041005161A5163F0
:1049E000004A0608EC4906083C4A0608DA190000A5
:1049F0003A280000F8490608EC240608CDCCCC3D46
:104A00000F0507008D04C9033B031104930015052E
:104A100034052604D204D004D104CF0411000F04BD
:104A200003052A0522054E055900CF02E7041700A9
:104A300016001A0089004000240000000000020057
:104A40006B4B0608484A0608FC4A0608BC4A06089A
:104A5000544A060800000200A64A0608604A0608F2
:104A6000914A0608684A06082104131AB0131082F6
:104A70005522807FEF88F0B013108355ED2302F4A8
:104A8000C1B013108255228100EF4443B1D1C1B1AE
:104A9000631904121AB01310805588F0B0131081F6
:104AA00055ED2302F46300020C11171618100C16B2
:104AB0001932001612320116135163000000020071
:104AC000E44A0608C84A0608DA4A0608D04A060830
:104AD0001104131AB013108255631104121AB01383
:104AE0001080556300020B11171618100B1619329F
:104AF000001612320116135163000000000002007C
:104B0000564B0608084B0608434B0608104B060890
:104B10002104111AB01310C11204B0130FB13402E2
:104B200059B18055B18155F2B18255F2B18355F238
:104B300022817FEFB18455DC4447121C23013401EC
:104B40006551631A060E1A0FB1B0180F121B853487
:104B500001B01810516300020A11171618100A1636
:104B6000193200160E3201161151631802018051DC
:104B70001B02160280511B0316031114110323009C
:104B80003402444E8010042A011B031C04160459ED
:104B9000427D11021305140610073601444E8010A1
:104BA000042A011B071C0416045942631102130551
:104BB0001008D9444E8010042A011B091C04160455
:104BC00059424C111511021305340113041604192E
:104BD00003543200100A3402160A543201100B1129
:104BE0000A3403160B543202100C110A3403160C4B
:104BF000100D161651630000044C0608000000005A
:104C0000104C0608500507000E00F704FE0457007C
:104C100000000200304C06081C4C0608204C060818
:104C20002104020480511B03C11205B1B034026398
:104C30000002013200160251630000004C4C0608CD
:104C4000484C0608F04C0608642E0608FD040700D0
:104C500009050100E104DF045305F5040005010521
:104C600030056C01570376047703520268041F0372
:104C70004605DE04DB045A0542051105ED04360540
:104C800047056A0454025802FC02BE030C05F204F4
:104C90004C05730453010E034905A40012051100CD
:104CA00040054C033105200547007D0035057E0099
:104CB00037057F00C302C4027E04DE0243058D0473
:104CC00019043205E204E304170016001A00210556
:104CD000170430000605020589000305FD034A0597
:104CE000DC036B0051052C052200180517054D0546
:104CF00000000200BF510608FC4C0608B84F060829
:104D00000B4F0608DC4D06084F4D0608104D0608EF
:104D1000B8C4010A2646474849B280DC4345B37F00
:104D2000DC445A124AB13401C1B37FD94446124B14
:104D3000B13401C3B1B2B2B3F22E0255C1B01427DF
:104D4000B1360159B0142836005E5168595163815B
:104D5000D6010C1A444142451280511B0DC5B514B1
:104D60000EB1B236028055C6B5140DB68055360167
:104D7000C7B7141050360159B7141BB5131CB5131F
:104D80001D81360359B7141EB67F55360159B71425
:104D90001FB336015912053400C812021420B8148A
:104DA00021B7B0B436033601B81822480D120214E8
:104DB000238036015E5168594A1D5712021324DFC1
:104DC0004454C9490AB813221425360059B965510B
:104DD000C928095D4A015DB86300000000000200B7
:104DE000EA4E0608E84D0608E34E0608CA4E0608D5
:104DF000B84E0608AA4E0608FC4D0608F8460A21D9
:104E0000462A441250B01836480D120213181430B6
:104E1000B1360167594A235712021324DF445AC49A
:104E20004910B1142E360059B0133644425163B4C0
:104E3000655151C428045D4A015D480BB1143736F1
:104E4000003002C5C64A065940DA80015DB3447697
:104E50004810B31415B5103852101750368401C5D8
:104E60004A24571243DF445DC74913120213391411
:104E70003AB7360159B5142E36005940680251C769
:104E800028075D4A015DB51410503601591204B56A
:104E90002C01B6103B623402C812021420B2B8B81A
:104EA000340236015942E07E51639140040646B017
:104EB00013225E516859516311042E4652B01836C0
:104EC000B0132214253600595163A8440A35464FC1
:104ED0005051B0142E360059B0140636005E516899
:104EE0005951638940043446B063000205113E16EF
:104EF0003F100516403200163432011635320216C4
:104F00002E3203160632041621516388D6010A0A8E
:104F10004142121680100B2A011B0C1C0BC4598035
:104F2000511B0DC5B5140EB0B180B5130F360480FA
:104F300055C6B5140DB68055B68155B682553603A3
:104F4000C7B7141050360159480BB71411B67F5526
:104F50003601594A1B571243DF4454C8490AB81353
:104F60000CB4DC4442B8655151C828085D4A015D63
:104F7000B2446DB252DE444E80511B12C9B91413B3
:104F8000B913143601C2B34342B0C3B21415B710FB
:104F900016B3101750368401C7B714105036015994
:104FA0001204B73401CA120213181419B736016774
:104FB00059BABA2A026300000000020081510608B3
:104FC000C44F06086B510608605106085A5106087E
:104FD0004B5106080E510608F2500608B05006085C
:104FE0007850060842500608EC4F0608C1400428D5
:104FF00046B0132C434B120214238036015E5168D5
:1050000063124AB0132C3401C180C24265120213EC
:10501000181419B0132A36016759B0132A1427B18E
:10502000B2512E02553601C3B351DED34444B2B35C
:10503000E5C2B2124BB13401D743122300B0182C91
:1050400051632A06274647B0132C4361B0132A1434
:1050500027B13601C2B2124BB13401D94442516377
:10506000B251DED34447B1B2512E0255C1B05713ED
:105070002CB1E55A182C5163A9400433462300C1D2
:10508000120213181430B0132A36016759B0132ACC
:1050900014333600C2B251DE44424250B1B2E5C1CF
:1050A000B24447B17F558AD94442B1634212516339
:1050B000B2400632464D2300C24272120213181447
:1050C00030B0132A36016759B0132A142FB13601B4
:1050D000C3B351DED34456124BB334014343124E93
:1050E00065B2B3E5C2B1124BB33401E6C1B1430BB3
:1050F000B263A24006314647120213181430B013AF
:105100002A36016759B0132A1431B1360163B2410E
:10511000062F464D2300C2120213181430B0132A72
:1051200036016759B0132A142FB13601C3B351DECB
:10513000D34454B180DB4442B363124BB3340143D4
:1051400042B263B2B3E5C2420E51639140040646D7
:10515000B0132A142E360059516309042E465163A8
:105160001A062D464CB0132BB15563A301082946EE
:105170002A2BB1B0182AB2B0182B2300B0182C512A
:1051800063080204113E163F100416402C002A0149
:1051900053330016293201162D3202162E32031611
:1051A000067F2A01533304162F32051631320616B4
:1051B0003232071633320816273209162851631087
:1051C00002018110022A011B031C021602595432EB
:1051D000001004340216041104163C1104163D514B
:1051E000512A02533301160A5432021005340216B2
:1051F0000585512A02533303161A807F2A0253333E
:105200000416261104130611041807112611041898
:105210000811261104180951630000002C520608D9
:105220002852060868520608B2260000FC0407004F
:1052300009050100D50411007E04970258052705D1
:105240004D0408047800DB022504F6042C032D032A
:105250005301C302C402170016001A00890032006D
:10526000180517054D050000000002008B530608C5
:1052700074520608785206080000020066530608B9
:10528000845206085353060849530608105306086B
:10529000B8520608AA5206089C520608A8440A14E6
:1052A000181A1B1CB0140A3600639140041318B07E
:1052B000140F36005E516863B942040F18B013062C
:1052C00080DC44C580B01308140E1202131036019E
:1052D00059B0130812021310181148055167594AA2
:1052E000295712021312DF4460C14916B013061287
:1052F000021310D9444A81B01806B0140A36005976
:10530000B16551C128015D4A015D81B01806526343
:1053100019040A18B0130681DC444712192300341B
:105320000165B01308140B36004458B01308140C70
:105330003600B018061202130D140EB01306360113
:1053400059424480B01806516311040918B013067D
:1053500081D9631104051880B018061202140736AB
:1053600000B0180851630002041115161610041637
:105370001732001605320116093202160A320316D8
:105380000F320416133205161451631002018110F6
:10539000022A011B031C0216025954320010043465
:1053A0000216045163000000B8530608B4530608FF
:1053B000105406082A280000FB0407000905010014
:1053C0007204E6043A05F0042D030E03530154055C
:1053D000EF040C052C03A2003D00E5045505730401
:1053E0001D057E0480004603DB022504A900570545
:1053F000FF0421009F04170016001A0094006B00A0
:105400006100330032005E004B050500140500000A
:1054100000000200A85606081C5406086656060836
:10542000EF550608DF550608B4550608305406083F
:10543000000002019B5406083C5406085B54060811
:105440004454060849041A292B00B05F4B0CC112C2
:1054500002140CB136012F14423263B9040C17291F
:105460002929282A250213081205DED34442516354
:105470002500434E1224B4122534024345B42701BB
:10548000424C250181E62701250144425163120265
:105490001318141925023601595163F0CA80C0400F
:1054A00085011406000708B0B7B8200003C2320116
:1054B000B13401C38027071223B334018042C48072
:1054C00057C4B3B455131552DE444EB2B3B4551895
:1054D00015250781E527074269B3B4551315435BCA
:1054E0001224B3B455130812253402434C2500434B
:1054F000481223B33401D127074247122623003430
:10550000016581E5585AD743B67F59591202130EE7
:10551000270850C5250780D84466120525081808B5
:1055200048055167594A19571202130ADF4450C6F9
:10553000490652C5B627075151C628065D4A015D86
:105540001223B334018042DA8057C4B3B455131523
:10555000B2DE445352B3B4551815B54448B3B455EC
:105560001409360059427A1224B3B455130812258F
:105570003402444CB3B4551308130FB3B45642610C
:105580002500444AB3B4551308B3B4564253122409
:105590002507122734024449B3B45513082707429C
:1055A0004081E5585AD743A07F59592507444325E0
:1055B0000765B36300000200CA550608C055060817
:1055C000C4550608090416285163080205111F1660
:1055D0002010051621112232003401161651632ABB
:1055E00006121C1E120BB0B112021313340363DB3C
:1055F00043080B1C1E041202140CB03601C0B1513A
:10560000DE4445B05E5168631202140D12071202A7
:10561000130EB034023601C3480AB2B134015E51F0
:1056200068594A32571202130ADF4469C4491FB449
:10563000130FC5B551DE4448B31409360059B4659B
:10564000B552DE4446B41310815563B5655151C45B
:1056500028045D4A015DB31409360059B35E5168F0
:10566000591202131165D24206071B1C4809B15E8C
:105670005168C252C34A1657121DDF444FC4490530
:1056800051C2B4C35151C428045D4A015DB013082E
:1056900051DE4452B014093600444B1202140AB3CE
:1056A000B23602B0180851631802018110022A01B3
:1056B0001B031C0216025932001607110213042A9A
:1056C00001533301160B3202161254320310053403
:1056D000021605532C005010066233041614516351
:1056E000EC560608000000002C570608FA040700D4
:1056F00009050100D304A003E404C70111007E04DE
:105700009702580524058C00DB0225047800080464
:10571000460052052C032D03A103ED043505260098
:10572000170016001A008900380566030000020001
:105730007F58060838570608D0570608405706080D
:1057400000000200AC5706084C570608A25706088E
:105750008F570608855706087B57060860570608C6
:10576000994004131DB01309434B12021317141868
:10577000B03601675980B0180951631104121D80B9
:10578000B01809516311040D1D81B018095163232C
:1057900008161D1E1FB183D94446B01309B2F46325
:1057A0007F631104081D80B01809516300020611BF
:1057B0001A161B1006161C32001608320116163275
:1057C00002160D3203161232041613516300000044
:1057D000000002005E580608DC5706084B58060811
:1057E000435806081E58060814580608F0570608BD
:1057F000994004131DB013094358B0130B140F1232
:10580000021314360159B0130B1202131418155158
:10581000675952631104121D50B0180951632104D5
:105820000D1D42501202130E140FB0130B1410363C
:1058300000360159B0130B14113600432752B0182B
:1058400009516309040C1DB01309631104081D50AC
:10585000B018091202140A3600B0180B5163000286
:1058600004111A161B1004161C32001608320116F9
:105870000C3202160D320316123204161351632C29
:1058800002018110022A011B031C02160259543224
:1058900000100434021604481580511B05160554E7
:1058A0003201100611051307340316064A0A571170
:1058B00019DF4443594A015D51630000E45806086A
:1058C000C8580608BC590608D45806085A280000CB
:1058D0007229000034310608CDFD00001F000000D1
:1058E00079D70508F90407009A04990497049C04E1
:1058F0008D04620497029602D6024C055301E5041A
:105900002B0519051B05E004D404D70473047E0499
:105910007204EF040C058A0025043E0508040B04FC
:105920007200560578002D0321039B000405A20098
:105930003C05F4041E050D052D0511001705130087
:105940001900D50214043305EA044A04F901FA01E6
:10595000E603E904B204350536058000A2033D05DF
:10596000960047004405EC041F050E056103800402
:105970001C050A0519044F0521002400EB042C0323
:10598000F304170016001A004B054505CE035E0010
:10599000FF046100590036005800DB02290533007E
:1059A000ED0443003F0559053200890040052305F9
:1059B0005B0013057F03280508057B00000002003B
:1059C000985F0608C85906088B5F06087E5F0608C0
:1059D0000C5F0608F25E0608E05E0608FC5C06083E
:1059E000E65C0608BE5C0608645B0608565B0608B3
:1059F000505B0608345A0608295A0608165A060843
:105A0000045A060800022A12083400175B121234E6
:105A100000175E121363080229124D51DE4447122B
:105A2000622302340165124D639280010628606191
:105A300012136300000002001C5B0608405A0608AF
:105A4000125B0608F85A0608EA5A0608D25A0608EF
:105A5000CD5A0608C25A0608BA5A06087A5A0608E3
:105A6000645A06081904246A1213134145041213D8
:105A700013431213B03402595163420643696A1248
:105A80006BB1100E551044120613453482015912A1
:105A90006B1046B11010551047B11010551322105D
:105AA00044120613453482045912061448B1100FEB
:105AB0005512061345360259516300024212131360
:105AC000416311044068B012131841516300023F52
:105AD000516310023E124E51DED3444C125B141A35
:105AE000124E36015951174E516319041B56121BA1
:105AF0001217B0340134016310023D120912273429
:105B000000125A34003402174E121B124E3401593F
:105B10005163110418221218B034016300021311EA
:105B20004F165010131651511641320016183201FB
:105B3000163D3202161B3203163E3204163F320562
:105B400016403206164232071643320816245163B5
:105B500080400227516319042622121B1218B03408
:105B600001340163F103041B5C120C124B2A02C1C5
:105B7000120C125D2A02C281C3427E7FC3125B14E3
:105B80001C3600C4B444531254801203B4131D12C3
:105B900049340034023402C34257125E131E43518B
:105BA00051174DB04445B013154342516383C3426E
:105BB00040125E141FB3360159B380D843BC7F1224
:105BC0005B14203600C4B4174D4822B41321C5B568
:105BD000434BB41322141951360159424D51B41894
:105BE00021B413221423B53601594ACC0157B1DF31
:105BF00044C581C649BA01B4B0DEC7B7445D511788
:105C00004D1257B6125D3402434650B41815B665AE
:105C1000B4131551DE444450B41815B4131544E4BC
:105C200080B4131552DE444CB7444350424151B442
:105C300018154278125FB4131534014450B414158A
:105C4000B4B636025950B4181552C7425F425012CA
:105C50005B141AB413151420360036015952C7B418
:105C60001315141C3600432750B41815B7435012AF
:105C700057B6B234024348125B141AB4360159B60F
:105C8000B418214262B4131551DE445BB5B4182137
:105C9000B5124C100F56B4124C1010561213142497
:105CA000124C3601594240B4B0DE4444B613256369
:105CB0005151C628065D4A015D42BB7D51632104F6
:105CC00018221258B01019340243471259230134D4
:105CD00001651209B0125A34003402C1125B141A61
:105CE000B1360159B163190417561257B01209346D
:105CF000024442B0631218B0340163000000020095
:105D0000B75E0608085D0608A35E06083A5E060848
:105D10001F5E0608105E0608015E0608C05D0608E4
:105D2000245D060862061F6367B01331143CB13668
:105D3000015F4B89013002C2C3B0131E1266B23438
:105D40000155C4B312071335D2EF4456B4805551F0
:105D5000DED3444E125B141AB4805536015951B447
:105D60008056B312071334D2EF4456B4815551DE36
:105D7000D3444E125B141AB4815536015951B48183
:105D800056B4805551DE4450B4815551DE4449B07B
:105D90001437B23601594263B4805551DE444FB0D6
:105DA00013311436B212071335360259424DB0136F
:105DB000311436B21207133436025942F47E51635D
:105DC0006A063B630B51C2B0131E5F4B1FC3B01377
:105DD0001EB3553003C4C5C6B4B1DE4345B5B1DE0C
:105DE0004448B6C2595959594242421FB251DED3B2
:105DF0004449B01437B63601594242424242065134
:105E0000632A063A6364B01432B181360259516391
:105E10002A06396364B01432B180360259516322C4
:105E200006376364B0131E1266B13401535B56B07B
:105E300013311438B136015951634B08326364652C
:105E40001266B13401B0131EDDD3446F5151B12B32
:105E500003C3124DB3B256B3B0131E1266B1340170
:105E600056B013311433B1B280D9444612071334FB
:105E70004244120713353602594261B0131E1266AE
:105E8000B1340155C4124DB4B256B013311436B109
:105E90001207133412071335ED360259B0124D189C
:105EA00021516311042B63120714303600B01831EE
:105EB0002C00B0181E5163000212114F1650101220
:105EC00016513200162B32011632320216373203C7
:105ED00016393204163A3205163B3206161F516344
:105EE0002104165212141255B0228768F43401347A
:105EF0000163B201061452531204124934001254C1
:105F000080B034023402B11815B163000000020001
:105F1000655F0608185F0608545F06084E5F0608AE
:105F2000245F060821042E63B0131551DED34452BA
:105F3000125B141A124DB0131536025951B01815D0
:105F4000516351B0132C182FB0132C655163090401
:105F50002D63B06311042B6351B01815125D34002A
:105F6000B0182C5163000211114F16501011165128
:105F70003200162B3201162D3202162E516300020A
:105F80000D114F1650100D1651516300020C114F98
:105F90001650100C165151632C0201801002100390
:105FA00010042A031B051C0216491C0316031C04BB
:105FB00016045980511B06160680511B0716074808
:105FC0001480100810092A021B0A1C0816081C0954
:105FD0001609594A165981100810092A021B0B1C70
:105FE0000816081C091609594A015D543200100CA4
:105FF000114A3403160C543201100D114B340316A0
:106000000D2C032300100E6251100F62511010620C
:10601000164C543202101134021611111134002A98
:106020000153330316143204161654320510123479
:106030000216123206161732071618512A01533368
:1060400008161B32091626320A162751174D51170A
:106050004E54320B10133402161380802A0253332D
:106060000C1628320D1629320E162A112A34005920
:1060700051630000B060060880600608DC60060816
:106080009C600608AA2A000022270000822900003E
:106090003A2A0000122700001A2700007C32060866
:1060A00003000000070000000100000001000000E4
:1060B000F8040700050009051A0554051D05160515
:1060C000D3042605D50448050E005600E704E8046D
:1060D000FE0420005700CF0258000000000002001C
:1060E0001F610608E8600608EC60060849040C1009
:1060F000120F140DB0513602C1B151DE44461211D7
:10610000B034016512121213B112143400515281CD
:106110003405B03402C2B212143400B056B2631067
:1061200002018110022A011B03692300160E2C0AAA
:10613000100410056210042301621004100662109E
:106140000710086210072302621009100A62100B80
:10615000230362100B230462100B230562100B2330
:106160000662160F3200160C5163000070EE05082F
:10617000CF0400800A0000008C0000004064060884
:10618000B463060899D705089FD70508A5D7050861
:10619000ABD70508B3D70508B9D70508C1D7050897
:1061A000C6D70508D8D70508DDD70508E7D70508FD
:1061B000EFD70508FCD7050810D805081BD8050837
:1061C00024D805082FD8050836D8050849D8050869
:1061D00050D805085DD805086AD8050879D805089B
:1061E00086D805088ED805089AD80508A1D80508CC
:1061F000AAD80508B3D80508C0D80508CDD8050821
:10620000D7D80508DBD80508ECD80508F1D805086B
:10621000FDD8050804D905080FD9050818D90508BF
:106220001FD90508DFB4050827D905083BD905089B
:106230004BD905085CD905086DD905087DD9050835
:1062400050B705088FD90508FEDB050892D9050867
:106250009CD9050875B50508A4D90508BBD905085A
:10626000C8D90508CBD90508B8D80508DAD9050872
:10627000DFD90508E5D90508F8D9050804DA0508C5
:1062800011DA05082BDA050853C0050832DA0508CB
:106290004ADA050850DA05085AD8050853DA05081D
:1062A00052DC050857DA05085BDA050893BC0508D7
:1062B00064DA05086ADA050871DA0508C1D9050843
:1062C00079DA050888DA05089EDA0508ADDA0508E6
:1062D000B2DA0508BBDA0508BFDA0508C6DA050830
:1062E0003FB90508B8CD050806DB0508CCDA050876
:1062F000D6DA0508DEDA050892D20508E6DA0508DE
:10630000F5DA05080BDB050816DB050826DB0508B2
:106310002EDB050837DB05080CD705083EDB050832
:1063200049DB050855DB050845E1050861DB050883
:106330006ADB0508F9D80508EDD805087CDB0508F7
:1063400088DB05089BDB050877D70508A4DB050873
:10635000AFDB0508BFDB0508CBDB0508E1DB050883
:10636000E6DB0508EADB0508E9B50508F7DB050803
:1063700005DC050898D20508FFD9050808DC0508E2
:106380000BDC050817DC05081DDC0508DCBE05086C
:106390002DC8050829DC050835DC05083EDC0508A4
:1063A0004ADC050858DC05085FDC050867DC0508E1
:1063B00071DC050805050507050704110409070C2C
:1063C000130A080A0612060C0C0E0C070B06080826
:1063D0000C0C090310040B060A08060707130F101C
:1063E000100F11040206090703160C020E0704051C
:1063F000120B0C1906041705020203050308090510
:106400000607060E150E0408030605040604090710
:1064100007010E150A0F070806070A0B0B030811E0
:1064200003030B1208010A0F0B1504030C060D02DF
:106430000104020B050B01040B080B0D0607090BE9
:1064400014695D80FD80286FE98A92658EE8A7ABAC
:1064500019E9B95168D8505DE128A46FCB11D6BDB8
:10646000A00B393139D89C9A368B5625664B7C91D6
:106470003F981A5F6AC2C068243383CCD2A9821FB6
:106480005261B3E5FB7EADD81016253252601DD3A4
:1064900045ADB7F776F0016320B666407189B6BCAA
:1064A000336EF9C1EC0A6AA97449E84CB711E46E7D
:1064B00030CFFAD8BEDB095229C593521E2241B310
:1064C0005ADDC8FCF9217549956DB26D6324C9691F
:1064D000DB24FCCBD2EB086B00393A598808034E19
:1064E000BCECC74025357CAF5054C2E426A3AE2394
:1064F0000FBA3924FC7B1DAE6EBCCBB5890CD3BF63
:106500000FD8D86385758020EDA4569679CD1622D4
:10651000C95C638B2C4CD4B9B58B6C89CC61EF937F
:1065200025CED6B5E24F58EF64EFA8149A7DE98DD9
:10653000BFF859D45AE8EC70D1B5289E936FE9DEC4
:10654000430817D9D3B58E55E3722A9FCB61241B1C
:10655000F9ECEE798755CBF3000000000000000055
:10656000103306080000F4000102000000000000E3
:106570000000000319AE0308A1AD030880650608FA
:10658000442006082F000000050000009065060862
:10659000C2210000B8650608C2150000FFFF010017
:1065A0006A0A0000010200005A0A0000030200000B
:1065B000620A000005020000F0250608C9AF0308C2
:1065C0000C0A0806A825060808000800DDAF030825
:1065D0005B040301000000005D04030100000000F3
:1065E0006D030202801A06009F04020250C30000DD
:1065F00010330608000074020102000000000000D1
:106600000003000429B70308B1B4030814660608A0
:1066100030660608C1B60308B7B5030893B6030889
:10662000EDB7030863B603081DB8030800000000B7
:10663000442006086F0000000D00000040660608B8
:10664000D21C000048670608C22200004067060806
:106650009204000038670608B2040000306706089C
:10666000F203000024670608220500001C670608E4
:10667000F221000010670608FA21000004670608EE
:106680005A260000F86606086A260000EC6606082E
:1066900002220000C06606080A220000B46606084E
:1066A00062260000A8660608A8250608FFFF03006A
:1066B00089B30308A8250608FFFF030039B30308C0
:1066C000A8250608FFFF0300E1B20308E202020169
:1066D00000000000DB03020100000000ED020301E6
:1066E00000000000E502020208000000A8250608DC
:1066F00008000600FDB30308A825060808000600E8
:10670000B9B10308A82506080800060071B10308FE
:10671000A82506080800060005B20308D8250608C3
:1067200025B10308A825060806000400C9B003081F
:10673000F025060833B50308F025060811B503084F
:10674000F02506088BB00308A8250608FFFF030004
:10675000EDB403085B00030100000000E202020147
:1067600000000000E502020207000000D10303025E
:1067700006000000D5030202080000007F030300AA
:1067800006000000A20402003000000080030100A7
:1067900000000000103306080000B30101020000F1
:1067A00000030000000000045DBB0308A1BA030859
:1067B0006DBA0308B86706084420060857000000B1
:1067C0000A000000C8670608B2190000346806080D
:1067D000F20300002C680608220500002468060861
:1067E0001A1D000018680608420E00000300000091
:1067F0004A0E0000050000006A0E000009000000BB
:10680000920E000011000000520E00002100000056
:106810005A0E000041000000A8250608FFFF0300F3
:106820008DB90308D825060821BA0308D82506081B
:1068300047BA0308F0250608C9BA03089467060892
:10684000005400401F00200040CA06082CCA060859
:10685000946706080058004021002200F0C906088D
:1068600004CA060894670608005C00404800490016
:1068700058CB060818CA06080000000000000000F7
:10688000000000000000000000000000D1B8030874
:10689000F9B80308AC68060804000000AC680608F4
:1068A00002000000AC680608010000001033060872
:1068B0000000D10300010000000002000000000001
:1068C0001DBF0308C5BE0308A8250608060004006E
:1068D00075BF03086D030200FFFFFFFF4B030202B9
:1068E000FFFFFFFF4A030202FFFFFFFF9F030202B9
:1068F000FFFFFFFF103306080000FF010102000048
:106900000000000000000003D5C303082DC00308E9
:1069100014690608442006082F0000000500000046
:1069200024690608D21C000078690608B219000024
:10693000706906086A1B0000646906085A1A00009C
:1069400058690608521A00004C690608A82506086E
:1069500004000200D5C00308A825060804000200B0
:1069600069C30308A82506080400020091C20308B1
:10697000F0250608F5BF0308A8250608FFFF030059
:1069800055C30308F468060801000000F46806080F
:1069900001010000F468060801020000F46806081E
:1069A00001030000F468060802000000F46806080D
:1069B00002010000F468060802020000F4680608FC
:1069C00002030000F468060803000000F4680608EB
:1069D00003010000F468060803020000F4680608DA
:1069E00003030000F468060804000000F4680608C9
:1069F00004010000F468060804020000F4680608B8
:106A000004030000F468060805000000F4680608A6
:106A100005010000F468060805020000F468060895
:106A200005030000F468060809000000F468060881
:106A300009010000F468060809020000F46806086D
:106A400009030000F46806080A000000F46806085C
:106A50000A010000F46806080A020000F46806084B
:106A60000A030000F46806080B000000F46806083A
:106A70000B010000F46806080B020000F468060829
:106A80000B0300001033060800007302010002002F
:106A90000000000000030004D5C5030809C703086F
:106AA000A86A0608AC6A0608DDC603084420060882
:106AB0001F00000003000000BC6A06081205000069
:106AC000E46A0608F21F0000DC6A0608EA1F0000FC
:106AD000D46A0608F0250608BDC50308F025060897
:106AE000C9C50308A8250608040002003DC703081D
:106AF000F902020020A107001304020200000000B6
:106B00000C04020200000000FD0202020800000066
:106B100065030202000000005A04030200000000A6
:106B2000E903030200000000E0030302000000008C
:106B3000F9020200FFFFFFFF13040200FFFFFFFF47
:106B40000C040200FFFFFFFF65030202FFFFFFFFCF
:106B50005A04030200000000E903030200000000E1
:106B6000E003030200000000103306080000750275
:106B70000102000000000000000300046DC90308CA
:106B800085C803088C6B0608986B060801C90308C2
:106B9000000000007DC803084420060847000000EC
:106BA00008000000A86B0608D21C0000186C06083C
:106BB000B2190000106C0608EA030000046C060815
:106BC000F2030000F86B060822050000F06B0608CF
:106BD00032260000E86B06081A0F000001000000D2
:106BE000F20E000001010000C02506083DC80308A0
:106BF000D82506081BC80308A825060806000400B7
:106C0000DFC70308A8250608060004009BC7030881
:106C1000F025060871C70308A8250608FFFF030032
:106C200051C70308E4030202020000000D0303023F
:106C3000000000000A040202FFFFFFFF96040202A8
:106C4000E80300006D030302060000008003010258
:106C50000000000044200608270000000400000097
:106C6000646C0608D21C00008C6C0608B219000087
:106C7000846C06087A0F000003000000AA0F0000D1
:106C800005000000F0250608F5C90308A825060838
:106C9000FFFF030039CB03081033060800009902F8
:106CA000010200000000000000000003D1CA030838
:106CB00001CA0308546C0608F9020201802500008D
:106CC000FD020200080000000504030006000000A9
:106CD00096000200010000006903020200000000AB
:106CE0009F04020200000000A00402020000000055
:106CF00057040202FFFFFFFF3104020240000000C0
:106D00001033060880019B02010200000000000011
:106D10000003000451CE030845CF0308246D060884
:106D2000346D0608E3CD030841CD030805CF030801
:106D300000000000442006088F0000001100000041
:106D4000446D0608D21C0000086E0608B219000047
:106D5000006E0608521B0000BC330608EA03000060
:106D600030340608FA030000F4330608F20300008A
:106D7000003406082205000018340608DA01000075
:106D8000F86D060822250000F06D06082A23000091
:106D9000E86D0608EA210000E06D060852260000B2
:106DA000D86D06081A1D0000CC6D06085A120000A6
:106DB00001020000920A0000010400008A0E000097
:106DC00021000000820E000041000000A8250608F6
:106DD000FFFF0300A1CC0308D825060889CD0308CE
:106DE000F0250608C3CD0308F02506085FCB03088D
:106DF000F02506085BCB0308F025060839CE03080A
:106E0000F025060847CE0308A8250608FFFF030063
:106E10008DCC03085B000200000000009F0402000C
:106E200088130000103306080000BC0201000000B7
:106E3000000000000000000265D00308406E060854
:106E4000442006080F00000001000000506E0608F4
:106E5000021B0000586E0608F025060855D00308EE
:106E6000246E0608C82906086C6E06084420060829
:106E70001F000000030000007C6E0608BA0000003E
:106E8000B2160000BA140000206F0608B214000009
:106E9000006F060811D20308E1D20308F0250608A6
:106EA0001DD30308F025060803D103084420060873
:106EB0002700000004000000BC6E0608422000000D
:106EC000F86E06082A210000EC6E0608C2030000D6
:106ED000E46E060802040000DC6E0608D8250608E9
:106EE00035D10308F025060859D20308A82506085D
:106EF00006000400A5D20308F0250608F9D003080F
:106F00001033060800019602010000000002000391
:106F1000000000004DD1030895D10308946E0608C7
:106F20001033060800009702010000000000000076
:106F30000000000217D10308AC6E0608F803010038
:106F400001000000C82906084C6F06084420060806
:106F500037000000060000005C6F0608BA00000061
:106F6000DA170000621C0000B46F06085A25000002
:106F7000AC6F0608E2160000A46F0608C2170000F6
:106F8000986F0608521900008C6F0608A82506089D
:106F900004000200D5D30308A8250608FFFF03005C
:106FA00009D40308F02506082DD50308F0250608A6
:106FB000DDD50308A825060804000200E9D503086A
:106FC000000000006410B71DC8206E3BAC30D9260D
:106FD0009041DC76F4516B6B5861B24D3C710550B9
:106FE0002083B8ED44930FF0E8A3D6D68CB361CBE1
:106FF000B0C2649BD4D2D38678E20AA01CF2BDBD95
:1070000010111200080709060A050B040C030D02F3
:107010000E010F00180001002000020028000300EC
:107020003000040038100500401007004820090017
:1070300050200D00593011006930190079402100AD
:10704000894031009A504100BA506100DA608100F5
:10705000FA60C1001B7101015B7181019B8101021A
:10706000DB8101031C9201049C9201061CA3010810
:107070009CA3010C1DB401101DB501181DC60120F3
:107080001DC7013010D8014000D00160C829060892
:10709000947006084420060837000000060000002F
:1070A000A4700608BA000000A21900000A0B000034
:1070B000D470060842090000010000003A100000E8
:1070C000030000001216000005000000520D000031
:1070D00007000000103306080000610101000000F5
:1070E000000000000002000365D6030834710608A2
:1070F000F47006084420060837000000060000006F
:1071000004710608EA0300003C340608F20300009C
:107110000C340608FA030000F43306083A020000B3
:10712000E433060862000000D81C06086A0000006C
:10713000D833060851DE03080000000005D7030815
:1071400000000000C82906084C7106084420060803
:107150005F0000000B0000005C710608BA00000030
:10716000621B00009A0C00000C730608A20C0000C1
:10717000B47106082A0F000001000000120F000081
:10718000010000000A110000030000003A0D000099
:107190000B000000420D0000050000004A0D000039
:1071A0000D000000020F0000070000000A0F0000A1
:1071B00009000000A82506080800060085E5030868
:1071C00044200608670000000C000000D07106088B
:1071D000121B0000B07206081A1B0000A4720608F9
:1071E00082200000987206088A1C00008C72060833
:1071F000F225000080720608322200007472060830
:10720000E21D0000687206087A1A00005C72060827
:10721000AA200000507206080218000044720608F6
:10722000E22200003C7206089A2400003072060830
:10723000A82506080A000800C5E50308C0250608B9
:1072400075E20308A82506080C000800D9ED03081C
:10725000A82506080C000A0033EB0308A825060839
:1072600010000C00F5E90308A82506080C000C0026
:10727000DBE80308A82506080E000C002BE703082E
:10728000A82506080A000A0037E30308A82506080F
:107290000A000A0061E30308A825060808000600A2
:1072A000B5E30308A82506080C000C008BE30308CF
:1072B000D825060815E403080FE003083BE003089F
:1072C00055E00308ABE00308BBE00308C9E003088E
:1072D00075E10308A1E10308A1E6030845DF0308FF
:1072E00079DF030899DF030845DF030879DF030826
:1072F00099DF0308FFE0030827E1030841E10308E1
:10730000B9E10308C7E1030879E60308103306086A
:1073100000009301010000000000000002000003D3
:1073200061E50308B5E50308C07106080000000028
:10733000000000000000004F4F00000000070700A1
:1073400000070700147F7F14147F7F1400242E6B26
:107350006B3A1200006333180C66630000327F4DF5
:107360004D777250000000040603010000001C3E2F
:1073700063410000000041633E1C0000082A3E1CDF
:107380001C3E2A080008083E3E080800000080E075
:1073900060000000000808080808080000000060FD
:1073A0006000000000406030180C0602003E7F497B
:1073B000457F3E000040447F7F40400000627351A3
:1073C000494F460000226349497F360000181814CF
:1073D000167F7F1000276745457D3900003E7F49B5
:1073E000497B3200000303797D07030000367F49A3
:1073F000497F360000266F49497F3E000000002487
:1074000024000000000080E46400000000081C3636
:10741000634141000014141414141400004141632A
:10742000361C080000020351590F0600003E7F4140
:107430004D4F2E00007C7E0B0B7E7C00007F7F4931
:10744000497F3600003E7F4141632200007F7F413B
:10745000633E1C00007F7F4949414100007F7F0956
:1074600009010100003E7F41497B3A00007F7F080F
:10747000087F7F000000417F7F41000000206041C5
:107480007F3F0100007F7F1C36634100007F7F400B
:1074900040404000007F7F060C067F7F007F7F0E0C
:1074A0001C7F7F00003E7F41417F3E00007F7F09BF
:1074B000090F0600001E3F21617F5E00007F7F19DB
:1074C000396F460000266F49497B32000001017F79
:1074D0007F010100003F7F40407F3F00001F3F6071
:1074E000603F1F00007F7F3018307F7F0063771C74
:1074F0001C77630000070F78780F0700006171594F
:107500004D47430000007F7F414100000002060C10
:1075100018306040000041417F7F000000080C06E9
:10752000060C0800C0C0C0C0C0C0C0C0000001033D
:107530000604000000207454547C7800007F7F44CF
:10754000447C380000387C44446C280000387C447B
:10755000447F7F0000387C54545C580000087E7FD4
:10756000090302000098BCA4A4FC7C00007F7F04F7
:10757000047C78000000007D7D0000000040C08099
:1075800080FD7D00007F7F30386C44000000417F2B
:107590007F400000007C7C1830187C7C007C7C04E0
:1075A000047C780000387C44447C380000FCFC24D7
:1075B000243C180000183C2424FCFC00007C7C04C3
:1075C000040C080000485C545474200004043F7FFD
:1075D00044642000003C7C40407C3C00001C3C603B
:1075E000603C1C00001C7C3018307C1C00446C3853
:1075F000386C4400009CBCA0A0FC7C000044647477
:107600005C4C44000008083E77414100000000FF48
:10761000FF000000004141773E080800000203011E
:1076200003020301AA55AA55AA55AA55C829060856
:107630003476060844200608170000000200000007
:1076400044760608BA000000121C00006A230000FD
:10765000547606081033060800006D04010000008F
:107660000000000000000002DDF00308707606084C
:10767000442006081700000002000000807606087B
:10768000FA04000098760608FA19000090760608B9
:10769000F0250608BDF10308D8250608ADF003085B
:1076A000982F8A4291443771CFFBC0B5A5DBB5E96D
:1076B0005BC25639F111F159A4823F92D55E1CABE1
:1076C00098AA07D8015B8312BE853124C37D0C556F
:1076D000745DBE72FEB1DE80A706DC9B74F19BC1B7
:1076E000C1699BE48647BEEFC69DC10FCCA10C24A7
:1076F0006F2CE92DAA84744ADCA9B05CDA88F9768B
:1077000052513E986DC631A8C82703B0C77F59BFF4
:10771000F30BE0C64791A7D55163CA066729291420
:10772000850AB72738211B2EFC6D2C4D130D3853BD
:1077300054730A65BB0A6A762EC9C281852C72927F
:10774000A1E8BFA24B661AA8708B4BC2A3516CC7AD
:1077500019E892D1240699D685350EF470A06A10E6
:1077600016C1A419086C371E4C774827B5BCB03435
:10777000B30C1C394AAAD84E4FCA9C5BF36F2E68D3
:10778000EE828F746F63A5781478C8840802C78C62
:10779000FAFFBE90EB6C50A4F7A3F9BEF27871C665
:1077A000C8290608A8770608442006082700000014
:1077B00004000000B8770608BA0000004A1C000068
:1077C000421C0000E87706083A1C0000E077060833
:1077D000321C0000D8770608F0250608AFF203082F
:1077E000F0250608CDF20308D825060809F303089A
:1077F0006704030206000000C8290608007806088E
:10780000442006082F00000005000000107806083C
:10781000BA000000821D00003A1A000054780608E1
:10782000421A000048780608FA1D00004078060851
:10783000021E000038780608F025060845F7030800
:10784000F0250608F9F30308A8250608FFFF030042
:10785000EDF30308A8250608FFFF0500F3F303086E
:10786000C829060868780608442006083701000081
:107870002600000078780608BA0000004A1E0000C2
:10788000A21E0000A4680608921E00009C6806085C
:107890009A1E00009468060872250000CC7906083C
:1078A000BA230000F03F060812180000EC79060821
:1078B0008A220000DC79060892220000D4790608AA
:1078C0009A1C0000E47906086A1B0000C0790608CB
:1078D000DA1D0000B479060892190000A87906089C
:1078E000F2170000C4650608DA190000DC900608EB
:1078F000F2240000C86806089A130000846A06088B
:10790000A2130000F0650608AA130000686B0608C1
:10791000A2070000606506087A0D0000E0B60608C0
:107920009A0D000094670608FA0F0000F468060834
:10793000D2120000C0B70608DA140000006D060875
:10794000E2150000246E0608CA1C0000F87906083B
:1079500092230000B47906080A1A0000D895060898
:107960008A1A0000CC9506082A10000020AB0608F1
:107970001A110000A8C50608CA140000986C060871
:1079800012100000030000006A0D00000500000056
:10799000EA15000007000000CA0A00000900000004
:1079A0009A12000001000000A8250608020000004D
:1079B000A9FA0308A82506080200000089FA0308AE
:1079C000A825060808000000CDF9030808260608C7
:1079D000C1F903080826060889F7030808260608DF
:1079E000B9F903080826060881F70308A825060840
:1079F0000200000035FB0308A8250608020000006D
:107A000099F70308C82906080C7A060844200608D6
:107A100037000000060000001C7A0608BA000000CB
:107A2000BA1F00002A190000587A0608921C0000AC
:107A30004C7A0608AA220000647A06084A1300005D
:107A4000010000003209000003000000A82506081C
:107A50000200000085FB0308A825060802000000BC
:107A600045FB0308082606083DFB0308C82906084D
:107A7000747A0608442006083F0000000700000052
:107A8000847A0608BA000000FA1F00008A2200006B
:107A9000E47A0608D2210000DC7A0608E221000020
:107AA000D47A06083A260000CC7A06084A26000056
:107AB000C47A06085A190000BC7A0608F0250608A0
:107AC00035FC0308D8250608B7FC0308D8250608A6
:107AD000E1FC0308F025060849FD0308F025060827
:107AE00071FD0308F025060883FD0308C829060870
:107AF000F47A060844200608A700000014000000DD
:107B0000047B0608BA000000122000006224000076
:107B1000307C060852250000A47B06085A040000A9
:107B2000320000009A180000CC840608C21B000036
:107B3000C4840608EA1D0000AC8406080A1F000081
:107B4000A4840608020400009C8406087222000037
:107B500094840608A22200008C8406087A2500007E
:107B60009C840608EA23000084840608FA230000A7
:107B70007C8406084A1A000030840608A21C000013
:107B8000B8840608521F0000E88406084A25000051
:107B9000E0840608CA150000F4840608D215000027
:107BA000C087060808260608D9FD0308A01D060898
:107BB000050000000C7C0608FC7B0608EC7B060830
:107BC000DC7B0608CC7B06081C7C060834310608E2
:107BD000000000002500000043E4050834310608D9
:107BE00000000000150000003CD7050834310608ED
:107BF000000000000600000059E1050834310608C5
:107C000000000000070000000CD70508343106080A
:107C100000000000070000000CD705088E040000DB
:107C2000F90300004D040000B8040000C90300007F
:107C300008260608E1FD0308C8290608407C060856
:107C4000442006082700000004000000507C0608BD
:107C5000BA0000008A2000008A200000847C060808
:107C60003A2100007C7C0608D21D0000707C0608CA
:107C7000A8250608FFFF0100A1FE03080826060844
:107C800099FE0308A8250608FFFF010091FE0308DE
:107C90007C32060802000000B07C0608A07C0608C2
:107CA0003431060800000000050000009EE10508D0
:107CB00034310608000000000600000060E10508FD
:107CC00034310608000000000A00000067E10508E2
:107CD00034310608000000003100000072E10508A0
:107CE000C8290608E87C0608442006084F00000062
:107CF00009000000F87C0608BA00000062210000BC
:107D00008A000000407D0608CA1B0000807D06082E
:107D100002230000747D06086A210000687D0608C1
:107D20005A210000607D0608A2180000587D060850
:107D300062210000507D060862250000487D06088B
:107D400008260608AD000408D825060823FF030806
:107D500008260608C9000408F0250608790004086A
:107D6000D825060869FF0308A825060806000200B2
:107D700095FF0308A8250608020000000500040876
:107D8000F025060845000408C8290608907D060865
:107D9000442006082F00000005000000A07D060812
:107DA000BA00000082210000EA180000C87D060821
:107DB000621E0000287E0608FA2200001C7E0608CB
:107DC00042240000047E0608A825060804000200DC
:107DD000A505040844200608270000000400000050
:107DE000E47D0608621E0000287E0608FA220000D4
:107DF0001C7E06088A040000107E0608422400004B
:107E0000047E0608A82506080A0006006909040879
:107E1000A82506080600040091080408A8250608FD
:107E20000800040087080408A825060808000400C4
:107E30007D080408103306080000CC030001000090
:107E4000000000000000000231010408507E060816
:107E5000442006080F00000001000000607E0608B4
:107E6000F21B0000687E0608D8250608ED0004080D
:107E7000103306080000300400010000000000007C
:107E8000000000023D010408D47D0608C829060848
:107E9000947E0608442006083F000000070000000A
:107EA000A47E0608BA00000012230000122300007E
:107EB0006C7F0608A2200000DC7E0608CA0F0000C6
:107EC00003000000D20F000009000000BA0F0000FC
:107ED00011000000C20F0000210000000826060863
:107EE000110C040810330608800014040000000080
:107EF0000000000100000002FD0E0408007F0608DB
:107F0000442006082F00000005000000107F06082E
:107F100052220000607F060892250000587F060864
:107F2000321F0000507F0608A2200000447F060890
:107F3000121D0000387F0608A8250608060002006A
:107F4000D70E0408A825060804000200770E0408CE
:107F5000C0250608E50B0408D8250608310B0408DF
:107F6000A825060806000400BB0B0408A82506087F
:107F700008000600F90C0408C8290608807F0608D6
:107F800044200608770000000E000000907F0608DD
:107F9000BA000000B2230000B223000038810608B6
:107FA000BA1B000000800608FA0800000500000067
:107FB00002090000150000009212000003000000FA
:107FC00082120000050000008A1200000700000075
:107FD000A2120000FF1F0000C212000009000000F2
:107FE000AA12000041000000B212000011000000BF
:107FF000CA1200000B200000BA1200000D20000081
:10800000A82506080C00040015100408590F0408E0
:10801000710F0408890F04080000000044200608BE
:108020009F000000130000002C800608521600007C
:10803000E43306083A020000E4330608E2170000C1
:1080400030810608F21D000024810608F2160000A7
:108050001C810608FA18000014810608520400006A
:108060000C81060822230000048106083A22000041
:10807000FC80060832230000F4800608422200003B
:10808000EC80060852230000E0800608521E000023
:10809000D480060862230000CC800608422300003A
:1080A000C4800608EA0300003C340608F20300001E
:1080B0000C340608FA030000F43306082205000019
:1080C00024340608D825060881110408D825060896
:1080D00039110408A825060806000200550F0408F7
:1080E000A82506080800080041140408D825060839
:1080F0009D110408C02506084D150408D82506085A
:1081000005120408D825060851120408D8250608C7
:10811000BD120408D8250608E1140408F025060855
:10812000F5120408A825060804000200DB0F040865
:10813000D82506081915040810330608000076042F
:108140000104000000000000000200039513040871
:108150000C8006081C80060805110408C8290608BA
:108160006481060844200608770000000E00000025
:1081700074810608BA000000E2240000E21B00003F
:108180003C8206080A1E00003C8206081A1F0000F6
:1081900034820608E22400002C820608EA2400004B
:1081A00024820608922300001C8206089A230000FD
:1081B00014820608A22300000C820608D2240000C4
:1081C00004820608DA240000FC810608C2240000AC
:1081D000F4810608BA240000E4810608CA240000DD
:1081E000EC810608D825060819180408D8250608C1
:1081F0009915040808260608991704080826060891
:10820000811704080826060869170408F0250608DF
:1082100057170408F025060845170408F025060836
:10822000211704080826060811170408082606085E
:10823000BD170408F025060891160408A8250608AD
:1082400002000000B5150408C82906085082060877
:10825000442006083701000026000000608206085E
:10826000BA0000002A2500003A240000C483060852
:108270008A230000B883060822170000A08306089E
:1082800052180000908306084218000098830608E0
:10829000320F000005000000D20E000001000000B7
:1082A000020A000003000000BA15000001000000EF
:1082B0000215000001000000320E00000100001055
:1082C000EA140000010000201A0E00000100003036
:1082D000F214000001000040220E000001000050D6
:1082E000FA140000010000602A0E00000100007076
:1082F000EA09000001000080D2090000010000909E
:10830000DA090000010000A0C2090000010000B06D
:10831000E2090000010000C0CA090000010000D00D
:10832000FA09000023000000F20900002D000000FF
:108330007A0C0000010000E0820C0000010000F057
:1083400072120000010000308A15000001000020B8
:10835000120E000001000050E21400000100004075
:10836000DA0E0000010000500A1500000100004074
:10837000E20E000001000070121500000100006014
:10838000DA0F0000010000403A09000001000080FF
:10839000D825060889180408D82506086B1804088B
:1083A000F025060855180408426248684969517169
:1083B0002D2D2D2D2D2D6664A82506080400020004
:1083C000ED1B0408103306080000870401020005B5
:1083D0000003040006000000A91904084519040858
:1083E000A91F0408711C0408ED1904084D1C040899
:1083F000C8290608F8830608442006082F00000054
:108400000500000008840608BA000000D22500001C
:10841000521F0000E88406084A250000E084060890
:10842000CA150000F4840608D2150000C0870608AB
:10843000A825060804000200C91F040861030301FF
:1084400006000000E40303004A21000006030200C6
:10845000FFFFFFFF530303000600000001000301BC
:1084600000000000010003010000000043040302BB
:108470000E000000E20303020E000000F0250608D3
:1084800001280408F0250608C1270408F02506087D
:10849000A7270408D825060879270408F025060828
:1084A00061270408F025060825270408A8250608E2
:1084B00002000000F5260408A825060802000000B6
:1084C000912604080826060825230408F025060836
:1084D0004D260408A8250608FFFF010021260408F0
:1084E000F02506088D220408A8250608FFFF0100D4
:1084F00089240408103306080000B90201000000B6
:108500000000000000020003FD2D04081485060889
:1085100018850608952B0408442006086F00000003
:108520000D00000028850608121F0000EC850608D3
:10853000B203000004860608A21C0000E0850608BD
:108540000A1F0000C0850608A2220000D085060888
:108550009A180000B8850608C21B0000B0850608FE
:1085600002040000D885060872220000C8850608AB
:10857000EA230000A8850608FA230000A085060863
:10858000521F0000988506084A25000090850608BD
:10859000F0250608D72A0408C0250608DD2A0408A5
:1085A000D8250608392B0408D8250608B92B040855
:1085B000F0250608952C0408D8250608BD2C0408CB
:1085C000D8250608E52C0408C0250608252F040830
:1085D000D82506080D2F0408D8250608192F0408E9
:1085E000A8250608040002000D2D0408C83206085C
:1085F000F4850608F0250608592E04080304050032
:1086000000010000C0250608612900081033060893
:108610008001980200010000000000000002000339
:10862000412900082C8606086C8606081D290008CA
:10863000ED28000885280008010000001033060816
:108640008001910100010000000000000002000311
:10865000412900085C8606086C8606081D2900086A
:10866000ED280008852800080000000044200608C6
:10867000670000000C0000007C860608EA0300008A
:108680003C340608F20300000C340608FA0300002C
:10869000F433060812220000EC330608220500001D
:1086A00024340608521B0000BC3306083A020000BE
:1086B000E43306080A230000CC33060892240000A5
:1086C000C433060852160000E433060862000000B6
:1086D000D81C06086A000000D833060800050510FB
:1086E0000202160D11161E1313130505050C18169C
:1086F000103306088001980200010000000000000D
:10870000000200032131040810870608508706087C
:10871000473104087D310408C1310408010000001C
:1087200010330608800191010001000000000000E4
:10873000000200032131040840870608508706081C
:10874000473104087D310408C131040800000000ED
:1087500044200608670000000C000000608706083F
:10876000EA0300003C340608F20300000C3406085B
:10877000FA030000F433060812220000EC33060866
:108780002205000024340608521B0000BC330608F2
:108790003A020000E43306080A230000CC3306083E
:1087A00092240000C433060852160000E433060881
:1087B00062000000D81C06086A000000D8330608D2
:1087C000103306080000BA0201000000000000009B
:1087D0000002000375330408E0870608E4870608F2
:1087E000E9360408442006086F0000000D00000070
:1087F000F4870608121F0000C0880608B2030000B4
:10880000B8880608A21C0000AC8806080A1F0000F1
:108810008C880608A22200009C8806089A1800008E
:1088200084880608C21B00007C8806080204000039
:10883000A48806087222000094880608EA23000033
:1088400074880608FA2300006C880608521F00008E
:10885000648806084A2500005C880608F02506089A
:10886000832F0408C02506088F2F0408D825060882
:10887000A52F0408D825060819340408F025060891
:1088800009300408D825060867350408D8250608E5
:1088900053360408C0250608E5340408D825060820
:1088A00063350408D825060843350408A8250608BA
:1088B0000400020075360408C0250608293704089C
:1088C000C8320608C8880608A8250608FFFF010068
:1088D00035330408010003010000000044040202D3
:1088E000200000001A04020220000000C50302025A
:1088F00020000000F103010201000000010004005B
:10890000100040000001000200000100020004000D
:1089100008001000200000002B2E2C3B3D5B5D2F3B
:108920005C222A3A3C3E3F7C7F00809A45418E4142
:108930008F804545454949498E8F9092924F994F76
:10894000555559999A9B9C9D9E9F41494F55A5A568
:10895000A6A7A8A9AAABACADAEAFB0B1B2B3B4B53F
:10896000B6B7B8B9BABBBCBDBEBFC0C1C2C3C4C52F
:10897000C6C7C8C9CACBCCCDCECFD0D1D2D3D4D51F
:10898000D6D7D8D9DADBDCDDDEDFE0E1E2E3E4E50F
:10899000E6E7E8E9EAEBECEDEEEFF0F1F2F3F4F5FF
:1089A000F6F7F8F9FAFBFCFDFEFF01030507090ED7
:1089B00010121416181C1E007D1D0100632C001ED1
:1089C0009601A01E5A01001F0806101F0606201F50
:1089D0000806301F0806401F0606511F0700591FD2
:1089E000521F5B1F541F5D1F561F5F1F601F08062D
:1089F000701F0E00BA1FBB1FC81FC91FCA1FCB1F85
:108A0000DA1FDB1FF81FF91FEA1FEB1FFA1FFB1FFE
:108A1000801F0806901F0806A01F0806B01F04004C
:108A2000B81FB91FB21FBC1FCC1F0100C31FD01F2E
:108A30000206E01F0206E51F0100EC1FF31F010004
:108A4000FC1F4E21010032217021100284210100FF
:108A50008321D0241A05302C2F04602C0201672CAE
:108A60000601752C0201802C6401002D260841FFAF
:108A70001A03000061001A03E0001703F80007035F
:108A8000FF000100780100013001320106013901C7
:108A900010014A012E017901060180014D004302B7
:108AA000810182018201840184018601870187019D
:108AB00089018A018B018B018D018E018F0190014B
:108AC0009101910193019401F6019601970198019A
:108AD00098013D029B019C019D0120029F01A00184
:108AE000A001A201A201A401A401A601A701A7015E
:108AF000A901AA01AB01AC01AC01AE01AF01AF010C
:108B0000B101B201B301B301B501B501B701B801BB
:108B1000B801BA01BB01BC01BC01BE01F701C00133
:108B2000C101C201C301C401C501C401C701C8011B
:108B3000C701CA01CB01CA01CD011001DD0101004D
:108B40008E01DE011201F3010300F101F401F401D1
:108B5000F8012801220212013A020900652C3B02A9
:108B60003B023D02662C3F024002410241024602A6
:108B70000A015302400081018601550289018A01E0
:108B800058028F015A0290015C025D025E025F0290
:108B90009301610262029401640265026602670247
:108BA000970196016A02622C6C026D026E029C01B2
:108BB000700271029D01730274029F0176027702B6
:108BC000780279027A027B027C02642C7E027F02A8
:108BD000A60181028202A90184028502860287021F
:108BE000AE014402B101B20145028D028E028F0234
:108BF00090029102B7017B030300FD03FE03FF0314
:108C0000AC0304008603880389038A03B1031103BC
:108C1000C2030200A303A303C4030803CC0303009D
:108C20008C038E038F03D8031801F2030A00F903A3
:108C3000F303F403F503F603F703F703F903FA0369
:108C4000FA033004200350041007600422018A0450
:108C50003601C1040E01CF040100C004D004440158
:108C6000610526040000C700FC00E900E200E40002
:108C7000E000E500E700EA00EB00E800EF00EE00AE
:108C8000EC00C400C500C900E600C600F400F60010
:108C9000F200FB00F900FF00D600DC00A200A300F8
:108CA000A500A7209201E100ED00F300FA00F10019
:108CB000D100AA00BA00BF001023AC00BD00BC0068
:108CC000A100AB00BB009125922593250225242508
:108CD00061256225562555256325512557255D2596
:108CE0005C255B251025142534252C251C25002505
:108CF0003C255E255F255A25542569256625602576
:108D000050256C2567256825642565255925582536
:108D1000522553256B256A2518250C258825842581
:108D20008C2590258025B103DF009303C003A303A6
:108D3000C303B500C403A6039803A903B4031E220A
:108D4000C603B50329226122B100652264222023D3
:108D50002123F7004822B0001922B7001A227F20F1
:108D6000B200A025A0000000FFFFFFFFFFFFFFFFF4
:108D7000FFFFFFFFFFFFFFFF0100000001000000F9
:108D800000000080DB0F4940DB0F49C0DB0F49BF0B
:108D9000E4CB1640E4CB16C06937AC3168212233EE
:108DA000B40F14336821A2333863ED3EDA0F493F24
:108DB0005E987B3FDA0FC93F000FC93F000F494063
:108DC00000CB9640000FC9400053FB4000CB16413A
:108DD00000ED2F41000F49410031624100537B41BA
:108DE000003A8A4100CB9641005CA34100EDAF41BF
:108DF000007EBC41000FC94100A0D5410031E241D5
:108E000000C2EE410053FB4100F20342003A0A4225
:108E10000083104200CB164200141D42005C234226
:108E200000A5294200ED2F4200363642007E3C422A
:108E300000C74242000F4942A2F9836E4E441529F1
:108E4000FC2757D1F534DDC0DB6295993C43904156
:108E5000FE5163ABDEBBC561B7246E3A424DD2E032
:108E600006492EEA09D1921CFE1DEB1CB129A73E32
:108E7000E88235F52EBB4484E99C7026B45F7E41C0
:108E80003991D639835339F49C845F8BBDF9283BE3
:108E90001FF897FFDE05980FEF2F118B5A0A6D1FF1
:108EA0006D367ECF27CB09B74F463F669E5FEA2DD2
:108EB0007527BAC7EBE5F17B3D0739F78A5292EA8D
:108EC0006BFB5FB11F8D5D0856033046FC7B6BABBF
:108ED000F0CFBC209AF4361DA9E391615EE61B0831
:108EE0006599855F14A068408DFFD8804D73273148
:108EF00006061556CA73A8C960E27BC08C6B0000D9
:108F00000000C93F0000F0390000DA370000A2334A
:108F10000000842E0000502B0000C2270000D02249
:108F20000000C41F0000C61B00004417040000001E
:108F300007000000090000000000003F000000BF23
:108F400000000000DCCFD1350000000000C0153F5C
:108F50000000803F0000C03F103306080000A3035C
:108F60000000010000000000000000026BA90408DE
:108F7000748F060844200608170000000200000055
:108F8000848F0608321B0000A08F060812250000FF
:108F9000948F0608A82506080400020091A804087A
:108FA000F02506087DA804087F03030006000000E2
:108FB000A204020000000000800301000000000085
:108FC000F02506087DAB04085200000010330608A7
:108FD0008001910100010000000000000002000378
:108FE000F9B00408EC8F060844900608BBB00408EA
:108FF000B3B0040899B004080000000014900608FB
:1090000002000000149006080100000014900608F9
:1090100000000000103306088001980200010000E3
:109020000000000000020003F9B0040834900608B4
:109030004490060819B10408D5B0040899B0040892
:1090400001000000442006084F0000000900000055
:10905000549006082A1800009C900608EA030000B5
:109060003C340608F20300000C340608FA03000042
:10907000F433060812220000EC3306082205000033
:10908000243406083A020000D81C060862000000DA
:10909000D81C06086A000000D8330608CC8F0608E2
:1090A000000000001F1E1F1E1F1F1E1F1E1F1F1D52
:1090B00000001F003B005A0078009700B500D40064
:1090C000F300110130014E016D010008040C020A89
:1090D000060E0109050D030B070F0000D825060831
:1090E000EDB50408000610160006101677160508E0
:1090F000FD150508C9130508000000009D130508AB
:1091000053130508F11205080000000000000000DC
:1091100000000000DD120508DD120508DD1205085B
:10912000EB12050805010906A101050719E029E769
:1091300015002501750195088102950175088101C9
:109140009505750105081901290591029501750319
:109150009101950675081500256505071900296513
:109160008100C00005010902A1010901A100050952
:109170001901290315002501950375018102950147
:109180007505810105010930093109381581257FEF
:10919000750895038106C0093C05FF0901150025E6
:1091A0000175019502B12275069501B101C0080B48
:1091B0000002020201000904000001020201000590
:1091C00024001001052401000004240202052406E5
:1091D00000000705820308002009040000020A00BD
:1091E000000007050302400000070583024000005D
:1091F0000904000002080650000705810240000033
:1092000007050102400000080B00020202010009EC
:1092100004000001020201000524001001052401E0
:10922000000004240202052406000007058203084A
:10923000002009040000020A0000000705030240A4
:10924000000007058302400000090400000203013A
:109250000200092111010001224A000705810304CF
:1092600000080705010304000809020000000100CE
:1092700080FA00000004020000000000A825060893
:10928000FFFF0300F52305082D0303010000000084
:109290009F0402028813000069030202FFFFFFFF20
:1092A0007F03030006000000A2040200010000008A
:1092B0008003010000000000E40303010600000039
:1092C00017040202FFFFFFFFBB04020255F000007B
:1092D0000E040202FFFFFFFFF00303024032060804
:1092E0008D0303021C950608103306080000AE0229
:1092F000010000000000000000020003A92E050884
:1093000008930608189306080000000000000000FB
:10931000CB2F0508000000004420060817000000BD
:10932000020000002893060852040000409306083B
:109330003A22000048930608F02506082D2F05085C
:10934000D8250608BD2E0508A8250608FFFF03003E
:10935000392F0508E8920608600A00201033060835
:109360008001B002010200000000000000030004C0
:10937000812E0508712E0508809306089093060833
:10938000B52C0508592E0508892F05080000000096
:10939000442006089F00000013000000A093060868
:1093A000D21C00008C9406084A230000849406080E
:1093B000321D00007C940608DA0100006C94060857
:1093C00052040000509406083A2200004494060813
:1093D000EA0300003C340608F20300000C340608DF
:1093E000FA030000F433060812220000EC330608EA
:1093F00022050000243406083A020000D81C0608A2
:109400001A1D00003894060852160000D81C0608E1
:1094100062000000D81C06086A000000D833060865
:109420005A12000003000000920A0000050000002C
:10943000820E000003000000A8250608FFFF0300BD
:10944000492D0508A8250608FFFF0300C52D0508BE
:10945000A8250608FFFF03000D2E05082D030301B4
:10946000000000009F04020288130000F025060897
:10947000FD2C050808260608A92C0508F025060875
:10948000972C0508D8250608492E0508A8250608A2
:10949000FFFF0300CD2C0508F0250608112D050857
:1094A0005C930608A8160020A8250608FFFF010007
:1094B000253105080100B30288E60508029800007E
:1094C0002000E40100000000039800002100B50224
:1094D0008CE60508009800001100B40294E6050827
:1094E000019800003100B60200000000089800005A
:1094F0007C320608050000000300000003000000A5
:1095000011000000110000000C9506080431060847
:10951000000000003F000000249106087C3206088D
:109520000500000003000000050000000900000025
:1095300011000000389506080431060800000000FC
:109540004A00000064910608200810040C0800205E
:1095500008100810000000005D3305086D33050891
:10956000040309041D3B0508D5390508BD3A050863
:1095700029390508613A0508313A05088D3A050888
:109580009D3905086539050855390508008002022E
:109590001F0000004D6963726F5079207079626F0F
:1095A00061726420466C617368202020312E303057
:1095B00000060000000000000300000000000002A0
:1095C0000083008300000005106E0000A825060837
:1095D000020000007F3D0508082606086F3D0508CB
:1095E0001000186719041E532066246728522A6742
:1095F0003065366738663C5140664865546560643E
:109600006C6578509064A864C064D864FCE4050874
:10961000C601000094A2060804E505082200000027
:1096200071A2060850E70508250A00004B980608B5
:109630005BE705080E0200003C9606085468697353
:109640002069732061204D6963726F507974686F6F
:109650006E20626F6172640D0A0D0A596F75206386
:10966000616E206765742073746172746564207222
:1096700069676874206177617920627920777269FF
:1096800074696E6720796F757220507974686F6E97
:1096900020636F646520696E20276D61696E2E708E
:1096A00079272E0D0A0D0A466F72206120736572AC
:1096B00069616C2070726F6D70743A0D0A202D20F4
:1096C00057696E646F77733A20796F75206E6565A0
:1096D0006420746F20676F20746F2027446576695B
:1096E0006365206D616E61676572272C2072696702
:1096F000687420636C69636B206F6E2074686520EA
:10970000756E6B6E6F776E206465766963652C0D80
:109710000A2020207468656E20757064617465206D
:109720007468652064726976657220736F667477F9
:109730006172652C207573696E67207468652027D7
:109740007079626364632E696E66272066696C6552
:1097500020666F756E64206F6E2074686973206474
:10976000726976652E0D0A2020205468656E20757A
:1097700073652061207465726D696E616C20707212
:109780006F6772616D206C696B65204879706572D6
:109790007465726D696E616C206F7220707574747F
:1097A000792E0D0A202D204D6163204F5320583A09
:1097B000207573652074686520636F6D6D616E64DC
:1097C0003A2073637265656E202F6465762F74741A
:1097D000792E7573626D6F64656D2A0D0A202D20D8
:1097E0004C696E75783A20757365207468652063DE
:1097F0006F6D6D616E643A2073637265656E202FC4
:109800006465762F74747941434D300D0A0D0A4614
:109810006F72206F6E6C696E6520646F6373207069
:109820006C656173652076697369742068747470FF
:109830003A2F2F646F63732E6D6963726F70797442
:10984000686F6E2E6F72672F0D0A003B2057696E8E
:10985000646F777320555342204344432041434D66
:109860002053657475702046696C650D0A3B204273
:1098700061736564206F6E20494E462066696C6591
:109880007320776869636820776572653A0D0A3BD3
:109890002020202020436F70797269676874202827
:1098A00063292032303030204D6963726F736F66E8
:1098B0007420436F72706F726174696F6E0D0A3B32
:1098C0002020202020436F707972696768742028F7
:1098D00043292032303037204D6963726F636869E5
:1098E0007020546563686E6F6C6F677920496E6392
:1098F0002E0D0A3B204C696B656C7920746F2062D9
:109900006520636F7665726564206279207468658E
:10991000204D4C504C20617320666F756E64206141
:10992000743A0D0A3B202020203C687474703A2F52
:109930002F6D73646E2E6D6963726F736F66742E14
:10994000636F6D2F656E2D75732F63633330303306
:1099500038392E61737078234D4C504C3E2E0D0AD1
:109960000D0A5B56657273696F6E5D0D0A53696708
:109970006E61747572653D222457696E646F7773EA
:10998000204E5424220D0A436C6173733D506F7254
:1099900074730D0A436C617373477569643D7B345E
:1099A000443336453937382D453332352D3131433F
:1099B000452D424643312D3038303032424531302A
:1099C0003331387D0D0A50726F76696465723D25BA
:1099D0004D46474E414D45250D0A4C61796F7574D2
:1099E00046696C653D6C61796F75742E696E660DA4
:1099F0000A4472697665725665723D30332F313193
:109A00002F323031302C352E312E323630302E334D
:109A10000D0A0D0A5B4D616E756661637475726542
:109A2000725D0D0A254D46474E414D45253D446525
:109A3000766963654C6973742C204E54616D64368D
:109A4000340D0A0D0A5B44657374696E6174696F45
:109A50006E446972735D0D0A44656661756C744489
:109A60006573744469723D31320D0A0D0A3B2D2D28
:109A70002D2D2D2D2D2D2D2D2D2D2D2D2D2D2D2D16
:109A80002D2D2D2D2D2D2D2D2D2D2D2D2D2D2D2D06
:109A90002D2D2D2D2D2D2D2D2D2D2D2D2D2D2D2DF6
:109AA0002D2D2D2D2D2D2D2D2D2D2D2D2D2D2D2DE6
:109AB0002D2D2D0D0A3B2057696E646F7773203270
:109AC0003030302F58502F536572766572323030F7
:109AD000332F56697374612F536572766572323015
:109AE00030382F37202D203332626974205365635C
:109AF00074696F6E730D0A0D0A5B44726976657244
:109B0000496E7374616C6C2E6E745D0D0A696E63C0
:109B10006C7564653D6D646D6370712E696E660D64
:109B20000A436F707946696C65733D447269766566
:109B300072436F707946696C65732E6E740D0A41BD
:109B400064645265673D447269766572496E7374E8
:109B5000616C6C2E6E742E4164645265670D0A0D43
:109B60000A5B447269766572436F707946696C6509
:109B7000732E6E745D0D0A7573627365722E737940
:109B8000732C2C2C307832300D0A0D0A5B4472692C
:109B9000766572496E7374616C6C2E6E742E4164BE
:109BA000645265675D0D0A484B522C2C4465764C17
:109BB0006F616465722C2C2A6E746B65726E0D0A6F
:109BC000484B522C2C4E544D504472697665722C81
:109BD0002C7573627365722E7379730D0A484B523C
:109BE0002C2C456E756D50726F70506167657333C4
:109BF000322C2C224D73506F7274732E646C6C2C4B
:109C000053657269616C506F727450726F705061FD
:109C1000676550726F7669646572220D0A0D0A5B82
:109C2000447269766572496E7374616C6C2E6E74E1
:109C30002E53657276696365735D0D0A41646453E2
:109C40006572766963653D7573627365722C203049
:109C50007830303030303030322C204472697665C4
:109C600072536572766963652E6E740D0A0D0A5B18
:109C7000447269766572536572766963652E6E7497
:109C80005D0D0A446973706C61794E616D653D25A7
:109C900053455256494345250D0A5365727669630B
:109CA00065547970653D310D0A537461727454794D
:109CB00070653D330D0A4572726F72436F6E747238
:109CC0006F6C3D310D0A5365727669636542696E4A
:109CD0006172793D253132255C7573627365722E30
:109CE0007379730D0A0D0A3B2D2D2D2D2D2D2D2D44
:109CF0002D2D2D2D2D2D2D2D2D2D2D2D2D2D2D2D94
:109D00002D2D2D2D2D2D2D2D2D2D2D2D2D2D2D2D83
:109D10002D2D2D2D2D2D2D2D2D2D2D2D2D2D2D2D73
:109D20002D2D2D2D2D2D2D2D2D2D2D2D2D0D0A3B98
:109D3000202057696E646F77732058502F536572D7
:109D4000766572323030332F56697374612F5365E4
:109D500072766572323030382F37202D20363462DB
:109D600069742053656374696F6E730D0A0D0A5B25
:109D7000447269766572496E7374616C6C2E4E54D0
:109D8000616D6436345D0D0A696E636C7564653DA2
:109D90006D646D6370712E696E660D0A436F707924
:109DA00046696C65733D447269766572436F70797C
:109DB00046696C65732E4E54616D6436340D0A41EC
:109DC00064645265673D447269766572496E737466
:109DD000616C6C2E4E54616D6436342E4164645255
:109DE00065670D0A0D0A5B447269766572436F7090
:109DF0007946696C65732E4E54616D6436345D0D21
:109E00000A7573627365722E7379732C2C2C3078FB
:109E100032300D0A0D0A5B447269766572496E73C1
:109E200074616C6C2E4E54616D6436342E416464E2
:109E30005265675D0D0A484B522C2C4465764C6F79
:109E4000616465722C2C2A6E746B65726E0D0A4803
:109E50004B522C2C4E544D504472697665722C2C0A
:109E60007573627365722E7379730D0A484B522CA9
:109E70002C456E756D50726F70506167657333322B
:109E80002C2C224D73506F7274732E646C6C2C5397
:109E9000657269616C506F727450726F7050616757
:109EA0006550726F7669646572220D0A0D0A5B4413
:109EB0007269766572496E7374616C6C2E4E546172
:109EC0006D6436342E53657276696365735D0D0A71
:109ED000416464536572766963653D757362736549
:109EE000722C20307830303030303030322C2044FA
:109EF0007269766572536572766963652E4E546138
:109F00006D6436340D0A0D0A5B44726976657253CE
:109F10006572766963652E4E54616D6436345D0DED
:109F20000A446973706C61794E616D653D255345D6
:109F30005256494345250D0A536572766963655447
:109F40007970653D310D0A5374617274547970658E
:109F50003D330D0A4572726F72436F6E74726F6C8F
:109F60003D310D0A5365727669636542696E6172AF
:109F7000793D253132255C7573627365722E737974
:109F8000730D0A0D0A3B2D2D2D2D2D2D2D2D2D2D33
:109F90002D2D2D2D2D2D2D2D2D2D2D2D2D2D2D2DF1
:109FA0002D2D2D2D2D2D2D2D2D2D2D2D2D2D2D2DE1
:109FB0002D2D2D2D2D2D2D2D2D2D2D2D2D2D2D2DD1
:109FC0002D2D2D2D2D2D2D2D2D2D2D0D0A3B202010
:109FD00056656E646F7220616E642050726F647596
:109FE000637420494420446566696E6974696F6EC4
:109FF000730D0A0D0A5B536F757263654469736B69
:10A000007346696C65735D0D0A5B536F75726365AA
:10A010004469736B734E616D65735D0D0A5B4465D6
:10A02000766963654C6973745D0D0A254445534335
:10A0300052495054494F4E253D44726976657249E4
:10A040006E7374616C6C2C205553425C5649445FAE
:10A0500066303535265049445F39383030264D4911
:10A060005F30302C205553425C5649445F66303592
:10A0700035265049445F39383030264D495F3031FC
:10A080002C205553425C5649445F66303535265086
:10A0900049445F39383031264D495F30302C2055E6
:10A0A00053425C5649445F66303535265049445F1B
:10A0B00039383031264D495F30312C205553425CC0
:10A0C0005649445F66303535265049445F3938304B
:10A0D000320D0A0D0A5B4465766963654C697374D9
:10A0E0002E4E54616D6436345D0D0A25444553434C
:10A0F00052495054494F4E253D4472697665724924
:10A100006E7374616C6C2C205553425C5649445FED
:10A1100066303535265049445F39383030264D4950
:10A120005F30302C205553425C5649445F663035D1
:10A1300035265049445F39383030264D495F30313B
:10A140002C205553425C5649445F663035352650C5
:10A1500049445F39383031264D495F30302C205525
:10A1600053425C5649445F66303535265049445F5A
:10A1700039383031264D495F30312C205553425CFF
:10A180005649445F66303535265049445F3938308A
:10A19000320D0A0D0A3B2D2D2D2D2D2D2D2D2D2D62
:10A1A0002D2D2D2D2D2D2D2D2D2D2D2D2D2D2D2DDF
:10A1B0002D2D2D2D2D2D2D2D2D2D2D2D2D2D2D2DCF
:10A1C0002D2D2D2D2D2D2D2D2D2D2D2D2D2D2D2DBF
:10A1D0002D2D2D2D2D2D2D2D2D2D2D0D0A3B2020FE
:10A1E000537472696E6720446566696E6974696F3D
:10A1F0006E730D0A0D0A5B537472696E67735D0DA1
:10A200000A4D464746494C454E414D453D227079E1
:10A2100062636463220D0A4D46474E414D453D221F
:10A220004D6963726F507974686F6E220D0A4445F0
:10A23000534352495054494F4E3D225079626F6109
:10A2400072642055534220436F6D6D20506F7274BD
:10A25000220D0A534552564943453D22555342204B
:10A2600053657269616C20447269766572220D0AC9
:10A270000023206D61696E2E7079202D2D20707560
:10A280007420796F757220636F64652068657265EC
:10A29000210D0A002320626F6F742E7079202D2DFE
:10A2A0002072756E206F6E20626F6F7420746F2045
:10A2B000636F6E6669677572652055534220616EE3
:10A2C000642066696C6573797374656D0D0A23206B
:10A2D0005075742061707020636F646520696E2012
:10A2E0006D61696E2E70790D0A0D0A696D706F725D
:10A2F00074206D616368696E650D0A696D706F72B7
:10A3000074207079620D0A237079622E6D61696E16
:10A3100028276D61696E2E707927292023206D61B1
:10A32000696E2073637269707420746F2072756E29
:10A330002061667465722074686973206F6E650DA4
:10A340000A237079622E7573625F6D6F64652827CA
:10A350005643502B4D5343272920232061637420FB
:10A36000617320612073657269616C20616E642085
:10A37000612073746F7261676520646576696365D7
:10A380000D0A237079622E7573625F6D6F646528A4
:10A39000275643502B4849442729202320616374C2
:10A3A00020617320612073657269616C2064657639
:10A3B00069636520616E642061206D6F7573650D42
:10A3C0000A23696D706F7274206E6574776F726B9B
:10A3D0000D0A236E6574776F726B2E636F756E74E2
:10A3E000727928275553272920232049534F20339A
:10A3F0003136362D3120416C7068612D3220636F0B
:10A4000064652C2065672055532C2047422C20443E
:10A41000452C204155206F7220585820666F7220BD
:10A42000776F726C64776964650D0A236E65747763
:10A430006F726B2E686F73746E616D6528272E2E98
:10A440002E2729202320444843502F6D444E53206B
:10A45000686F73746E616D650D0A00006D03030211
:10A460000600000018040202FFFFFFFF0A040202B8
:10A47000FFFFFFFF96040202E8030000E40302026C
:10A480000000000043030202010000000D0303026C
:10A49000060000002F030202000000000403020275
:10A4A000000000008003010201000000E40302013B
:10A4B000000000000D030302060000000F04030269
:10A4C000060000002304020200000000240403022E
:10A4D000060000001C030202000000001304020238
:10A4E000FFFFFFFF442006082F00000005000000CA
:10A4F000F4A406086A1800001CA506081A2100002A
:10A5000030A506082221000024A506087A180000BC
:10A5100030A50608E218000030A50608D825060870
:10A52000ED450508A8250608040002009D4405081D
:10A53000A825060804000200C343050810330608D6
:10A54000000099020102000000000000000000036A
:10A55000854F05086D5005085CA5060844200608CF
:10A5600007010000200000006CA50608D21C0000B6
:10A57000C0A60608B2190000B8A606089218000086
:10A58000ACA6060822190000A0A60608C2230000F7
:10A5900098A606086A1B00008CA60608C2200000C8
:10A5A00080A606085220000074A606086A1800005B
:10A5B0006CA606081A15000001000000020B00003E
:10A5C000210000004A0A000041000000FA0F0000CC
:10A5D0000100000002100000030000006A0F0000EC
:10A5E000050000004A0F000007000000620F000095
:10A5F00009000000720F00000B000000520F000065
:10A600000D0000005A0F00000F000000020E0000B5
:10A6100011000000820B000013000000920B0000EC
:10A62000150000008A0B000017000000720D0000EA
:10A6300001000000EA0E00000500000012110000F9
:10A6400001000000320C0000050000000A0A0000B2
:10A6500015000000220A0000010000001A0A000094
:10A6600003000000120A000005000000D8250608BB
:10A6700095450508A8250608040002001F430508A3
:10A68000A8250608040002007B430508A825060843
:10A6900004000200954C0508F0250608374D050812
:10A6A000A825060804000200A1430508A8250608FD
:10A6B000FFFF0500D9460508F0250608A94605084C
:10A6C000A8250608FFFF03005950050810330608A7
:10A6D00000009A02000100000000000000000002DB
:10A6E00025450508E4A40608190001401C000040A7
:10A6F0001D0400401E080040320C00400000000015
:10A700000000000000000000184001401944014012
:10A710001A48014000000000000000000000000096
:10A72000FF01000060000000000200007000000057
:10A73000ED01000000000000E90100001000000031
:10A74000EC01000020000000EE01000030000000DD
:10A75000EA01000050000000EB0100004000000092
:10A76000C0010000000000007001000001000000B6
:10A7700072010000020000007101000003000000EF
:10A78000103306080000D80101020000000000009C
:10A79000000000033552050829520508A0A7060845
:10A7A000442006082700000004000000B0A70608A7
:10A7B000F21F0000ECA70608EA1F0000E4A7060845
:10A7C0000A250000DCA70608E21C0000D0A7060846
:10A7D000A8250608040002001D530508F0250608F8
:10A7E000E5520508F0250608BD520508F0250608C3
:10A7F0006952050880A70608010000008CC90608F8
:10A80000E40302010000000022040300060000002F
:10A81000E6020200FFFFFFFFA200030200000000AB
:10A82000EA020202FFFFFFFF7F03030006000000B1
:10A83000A2040200000031108003010000000000AB
:10A8400010330608000006020001000000000000AE
:10A8500000000002C15405085CA806084420060850
:10A860001F000000030000006CA80608E2020000C0
:10A8700094A80608921F00008CA806084A2200002F
:10A8800084A80608F0250608D1530508F025060817
:10A89000C7530508F0250608BD530508955505085A
:10A8A00044200608BF01000037000000B0A80608D9
:10A8B000D21C0000D8AA060812050000CCAA06087F
:10A8C000EA1F0000C4AA0608F21F0000BCAA06087E
:10A8D0001A1D0000B0AA0608321E0000C4AA06080D
:10A8E000821C0000BCAA0608921F0000A8AA060845
:10A8F000A21F0000A0AA06083A17000098AA06089E
:10A90000BA20000090AA06087A20000088AA06084B
:10A91000EA1B000080AA0608221F000078AA060889
:10A920001221000070AA06083217000068AA060863
:10A930005A1E00000CAB06085A020000F8AA0608CE
:10A9400082190000E4AA06080A18000048AB0608AD
:10A950004219000060AB06080A0E0000010000006A
:10A960008A0F000003000000820F00002300000097
:10A970001A0900000500000022090000250000005F
:10A980002A09000007000000F20F00000300000089
:10A99000E20F000005000000720E000001002220FE
:10A9A000620E0000010042209A0F00000300000028
:10A9B000920F0000230000001209000005000000B3
:10A9C0000A09000025000000EA0F00000100000055
:10A9D00062080000030000006A0800000300000095
:10A9E00072080000050000007A0800000500000061
:10A9F00082080000050000008A080000070000002F
:10AA000092080000070000009A08000007000000FC
:10AA1000A208000009000000AA08000009000000C8
:10AA2000B208000009000000BA0800000B00000096
:10AA3000C20800000B000000CA0800000D00000062
:10AA4000D20800000F000000DA0800000F0000002C
:10AA5000E20800000F000000EA08000013000000F8
:10AA6000F208000013000000F0250608DB5305087B
:10AA7000F0250608E9530508F0250608F7530508F0
:10AA8000F0250608B3530508F0250608A753050866
:10AA9000F025060899530508F02506080554050811
:10AAA000F025060831540508F02506088F530508DF
:10AAB000A8250608FFFF030081540508F0250608B5
:10AAC00085530508F025060879530508A8250608CA
:10AAD0000400020029560508A8250608FFFF030008
:10AAE0001D570508B0320608ECAA0608A825060876
:10AAF00004000200C5550508B032060800AB060880
:10AB0000A82506080400020061530508B0320608B3
:10AB100014AB0608A82506080400020049530508DE
:10AB200010330608000005020102030000000000C7
:10AB30000004000579580508CD540508E9550508B5
:10AB40009CA80608A0A80608103306080000010308
:10AB5000000000000000000000000001ECC7060833
:10AB60001033060800002803000000000000000069
:10AB7000000000010CC80608FF00000000FF0000F4
:10AB80000B0C0D0E0F10112F38393A3B3C44454643
:10AB900088640240000000060D00000050AC06086A
:10ABA00040640240000000060A00000050AC0608A5
:10ABB000B86002400000000E0700000050AC06081C
:10ABC000B8600240000000020700000050AC060818
:10ABD000B8600240000000000700000050AC06080A
:10ABE00070600240000000060400000050AC06083F
:10ABF00070600240000000000400000050AC060835
:10AC000058600240000000000300000050AC06083D
:10AC1000406002400000000E0200000050AC060838
:10AC200040600240000000060200000050AC060830
:10AC300040600240000000000200000050AC060826
:10AC400010600240000000020000000050AC060846
:10AC500000000000000000000000000000040000F0
:10AC600000000000000000000000000000000000E4
:10AC70000000000003000000000080000000200031
:10AC800010210020BC20002068200020E4030200E6
:10AC900000000000E202020212000000F9020202BB
:10ACA000801A06007503010200000000440301023F
:10ACB000000000008A00030100000000E202020020
:10ACC000FE0000009F0402028813000047040301F5
:10ACD00000000000E2020200FE0000009F040202E9
:10ACE00088130000103306080000AF0101020000C5
:10ACF0000000000000000003F968050899620508DB
:10AD000004AD060844200608670000000C0000009F
:10AD100014AD0608D21C0000E4AD0608B21900000C
:10AD2000DCAD0608221D0000D4AD0608C2220000DA
:10AD3000CCAD060852040000C0AD06083A2200005F
:10AD4000B4AD0608CA1E000080AD0608D21E000081
:10AD500074AD0608520A000001000000B20F0000A6
:10AD600003000000FA0E0000010000007A1200004B
:10AD700003000000A8250608FFFF0300356505084D
:10AD8000A8250608FFFF0300096605082D03030137
:10AD900000000000E202020100000000DB030201EB
:10ADA000000000009F04020288130000E302020278
:10ADB00008000000A8250608FFFF0300E566050857
:10ADC000A8250608FFFF0300B1670508F02506085F
:10ADD000F1610508D825060835620508F025060842
:10ADE00075680508A8250608FFFF030049690508DE
:10ADF000E4AC060810210020C0AB060840AC0608F1
:10AE000064200020E4AC0608BC200020B0AB06089B
:10AE100010AC060865200020E4AC0608682000207D
:10AE2000E0AB060820AC060866200020E4AC06086B
:10AE30000000000000000000000000000000000012
:10AE40001422002090AB0608A0AB0608BC2100200D
:10AE5000F0AB060800AC060864210020D0AB060861
:10AE600030AC0608000000000000000000000000F8
:10AE700000000000000000000000000000000000D2
:10AE80000000000000000000E403020100000000D8
:10AE9000F9020200BD01050018040202FFFFFFFFD6
:10AEA00013040202010000000C0402020000000072
:10AEB0004C00020200000000FD0202020800000037
:10AEC000FB03020200020000650302020000000012
:10AED000950401020000000029030302060000009F
:10AEE0008A000301000000009F0402028813000092
:10AEF00047040301000000009F04020288130000C1
:10AF00008A00030100000000470403000000000065
:10AF10009F040202881300001033060800005A0242
:10AF2000010200000000000000030004D1720508C7
:10AF3000457205083CAF060848AF0608000000004F
:10AF40000000000045710508442006087F0000004D
:10AF50000F00000058AF0608D21C0000FCAF060826
:10AF6000B2190000F4AF0608EA030000046C0608FA
:10AF7000F2030000F86B060822050000F06B0608DB
:10AF800032260000E86B060852040000E8AF06080D
:10AF90003A220000DCAF06081A230000D0AF0608F2
:10AFA000520A000009020000B20F00000100000078
:10AFB000FA0E0000090200007A12000001000000F1
:10AFC0001A0F000001000000F20E00000101000055
:10AFD000A8250608FFFF030059710508A8250608E3
:10AFE000FFFF0300F1710508A8250608FFFF030015
:10AFF00009710508F025060839720508A825060814
:10B00000FFFF03002173050818AF060840AE0608CD
:10B0100018AF06084CAE060818AF060858AE06086A
:10B0200018AF060864AE060818AF060870AE06082A
:10B0300018AF06087CAE06082975050835730508A3
:10B04000100010000001010080008000400040005E
:10B0500020002000000000000100000000000000AF
:10B060000100000057656C636F6D6520746F204DA3
:10B070006963726F507974686F6E210A0A466F7245
:10B08000206F6E6C696E6520646F637320706C65F1
:10B0900061736520766973697420687474703A2FDF
:10B0A0002F646F63732E6D6963726F707974686F4C
:10B0B0006E2E6F72672F0A0A517569636B206F7667
:10B0C000657276696577206F6620636F6D6D616E5E
:10B0D000647320666F722074686520626F617264A9
:10B0E0003A0A20207079622E696E666F2829202026
:10B0F00020202D2D207072696E7420736F6D652075
:10B1000067656E6572616C20696E666F726D6174E1
:10B11000696F6E0A20207079622E64656C617928EF
:10B120006E2920202D2D207761697420666F722092
:10B130006E206D696C6C697365636F6E64730A2051
:10B14000207079622E6D696C6C6973282920202D1E
:10B150002D20676574206E756D626572206F6620A4
:10B160006D696C6C697365636F6E64732073696E6F
:10B17000636520686172642072657365740A2020BB
:10B180007079622E537769746368282920202D2DE9
:10B1900020637265617465206120737769746368E8
:10B1A000206F626A6563740A2020202020202020FE
:10B1B0002020202020202020202020537769746325
:10B1C00068206D6574686F64733A2028292C2063A9
:10B1D000616C6C6261636B2866290A202070796259
:10B1E0002E4C4544286E29202020202D2D206372CE
:10B1F0006561746520616E204C4544206F626A650C
:10B20000637420666F72204C4544206E20286E3D8A
:10B21000312C322C332C34290A20202020202020CD
:10B220002020202020202020202020204C454420A9
:10B230006D6574686F64733A206F6E28292C206FD7
:10B24000666628292C20746F67676C6528292C2076
:10B25000696E74656E73697479283C6E3E290A20A4
:10B26000207079622E50696E2870696E2920202D19
:10B270002D2067657420612070696E2C2065672021
:10B280007079622E50696E2827583127290A2020AC
:10B290007079622E50696E2870696E2C206D2C209A
:10B2A0005B705D29202D2D206765742061207069F9
:10B2B0006E20616E6420636F6E66696775726520CB
:10B2C000697420666F7220494F206D6F6465206D30
:10B2D0002C2070756C6C206D6F646520700A2020C6
:10B2E000202020202020202020202020202020205E
:10B2F0002050696E206D6574686F64733A20696EC2
:10B300006974282E2E292C2076616C7565285B7651
:10B310005D292C206869676828292C206C6F7728A4
:10B32000290A20207079622E457874496E7428703D
:10B33000696E2C206D2C20702C2063616C6C626116
:10B34000636B29202D2D2063726561746520616E09
:10B350002065787465726E616C20696E74657272B6
:10B36000757074206F626A6563740A202070796258
:10B370002E4144432870696E2920202D2D206D61B7
:10B380006B6520616E20616E616C6F67206F626A11
:10B390006563742066726F6D20612070696E0A208B
:10B3A000202020202020202020202020202020209D
:10B3B0002020414443206D6574686F64733A2072A5
:10B3C00065616428292C20726561645F74696D650C
:10B3D00064286275662C2066726571290A202070C7
:10B3E00079622E525443282920202020202D2D2000
:10B3F0006D616B6520616E20525443206F626A65F7
:10B4000063743B206D6574686F64733A2064617483
:10B410006574696D65285B76616C5D290A0A5069FF
:10B420006E7320617265206E756D62657265642051
:10B4300058312D5831322C205831372D5832322C7A
:10B440002059312D5931322C206F722062792074AD
:10B4500068656972204D4355206E616D650A5069BB
:10B460006E20494F206D6F646573206172653A20CC
:10B470007079622E50696E2E494E2C207079622EA2
:10B4800050696E2E4F55542C207079622E50696E83
:10B490002E4F50454E5F445241494E0A50696E202E
:10B4A00070756C6C206D6F646573206172653A20F5
:10B4B0004E6F6E652C207079622E50696E2E50553D
:10B4C0004C4C5F55502C207079622E50696E2E5076
:10B4D000554C4C5F444F574E0A4164646974696F20
:10B4E0006E616C2073657269616C20627573206F88
:10B4F000626A656374733A207079622E4932432818
:10B500006E292C207079622E535049286E292C20E8
:10B510007079622E55415254286E290A0A436F6E83
:10B5200074726F6C20636F6D6D616E64733A0A2084
:10B53000204354524C2D4120202020202020202D1B
:10B540002D206F6E206120626C616E6B206C696EC5
:10B55000652C20656E7465722072617720524550AB
:10B560004C206D6F64650A20204354524C2D4220BC
:10B57000202020202020202D2D206F6E2061206291
:10B580006C616E6B206C696E652C20656E746572E3
:10B59000206E6F726D616C205245504C206D6F644F
:10B5A000650A20204354524C2D4320202020202087
:10B5B00020202D2D20696E74657272757074206163
:10B5C0002072756E6E696E672070726F6772616D42
:10B5D0000A20204354524C2D44202020202020209B
:10B5E000202D2D206F6E206120626C616E6B206CAF
:10B5F000696E652C20646F206120736F6674207201
:10B6000065736574206F662074686520626F61726F
:10B61000640A20204354524C2D4520202020202015
:10B6200020202D2D206F6E206120626C616E6B20BA
:10B630006C696E652C20656E746572207061737420
:10B6400065206D6F64650A0A466F722066757274B4
:10B650006865722068656C70206F6E206120737061
:10B66000656369666963206F626A6563742C207420
:10B670007970652068656C70286F626A290A466F68
:10B68000722061206C697374206F66206176616935
:10B690006C61626C65206D6F64756C65732C2074D1
:10B6A0007970652068656C7028276D6F64756C65AE
:10B6B0007327290A000000005B000301000000005E
:10B6C0005B040302000000005D04030200000000B0
:10B6D0006D030202801A06009F04020250C300009C
:10B6E000103306080000AF01010200000000000056
:10B6F00000030004117A0508A179050804B70608BB
:10B700003066060800000000000000000000000095
:10B7100000000000000000002D7905080000000076
:10B72000E0B606080054004040CA06082CCA0608C5
:10B73000E0B6060800580040F0C9060804CA06082A
:10B74000E0B60608005C004058CB060818CA060898
:10B75000F9020202FFFFFFFF13040202FFFFFFFFD7
:10B760000C040202FFFFFFFFFD020202FFFFFFFFCA
:10B7700065030202FFFFFFFF5B0003010000000002
:10B78000F902020020A107001304020200000000D9
:10B790000C04020200000000FD020202080000008A
:10B7A00065030202000000005A04030200000000CA
:10B7B000E903030200000000E003030200000000B0
:10B7C0001033060800005A020102000000000000C9
:10B7D00000030004A57A0508D97B0508E4B706082C
:10B7E000986B06088D7B0508877B0508757B050827
:10B7F000C0B7060840AE0608C0B706084CAE06083B
:10B80000C0B7060858AE0608C0B7060864AE0608FA
:10B81000C0B7060870AE0608C0B706087CAE0608BA
:10B82000C829060828B80608442006085F01000059
:10B830002B00000038B80608BA00000032210000D2
:10B84000FA1A0000B4B9060812180000EC790608CC
:10B850000A1C0000DC790608CA1C0000F8790608FA
:10B8600072250000CC7906086A1B0000C079060822
:10B870007A220000C08F06082A260000ACB906080C
:10B880000A1A0000D89506088A1A0000CC95060806
:10B89000B2040000B4790608E2230000A879060883
:10B8A0008A0300007C9206088222000090B90608F4
:10B8B0002A190000587A06089A250000A89406085C
:10B8C0007A1C00001C950608721C0000F094060803
:10B8D00072150000E8920608821500005C930608C5
:10B8E0001A1C0000749406086A1C000038930608AD
:10B8F000F21E000004820608721A0000A4B90608AD
:10B90000EA1E0000FC8106086A1A00009CB90608BD
:10B91000C219000014820608322500000C820608B5
:10B9200062240000307C0608521F0000E8840608EC
:10B93000CA1400003CA506081A110000A8C5060894
:10B940002A10000020AB06082A0C000058C4060884
:10B95000C213000048C50608920C000068C606081D
:10B96000C20E000080A706087A0D0000E4AC0608AD
:10B97000D212000018AF0608DA140000006D0608A5
:10B98000A20700005CC70608BA070000E0C6060868
:10B99000A825060802000000297C0508F0250608F5
:10B9A000E97B0508F0250608097C05080826060835
:10B9B000E17B0508F0250608817C0508C8290608F2
:10B9C000C4B90608442006082F070000E50000005F
:10B9D000D4B90608BA0000001A240000A21E000014
:10B9E000A4680608921E00009C6806089A1E0000C3
:10B9F00094680608E213000044C40608EA13000035
:10BA000030C40608F21300001CC40608FA13000034
:10BA100008C406081A110000F4C30608F215000055
:10BA2000E0C306089A0E0000CCC30608F20D000021
:10BA3000B8C30608E2120000A4C30608EA12000018
:10BA400090C30608FA0D00007CC306082A15000002
:10BA500068C30608820D000054C306088A0D000062
:10BA600040C30608920D00002CC306080A1000000F
:10BA700018C30608CA13000004C3060822150000F4
:10BA8000F0C2060832150000DCC20608AA07000052
:10BA9000C8C20608B2070000B4C206086A12000055
:10BAA000A0C20608DA1200008CC20608F2120000DA
:10BAB00078C206085A13000064C20608F20B0000A0
:10BAC00050C20608021400003CC20608D21300004F
:10BAD00028C20608DA13000014C20608FA12000091
:10BAE00000C20608AA0C0000ECC10608B20C000057
:10BAF000D8C10608BA0C0000C4C10608C20C000078
:10BB0000B0C10608CA0C00009CC10608D20C000097
:10BB100088C10608720A000074C1060842100000BD
:10BB200060C106083A0C00004CC10608D20A0000A9
:10BB300038C10608DA0A000024C10608A20A00007B
:10BB4000FCC006087A15000010C106085A0800005B
:10BB500001000000C207000009000000CA07000041
:10BB60001100000032080000190000003A0800002F
:10BB70002100000002080000290000000A0800005F
:10BB80003100000012080000390000001A0800000F
:10BB900041000000DA070000490000002A08000008
:10BBA0005100000042080000590000004A0800004F
:10BBB0006100000052080000690000002208000037
:10BBC00071000000E207000079000000EA070000B1
:10BBD00081000000F207000089000000FA07000061
:10BBE00091000000D207000099000000820A0000C6
:10BBF000010000008A0A0000090000007A0A000023
:10BC000011000000C20A000001000000BA0A000092
:10BC100009000000AA0A000011000000B20A00009A
:10BC200019000000FA0A000001000000EA0A000002
:10BC300009000000F20A000011000000E20A000002
:10BC4000190000000A0C000001000000FA0B0000BF
:10BC5000090000001A0C000011000000020C000096
:10BC600019000000220C000021000000120C00004E
:10BC700029000000420C000001000000520C0000EE
:10BC8000090000006A0C000011000000720C0000A6
:10BC9000190000004A0C0000210000005A0C0000AE
:10BCA00029000000620C000031000000120D0000AD
:10BCB000010000002A0D000009000000220D000014
:10BCC00011000000320D000019000000020D0000FC
:10BCD000210000001A0D000029000000EA0C0000FD
:10BCE000310000000A0D000039000000DA0C0000ED
:10BCF00041000000E20C000049000000FA0C0000C6
:10BD000031000000F20C0000350000008A13000032
:10BD10000100000092130000090000006A130000F7
:10BD20001100000072130000190000007A130000D7
:10BD300021000000821300002900000062130000AF
:10BD400041000000AA0D000001000000B20D00003B
:10BD500009000000CA0D000011000000D20D000013
:10BD600019000000BA0D000021000000DA0D0000EB
:10BD700029000000E20D000031000000A20D0000CB
:10BD800039000000EA0D000041000000C20D000073
:10BD900049000000A20E000001000000AA0E0000F1
:10BDA00009000000B20E000011000000BA0E0000F1
:10BDB000190000001A10000001000000221000000D
:10BDC00009000000DA10000001000000F21000007D
:10BDD00009000000CA10000011000000D21000008D
:10BDE000190000005A10000021000000721000002D
:10BDF000290000008A10000031000000A21000009D
:10BE000041000000BA100000490000004A10000084
:10BE10006100000062100000690000007A1000005C
:10BE2000710000009210000081000000AA100000C4
:10BE30008900000052100000A10000006A100000FC
:10BE4000A900000082100000B10000009A1000005C
:10BE5000C1000000B2100000C9000000C2100000C4
:10BE6000E1000000E2100000E90000000211000003
:10BE700001010000FA10000009010000EA100000B2
:10BE8000190100002A12000001000000FA11000050
:10BE900009000000F2110000110000000212000071
:10BEA000190000000A1200002100000052120000D8
:10BEB00029000000E2110000310000002211000002
:10BEC0003900000032110000410000004A12000059
:10BED000490000001A120000510000001212000078
:10BEE0005900000042120000610000003212000000
:10BEF000690000003A12000071000000EA11000021
:10BF00007900000022120000810000002A110000C8
:10BF1000890000003A110000910000004211000069
:10BF2000A10000009A110000A9000000A211000069
:10BF3000B1000000AA110000B9000000B211000019
:10BF4000C1000000BA110000C9000000C2110000C9
:10BF5000D1000000CA110000D9000000D211000079
:10BF6000E1000000DA110000E90000004A110000C1
:10BF7000F100000052110000F90000005A11000009
:10BF80000101000062110000090100006A110000B7
:10BF90001101000072110000190100007A11000067
:10BFA0002101000082110000290100008A11000017
:10BFB000310100009211000039010000021300005D
:10BFC000010000000A130000090000003A130000FD
:10BFD000110000001A1300001900000012130000E5
:10BFE000210000003213000029000000421300006D
:10BFF0003100000022130000390000002A13000065
:10C00000410000005A14000001000000621400000A
:10C0100009000000A21400001100000072140000CA
:10C0200019000000AA140000210000008214000082
:10C030002900000022140000310000002A14000032
:10C04000390000001A1400004100000052140000E2
:10C050004900000092140000510000000A14000082
:10C06000590000009A140000610000003214000022
:10C07000690000003A140000710000004214000042
:10C08000790000004A140000810000001214000032
:10C09000890000006A140000910000007A1400007A
:10C0A000990000008A140000A10000006A15000039
:10C0B000010000005A150000090000003A150000B8
:10C0C0001100000042150000190000004A15000090
:10C0D0002100000052150000290000006215000038
:10C0E000310000000216000001000000FA150000F7
:10C0F000090000000A16000011000000442706088D
:10C100000A000000020000000CC10608002004E044
:10C11000442706080A0000000200000020C10608AB
:10C1200000000050442706080A000000020000003A
:10C1300034C1060800640240442706080A000000D3
:10C140000200000048C106080060024044270608BB
:10C150000A000000020000005CC10608003C02402A
:10C16000442706080A0000000200000070C106080B
:10C1700000380240442706080A00000002000000C0
:10C1800084C1060800300240442706080A00000067
:10C190000200000098C10608001C0240442706085F
:10C1A0000A00000002000000ACC1060800100240B6
:10C1B000442706080A00000002000000C0C106086B
:10C1C000000C0240442706080A000000020000009C
:10C1D000D4C1060800080240442706080A000000EF
:10C1E00002000000E8C106080004024044270608D7
:10C1F0000A00000002000000FCC106080000024026
:10C20000442706080A0000000200000010C20608C9
:10C2100000500140442706080A0000000200000008
:10C2200024C2060800480140442706080A0000000E
:10C230000200000038C206080044014044270608F6
:10C240000A000000020000004CC206080040014045
:10C25000442706080A0000000200000060C2060829
:10C26000003C0140442706080A00000002000000CC
:10C2700074C2060800380140442706080A0000007E
:10C280000200000088C20608003401404427060866
:10C290000A000000020000009CC2060800300140B5
:10C2A000442706080A00000002000000B0C2060889
:10C2B000002C0140442706080A000000020000008C
:10C2C000C4C2060800230140442706080A000000F3
:10C2D00002000000D8C206080020014044270608DA
:10C2E0000A00000002000000ECC206080014014031
:10C2F000442706080A0000000200000000C30608E8
:10C3000000100140442706080A0000000200000057
:10C3100014C3060800000140442706080A00000074
:10C320000200000028C306080070004044270608E9
:10C330000A000000020000003CC30608005C004048
:10C34000442706080A0000000200000050C3060847
:10C3500000580040442706080A00000002000000C0
:10C3600064C3060800540040442706080A00000081
:10C370000200000078C30608004400404427060875
:10C380000A000000020000008CC3060800400040C4
:10C39000442706080A00000002000000A0C30608A7
:10C3A000003C0040442706080A000000020000008C
:10C3B000B4C3060800380040442706080A000000FD
:10C3C00002000000C8C306080034004044270608E5
:10C3D0000A00000002000000DCC306080030004034
:10C3E000442706080A00000002000000F0C3060807
:10C3F000002C0040442706080A000000020000004C
:10C4000004C4060800280040442706080A0000006B
:10C410000200000018C40608000C0040442706086B
:10C420000A000000020000002CC4060800080040BA
:10C43000442706080A0000000200000040C4060865
:10C4400000040040442706080A0000000200000023
:10C4500054C406080000004010330608000085019F
:10C46000010200000000000000000003217F050819
:10C47000057D050878C40608442006085F00000012
:10C480000B00000088C40608E21D000028C506084D
:10C49000821A000020C50608021A000018C5060806
:10C4A0004A24000010C506085A22000000C50608EC
:10C4B000720E000001002220620E000001004220E6
:10C4C0007A0E000001006220E20B0000010024202F
:10C4D000DA0B000001004420EA0B00000100642098
:10C4E0000F04030100000000E4030201000000004B
:10C4F00022040201000000000D03030100000000FF
:10C50000C832060808C5060808260608A17C0508E2
:10C51000F0250608817D0508F0250608557D0508EB
:10C52000F0250608317D0508F0250608957C0508EC
:10C53000060708090A171717171728282828282870
:10C5400001292A3E4C02030010330608000078023D
:10C55000010203000000000000000004D98105086A
:10C56000CD810508658205086CC5060844200608CB
:10C5700017000000020000007CC50608120500003C
:10C580009CC506086A1800008CC50608D825060850
:10C59000ED810508F025060825820508F025060826
:10C5A0007F82050848C506081033060800002302EC
:10C5B00001000000000000000000000229830508BF
:10C5C000C4C50608442006082F000000050000002E
:10C5D000D4C50608D21C000028C60608CA1C0000E4
:10C5E00020C606087219000014C60608222600009C
:10C5F00008C6060862180000FCC50608A82506083B
:10C60000040002001D890508A8250608080004008A
:10C61000C1870508A825060804000200B58605089C
:10C62000F02506081D830508F0250608A5860508DF
:10C63000A8C5060800000008004000000400000033
:10C6400000000108000001000100000000000208D5
:10C65000000002000300000092000202FFFFFFFF43
:10C660006B000202FFFFFFFF10330608000092017B
:10C670000102000000000000000000038592050890
:10C68000498E050888C60608442006081F000000D9
:10C690000300000098C60608DA210000C4C6060898
:10C6A00042260000B8C606080A1D0000B0C60608EB
:10C6B000C0250608D18E0508A82506080800060032
:10C6C000A9910508A825060808000600D5900508C8
:10C6D00068C606080000FEFF000000000000000021
:10C6E000103306080000F700010000000000000001
:10C6F0000000000221980508FCC606084420060830
:10C700002F000000050000000CC706089221000061
:10C7100054C706089A2100004CC70608A221000051
:10C7200044C70608AA2100003CC70608CA21000029
:10C7300034C70608F025060895990508F02506086F
:10C74000BD990508F025060845990508F025060855
:10C7500005990508D82506085997050810330608D5
:10C760000000F400010200000000000000000003CF
:10C7700045960508999305087CC7060844200608D5
:10C780001F000000030000008CC70608EA03000039
:10C79000BCC70608B2210000B4C70608BA210000D1
:10C7A000A4C70608C8320608ACC70608C025060894
:10C7B0007D940508C0250608E3930508F0250608C2
:10C7C00045970508F8CB0608E4CB0608D0CB060849
:10C7D000BCCB0608A8CB060894CB060880CB06087D
:10C7E0006CCB0608B8CA0608A4CA06084420060886
:10C7F0001700000002000000FCC7060852130000EA
:10C80000F8CB0608CA0E00008CC9060844200608AA
:10C8100027010000240000001CC8060822070000B1
:10C82000F8CB06082A070000E4CB060862070000E0
:10C83000D0CB06086A070000BCCB060872070000D0
:10C84000A8CB06087A07000094CB060882070000F0
:10C8500080CB06088A0700006CCB06089207000010
:10C8600058CB06089A07000044CB060832070000A0
:10C8700030CB06083A0700001CCB06084207000030
:10C8800008CB06084A070000F4CA06085207000051
:10C89000E0CA06085A070000CCCA06084A09000088
:10C8A000B8CA060852090000A4CA06088209000096
:10C8B00090CA06088A0900007CCA0608920900008E
:10C8C00068CA06089A09000054CA0608A2090000AE
:10C8D00040CA0608AA0900002CCA0608B2090000CE
:10C8E00018CA0608BA09000004CA06085A09000056
:10C8F000F0C9060862090000DCC906086A090000E0
:10C90000C8C9060872090000B4C906087A090000FF
:10C91000A0C90608320A00008CC906083A0A0000BD
:10C9200078C90608420A000064C906085A0D0000CA
:10C9300050C90608620D00003CC9060820AB060875
:10C94000AC01020017000000001C02400CCC0608DD
:10C9500020AB0608AB01010007000000001C0240EC
:10C960000CCC060820AB060848010080F20000004D
:10C97000000802400CCC060820AB06084701004026
:10C98000E2000000000802400CCC060820AB0608BC
:10C9900046010020D2000000000802400CCC06082E
:10C9A00020AB06082F010080F102000000040240C5
:10C9B0000CCC060820AB06082E010040E102000066
:10C9C000000402402CCC060820AB06082D010020F4
:10C9D000D1020000000402404CCC060820AB06083F
:10C9E0002C010010C1030000000402406CCC0608BA
:10C9F00020AB06082B010004A10300000004024044
:10CA00009CCC060820AB0608370100029105000007
:10CA100000040240CCCC060820AB06083601000119
:10CA200081040000000402401CCD060820AB06086B
:10CA30003501800071030000000402405CCD06084F
:10CA400020AB0608340140006103000000040240EE
:10CA50008CCD060820AB06083301200051030000EE
:10CA600000040240BCCD060820AB060832011000CD
:10CA70004104000000040240ECCD060820AB06088B
:10CA80003101080031050000000402402CCE0608E8
:10CA900020AB060830010400210000000004024021
:10CAA0007CCE060820AB06082A0102001192020083
:10CAB000000402407CCE060820AB060829010100D4
:10CAC00001820200000402409CCE060820AB06084A
:10CAD000EB000080F005000000000240BCCE06081C
:10CAE00020AB0608EA000040E00000000000024021
:10CAF0000CCF060820AB0608E9000020D00000009B
:10CB0000000002400CCF060820AB0608E800001029
:10CB1000C0020000000002400CCF060820AB06084F
:10CB2000E7000008B0020000000002402CCF060819
:10CB300020AB0608E6000004A0020000000002404E
:10CB40004CCF060820AB0608F3000002900200005C
:10CB5000000002406CCF060820AB0608F20000017E
:10CB600080030000000002408CCF060820AB0608BE
:10CB7000F10080007073020000000240BCCF060884
:10CB800020AB0608F0004000606302000000024095
:10CB9000ECCF060820AB0608EF002000505302003F
:10CBA000000002401CD0060820AB0608EE00100072
:10CBB00040430200000002404CD0060820AB0608AB
:10CBC000ED00080030340200000002407CD006086E
:10CBD00020AB0608EC000400202402000000024004
:10CBE000BCD0060820AB0608E500020010130200C6
:10CBF00000000240FCD0060820AB0608E40001005B
:10CC000000040200000002402CD1060840A80608DB
:10CC10000C010000010001060000014040A80608C8
:10CC200018010000050402000038004040A8060872
:10CC30000C010000010001050000014040A80608A9
:10CC400018010000050402010038004040A8060851
:10CC50000C010000010001040000014040A806088A
:10CC600018010000050402020038004040A8060830
:10CC70000C010000010001090000014040A8060865
:10CC800018010000050402030038004040A806080F
:10CC90001A01000007040302003C004040A80608F7
:10CCA0000D010000010002020000004040A806083B
:10CCB00015010000040102010058004040A80608C8
:10CCC00018010000050402020038004040A80608D0
:10CCD0000F010000020004030008004040A80608FD
:10CCE0001201000003000B000048014040A80608A4
:10CCF00014010000040101000054004040A806088F
:10CD000018010000050402030038004040A806088E
:10CD10001D010000090102000058004040A806085B
:10CD20000F010000020004020008004040A80608AD
:10CD30001101000003000A000044014040A8060859
:10CD400014010000040101010054004040A806083D
:10CD50001E01000009010300005C004040A8060815
:10CD60000F010000020004010008004040A806086E
:10CD700014010000040101000054004040A806080E
:10CD80001B010000070201010010014040A8060835
:10CD90000F010000020004000008004040A806083F
:10CDA00014010000040101010054004040A80608DD
:10CDB0001B010000070201000010014040A8060806
:10CDC0000E010000020003010004004040A8060814
:10CDD00017010000050401000030014040A80608CA
:10CDE0001901000006040300003C004040A80608AA
:10CDF0000E010000020003000004004040A80608E5
:10CE000017010000050401010030014040A8060898
:10CE10001901000006040301003C004040A8060878
:10CE20001E01000009010300005C004040A8060844
:10CE30000D010000010002010000004040A80608AA
:10CE400017010000050401020030014040A8060857
:10CE50001901000006040302003C004040A8060837
:10CE60001B010000070201010010014040A8060854
:10CE70001D010000090102000058004040A80608FA
:10CE80000C010000010001060000014040A8060856
:10CE90000E010000020003030004004040A8060841
:10CEA0000C010000010001050000014040A8060837
:10CEB0000E010000020003020004004040A8060822
:10CEC0000D010000010002000000004040A806081B
:10CED0000D010000010002080000004040A8060803
:10CEE00017010000050401030030014040A80608B6
:10CEF0001901000006040303003C004040A8060896
:10CF00001B010000070201000010014040A80608B4
:10CF10000C010000010001080000014040A80608C3
:10CF20001B010000070201030010014040A8060891
:10CF30000C010000010001030000014040A80608A8
:10CF40001B010000070201020010014040A8060872
:10CF50000C010000010001020000014040A8060889
:10CF60001B010000070201010010014040A8060853
:10CF70000C010000010001010000014040A806086A
:10CF80001B010000070201000010014040A8060834
:10CF90000C010000010001000000014040A806084B
:10CFA0001601000004010301005C004040A80608CF
:10CFB0001B010000070201040010014040A8060800
:10CFC0000C010000010001040000014040A8060817
:10CFD0000E010000020003010004004040A8060802
:10CFE00017010000050401000030014040A80608B8
:10CFF0000C010000010001090000014040A80608E2
:10D000000E010000020003000004004040A80608D2
:10D0100017010000050401010030014040A8060886
:10D020000D010000010002000000004040A80608B9
:10D030000D010000010002080000004040A80608A1
:10D0400017010000050401020030014040A8060855
:10D0500017010000050401030030014040A8060844
:10D060001901000006040303003C004040A8060824
:10D070001C010000070202040044004040A806080A
:10D080000D010000010002030000004040A8060856
:10D090001001000002000503000C004040A8060833
:10D0A00013010000030009010040014040A80608E8
:10D0B0001C010000070202010044004040A80608CD
:10D0C0000D010000010002020000004040A8060817
:10D0D0001001000002000502000C004040A80608F4
:10D0E00013010000030009000040014040A80608A9
:10D0F0001C010000070202000044004040A806088E
:10D100000D010000010002010000004040A80608D7
:10D110001001000002000501000C004040A80608B4
:10D120001C010000070202030044004040A806085A
:10D130000D010000010002000000004040A80608A8
:10D140000D010000010002080000004040A8060890
:10D150001001000002000500000C004040A8060875
:0CD160001C010000070202020044004015
:08D16C006ECDFE7F0100000002
:10D174000024F4006D70792D73746D333200000057
:10D18400000000000000000000000000000000009B
:10D194000000000000585800FFFFFFFF01000000DE
:04D1A4000000803FC8
:0400000508020119D3
:00000001FF
